solid OpenSCAD_Model
  facet normal 0.86784 0.41801 0.268554
    outer loop
      vertex 106.571 84.3053 31.9011
      vertex 98.0342 77.5518 70
      vertex 108.982 81.1636 29
    endloop
  endfacet
  facet normal 0.867831 0.418012 0.26858
    outer loop
      vertex 108.982 81.1636 29
      vertex 113.72 89.9601 0
      vertex 107.221 84.8196 29
    endloop
  endfacet
  facet normal 0.867869 0.417943 0.268565
    outer loop
      vertex 108.982 81.1636 29
      vertex 141.237 32.8204 0
      vertex 113.72 89.9601 0
    endloop
  endfacet
  facet normal 0.867869 0.417949 0.268556
    outer loop
      vertex 141.237 32.8204 0
      vertex 108.982 81.1636 29
      vertex 98.0342 77.5518 70
    endloop
  endfacet
  facet normal 0.86787 0.417949 0.268552
    outer loop
      vertex 121.756 28.2935 70
      vertex 131.578 34.2426 29
      vertex 98.0342 77.5518 70
    endloop
  endfacet
  facet normal 0.867879 0.417931 0.268552
    outer loop
      vertex 131.578 34.2426 29
      vertex 121.756 28.2935 70
      vertex 132.351 30.7556 31.9285
    endloop
  endfacet
  facet normal 0.867872 0.417938 0.268565
    outer loop
      vertex 131.578 34.2426 29
      vertex 141.237 32.8204 0
      vertex 98.0342 77.5518 70
    endloop
  endfacet
  facet normal 0.867873 0.417935 0.268565
    outer loop
      vertex 141.237 32.8204 0
      vertex 131.578 34.2426 29
      vertex 133.166 30.945 29
    endloop
  endfacet
  facet normal -0.620382 0.7843 -5.80176e-06
    outer loop
      vertex 104.308 82.5152 0
      vertex 107.221 84.8196 29
      vertex 113.72 89.9601 0
    endloop
  endfacet
  facet normal -0.62041 0.784277 7.85727e-06
    outer loop
      vertex 106.571 84.3053 31.9011
      vertex 88.6229 70.1069 70
      vertex 98.0342 77.5518 70
    endloop
  endfacet
  facet normal -0.620421 0.784269 0
    outer loop
      vertex 106.571 84.3053 29
      vertex 88.6229 70.1069 70
      vertex 106.571 84.3053 31.9011
    endloop
  endfacet
  facet normal -0.620493 0.784212 1.23103e-05
    outer loop
      vertex 107.221 84.8196 29
      vertex 104.308 82.5152 0
      vertex 106.571 84.3053 29
    endloop
  endfacet
  facet normal -0.620417 0.784272 2.66684e-06
    outer loop
      vertex 106.571 84.3053 29
      vertex 104.308 82.5152 0
      vertex 88.6229 70.1069 70
    endloop
  endfacet
  facet normal -0.867871 -0.417948 -0.268552
    outer loop
      vertex 104.308 82.5152 0
      vertex 129.548 30.1042 0
      vertex 88.6229 70.1069 70
    endloop
  endfacet
  facet normal -0.867872 -0.417941 -0.268557
    outer loop
      vertex 129.548 30.1042 0
      vertex 110.067 25.5773 70
      vertex 88.6229 70.1069 70
    endloop
  endfacet
  facet normal 0.226342 -0.974048 -7.64139e-07
    outer loop
      vertex 129.548 30.1042 0
      vertex 121.756 28.2935 70
      vertex 110.067 25.5773 70
    endloop
  endfacet
  facet normal 0.226352 -0.974046 0
    outer loop
      vertex 121.756 28.2935 70
      vertex 132.351 30.7556 29
      vertex 132.351 30.7556 31.9285
    endloop
  endfacet
  facet normal 0.226355 -0.974045 7.30687e-07
    outer loop
      vertex 129.548 30.1042 0
      vertex 132.351 30.7556 29
      vertex 121.756 28.2935 70
    endloop
  endfacet
  facet normal 0.226361 -0.974044 1.15393e-07
    outer loop
      vertex 129.548 30.1042 0
      vertex 133.166 30.945 29
      vertex 132.351 30.7556 29
    endloop
  endfacet
  facet normal 0.226342 -0.974048 2.58496e-06
    outer loop
      vertex 133.166 30.945 29
      vertex 129.548 30.1042 0
      vertex 141.237 32.8204 0
    endloop
  endfacet
  facet normal 0.850476 0.409572 0.330064
    outer loop
      vertex 121.756 28.2935 70
      vertex 98.0342 77.5518 70
      vertex 64.3105 50.874 190
    endloop
  endfacet
  facet normal 0.850477 0.409567 0.330066
    outer loop
      vertex 79.8718 18.5605 190
      vertex 121.756 28.2935 70
      vertex 64.3105 50.874 190
    endloop
  endfacet
  facet normal -0.62041 0.784277 2.22571e-06
    outer loop
      vertex 88.6229 70.1069 70
      vertex 64.3105 50.874 190
      vertex 98.0342 77.5518 70
    endloop
  endfacet
  facet normal -0.620415 0.784273 5.37339e-07
    outer loop
      vertex 64.3105 50.874 190
      vertex 88.6229 70.1069 70
      vertex 54.8992 43.429 190
    endloop
  endfacet
  facet normal -0.850479 -0.409565 -0.330064
    outer loop
      vertex 88.6229 70.1069 70
      vertex 110.067 25.5773 70
      vertex 54.8992 43.429 190
    endloop
  endfacet
  facet normal -0.850478 -0.409569 -0.330062
    outer loop
      vertex 110.067 25.5773 70
      vertex 68.1833 15.8443 190
      vertex 54.8992 43.429 190
    endloop
  endfacet
  facet normal 0.226351 -0.974046 2.32945e-07
    outer loop
      vertex 110.067 25.5773 70
      vertex 79.8718 18.5605 190
      vertex 68.1833 15.8443 190
    endloop
  endfacet
  facet normal 0.226342 -0.974048 -2.20336e-06
    outer loop
      vertex 110.067 25.5773 70
      vertex 121.756 28.2935 70
      vertex 79.8718 18.5605 190
    endloop
  endfacet
  facet normal 0.894678 0.430855 -0.117963
    outer loop
      vertex 75.2903 59.5598 305
      vertex 93.5085 21.7294 305
      vertex 64.3105 50.874 190
    endloop
  endfacet
  facet normal 0.894679 0.430853 -0.117963
    outer loop
      vertex 93.5085 21.7294 305
      vertex 79.8718 18.5605 190
      vertex 64.3105 50.874 190
    endloop
  endfacet
  facet normal -0.620415 0.784273 -4.24202e-08
    outer loop
      vertex 64.3105 50.874 190
      vertex 65.879 52.1148 305
      vertex 75.2903 59.5598 305
    endloop
  endfacet
  facet normal -0.620415 0.784273 -4.24202e-08
    outer loop
      vertex 65.879 52.1148 305
      vertex 64.3105 50.874 190
      vertex 54.8992 43.429 190
    endloop
  endfacet
  facet normal -0.894678 -0.430855 0.117963
    outer loop
      vertex 81.8199 19.0132 305
      vertex 65.879 52.1148 305
      vertex 54.8992 43.429 190
    endloop
  endfacet
  facet normal -0.894678 -0.430855 0.117963
    outer loop
      vertex 68.1833 15.8443 190
      vertex 81.8199 19.0132 305
      vertex 54.8992 43.429 190
    endloop
  endfacet
  facet normal 0.226351 -0.974046 -3.28045e-08
    outer loop
      vertex 79.8718 18.5605 190
      vertex 81.8199 19.0132 305
      vertex 68.1833 15.8443 190
    endloop
  endfacet
  facet normal 0.226349 -0.974046 -1.54465e-17
    outer loop
      vertex 93.5085 21.7294 305
      vertex 81.8199 19.0132 305
      vertex 79.8718 18.5605 190
    endloop
  endfacet
  facet normal 0.858818 0.41358 -0.302296
    outer loop
      vertex 105.877 83.756 425
      vertex 131.496 30.5569 425
      vertex 75.2903 59.5598 305
    endloop
  endfacet
  facet normal 0.858817 0.413585 -0.302293
    outer loop
      vertex 131.496 30.5569 425
      vertex 93.5085 21.7294 305
      vertex 75.2903 59.5598 305
    endloop
  endfacet
  facet normal -0.620415 0.784273 1.97527e-07
    outer loop
      vertex 75.2903 59.5598 305
      vertex 96.4657 76.311 425
      vertex 105.877 83.756 425
    endloop
  endfacet
  facet normal -0.620415 0.784273 1.97527e-07
    outer loop
      vertex 96.4657 76.311 425
      vertex 75.2903 59.5598 305
      vertex 65.879 52.1148 305
    endloop
  endfacet
  facet normal -0.858814 -0.413588 0.302296
    outer loop
      vertex 119.808 27.8408 425
      vertex 96.4657 76.311 425
      vertex 65.879 52.1148 305
    endloop
  endfacet
  facet normal -0.858816 -0.413584 0.302298
    outer loop
      vertex 81.8199 19.0132 305
      vertex 119.808 27.8408 425
      vertex 65.879 52.1148 305
    endloop
  endfacet
  facet normal 0.226349 -0.974046 -6.88789e-07
    outer loop
      vertex 93.5085 21.7294 305
      vertex 119.808 27.8408 425
      vertex 81.8199 19.0132 305
    endloop
  endfacet
  facet normal 0.226352 -0.974046 -1.40892e-06
    outer loop
      vertex 131.496 30.5569 425
      vertex 119.808 27.8408 425
      vertex 93.5085 21.7294 305
    endloop
  endfacet
  facet normal 0.879601 0.423584 -0.216512
    outer loop
      vertex 125.484 99.2664 535
      vertex 155.847 36.2156 535
      vertex 105.877 83.756 425
    endloop
  endfacet
  facet normal 0.8796 0.423588 -0.21651
    outer loop
      vertex 155.847 36.2156 535
      vertex 131.496 30.5569 425
      vertex 105.877 83.756 425
    endloop
  endfacet
  facet normal -0.620428 0.784264 4.34902e-06
    outer loop
      vertex 105.877 83.756 425
      vertex 116.073 91.8214 535
      vertex 125.484 99.2664 535
    endloop
  endfacet
  facet normal -0.620415 0.784273 2.51589e-06
    outer loop
      vertex 116.073 91.8214 535
      vertex 105.877 83.756 425
      vertex 96.4657 76.311 425
    endloop
  endfacet
  facet normal -0.879599 -0.423588 0.216514
    outer loop
      vertex 144.159 33.4995 535
      vertex 116.073 91.8214 535
      vertex 96.4657 76.311 425
    endloop
  endfacet
  facet normal -0.879596 -0.423596 0.21651
    outer loop
      vertex 119.808 27.8408 425
      vertex 144.159 33.4995 535
      vertex 96.4657 76.311 425
    endloop
  endfacet
  facet normal 0.226352 -0.974046 -6.55712e-07
    outer loop
      vertex 131.496 30.5569 425
      vertex 144.159 33.4995 535
      vertex 119.808 27.8408 425
    endloop
  endfacet
  facet normal 0.226352 -0.974046 -6.55712e-07
    outer loop
      vertex 155.847 36.2156 535
      vertex 144.159 33.4995 535
      vertex 131.496 30.5569 425
    endloop
  endfacet
  facet normal 0.900567 0.433681 0.0300176
    outer loop
      vertex 155.847 36.2156 535
      vertex 125.484 99.2664 535
      vertex 123.915 98.0255 600
    endloop
  endfacet
  facet normal 0.900564 0.433687 0.0300097
    outer loop
      vertex 153.899 35.7629 600
      vertex 155.847 36.2156 535
      vertex 123.915 98.0255 600
    endloop
  endfacet
  facet normal -0.620428 0.784264 -3.96815e-06
    outer loop
      vertex 116.073 91.8214 535
      vertex 123.915 98.0255 600
      vertex 125.484 99.2664 535
    endloop
  endfacet
  facet normal -0.620422 0.784268 -4.97357e-06
    outer loop
      vertex 123.915 98.0255 600
      vertex 116.073 91.8214 535
      vertex 114.504 90.5806 600
    endloop
  endfacet
  facet normal -0.900565 -0.433684 -0.0300169
    outer loop
      vertex 116.073 91.8214 535
      vertex 144.159 33.4995 535
      vertex 114.504 90.5806 600
    endloop
  endfacet
  facet normal -0.900562 -0.433691 -0.0300096
    outer loop
      vertex 144.159 33.4995 535
      vertex 142.211 33.0468 600
      vertex 114.504 90.5806 600
    endloop
  endfacet
  facet normal 0.226352 -0.974046 -2.49755e-07
    outer loop
      vertex 144.159 33.4995 535
      vertex 153.899 35.7629 600
      vertex 142.211 33.0468 600
    endloop
  endfacet
  facet normal 0.226352 -0.974046 -2.49755e-07
    outer loop
      vertex 155.847 36.2156 535
      vertex 153.899 35.7629 600
      vertex 144.159 33.4995 535
    endloop
  endfacet
  facet normal 0 0 -1
    outer loop
      vertex 129.548 30.1042 0
      vertex 113.72 89.9601 0
      vertex 141.237 32.8204 0
    endloop
  endfacet
  facet normal 0 -0 -1
    outer loop
      vertex 113.72 89.9601 0
      vertex 129.548 30.1042 0
      vertex 104.308 82.5152 0
    endloop
  endfacet
  facet normal 0 0 1
    outer loop
      vertex 123.915 98.0255 600
      vertex 142.211 33.0468 600
      vertex 153.899 35.7629 600
    endloop
  endfacet
  facet normal 0 0 1
    outer loop
      vertex 142.211 33.0468 600
      vertex 123.915 98.0255 600
      vertex 114.504 90.5806 600
    endloop
  endfacet
  facet normal 0.600585 0.753108 0.268563
    outer loop
      vertex 106.552 85.659 29
      vertex 113.01 90.8505 0
      vertex 103.74 87.9015 29
    endloop
  endfacet
  facet normal 0.600826 0.753046 0.268197
    outer loop
      vertex 103.74 87.9015 29
      vertex 105.922 85.1522 31.8313
      vertex 104.182 87.4191 29.3643
    endloop
  endfacet
  facet normal 0.600511 0.753168 0.268559
    outer loop
      vertex 105.922 85.1522 31.8313
      vertex 103.74 87.9015 29
      vertex 97.4221 78.3194 70
    endloop
  endfacet
  facet normal 0.600581 0.753113 0.268557
    outer loop
      vertex 103.74 87.9015 29
      vertex 63.4257 130.392 0
      vertex 97.4221 78.3194 70
    endloop
  endfacet
  facet normal 0.600578 0.753114 0.268562
    outer loop
      vertex 63.4257 130.392 0
      vertex 103.74 87.9015 29
      vertex 113.01 90.8505 0
    endloop
  endfacet
  facet normal 0.600582 0.753111 0.26856
    outer loop
      vertex 97.4221 78.3194 70
      vertex 59.4543 122.228 31.7766
      vertex 54.6773 112.407 70
    endloop
  endfacet
  facet normal 0.600547 0.753122 0.268608
    outer loop
      vertex 97.4221 78.3194 70
      vertex 63.03 120.367 29
      vertex 59.4543 122.228 31.7766
    endloop
  endfacet
  facet normal 0.600481 0.753191 0.268564
    outer loop
      vertex 63.03 120.367 29
      vertex 63.4257 130.392 0
      vertex 59.8014 122.941 29
    endloop
  endfacet
  facet normal 0.600608 0.7531 0.268534
    outer loop
      vertex 63.4257 130.392 0
      vertex 63.03 120.367 29
      vertex 97.4221 78.3194 70
    endloop
  endfacet
  facet normal -0.899257 0.43742 1.37271e-06
    outer loop
      vertex 58.1767 119.601 0
      vertex 59.8014 122.941 29
      vertex 63.4257 130.392 0
    endloop
  endfacet
  facet normal -0.899118 0.437705 -3.92617e-05
    outer loop
      vertex 59.8014 122.941 29
      vertex 58.1767 119.601 0
      vertex 59.4543 122.228 29
    endloop
  endfacet
  facet normal -0.89927 0.437393 -4.28287e-06
    outer loop
      vertex 54.6773 112.407 70
      vertex 59.4543 122.228 29
      vertex 58.1767 119.601 0
    endloop
  endfacet
  facet normal -0.899263 0.437408 0
    outer loop
      vertex 59.4543 122.228 29
      vertex 54.6773 112.407 70
      vertex 59.4543 122.228 31.7766
    endloop
  endfacet
  facet normal -0.899257 0.43742 -8.56435e-07
    outer loop
      vertex 54.6773 112.407 70
      vertex 58.1767 119.601 0
      vertex 49.4283 101.616 70
    endloop
  endfacet
  facet normal -0.600584 -0.753111 -0.268555
    outer loop
      vertex 58.1767 119.601 0
      vertex 88.0696 70.8007 70
      vertex 49.4283 101.616 70
    endloop
  endfacet
  facet normal -0.600584 -0.753111 -0.268555
    outer loop
      vertex 103.657 83.3318 0
      vertex 88.0696 70.8007 70
      vertex 58.1767 119.601 0
    endloop
  endfacet
  facet normal 0.626558 -0.779375 9.68535e-06
    outer loop
      vertex 88.0696 70.8007 70
      vertex 105.922 85.1522 31.8313
      vertex 97.4221 78.3194 70
    endloop
  endfacet
  facet normal 0.626546 -0.779385 0
    outer loop
      vertex 88.0696 70.8007 70
      vertex 105.922 85.1522 29
      vertex 105.922 85.1522 31.8313
    endloop
  endfacet
  facet normal 0.626532 -0.779396 -9.7504e-06
    outer loop
      vertex 103.657 83.3318 0
      vertex 105.922 85.1522 29
      vertex 88.0696 70.8007 70
    endloop
  endfacet
  facet normal 0.626804 -0.779177 -4.47803e-05
    outer loop
      vertex 103.657 83.3318 0
      vertex 106.552 85.659 29
      vertex 105.922 85.1522 29
    endloop
  endfacet
  facet normal 0.626538 -0.779391 -9.62325e-07
    outer loop
      vertex 106.552 85.659 29
      vertex 103.657 83.3318 0
      vertex 113.01 90.8505 0
    endloop
  endfacet
  facet normal 0.588546 0.738019 0.330064
    outer loop
      vertex 63.9089 51.3775 190
      vertex 97.4221 78.3194 70
      vertex 54.6773 112.407 70
    endloop
  endfacet
  facet normal 0.58855 0.738016 0.330062
    outer loop
      vertex 63.9089 51.3775 190
      vertex 54.6773 112.407 70
      vertex 35.8683 73.7392 190
    endloop
  endfacet
  facet normal -0.899257 0.43742 -4.42226e-07
    outer loop
      vertex 54.6773 112.407 70
      vertex 49.4283 101.616 70
      vertex 35.8683 73.7392 190
    endloop
  endfacet
  facet normal -0.899259 0.437417 -1.38389e-06
    outer loop
      vertex 35.8683 73.7392 190
      vertex 49.4283 101.616 70
      vertex 30.6193 62.9481 190
    endloop
  endfacet
  facet normal -0.588549 -0.738017 -0.330063
    outer loop
      vertex 49.4283 101.616 70
      vertex 54.5564 43.8589 190
      vertex 30.6193 62.9481 190
    endloop
  endfacet
  facet normal -0.588547 -0.738018 -0.330064
    outer loop
      vertex 88.0696 70.8007 70
      vertex 54.5564 43.8589 190
      vertex 49.4283 101.616 70
    endloop
  endfacet
  facet normal 0.626553 -0.779379 -5.82628e-07
    outer loop
      vertex 88.0696 70.8007 70
      vertex 63.9089 51.3775 190
      vertex 54.5564 43.8589 190
    endloop
  endfacet
  facet normal 0.626558 -0.779375 1.0952e-06
    outer loop
      vertex 88.0696 70.8007 70
      vertex 97.4221 78.3194 70
      vertex 63.9089 51.3775 190
    endloop
  endfacet
  facet normal 0.619137 0.776372 -0.117963
    outer loop
      vertex 74.8202 60.1493 305
      vertex 63.9089 51.3775 190
      vertex 41.9922 86.3288 305
    endloop
  endfacet
  facet normal 0.619138 0.776372 -0.117963
    outer loop
      vertex 41.9922 86.3288 305
      vertex 63.9089 51.3775 190
      vertex 35.8683 73.7392 190
    endloop
  endfacet
  facet normal -0.899259 0.437417 5.84703e-07
    outer loop
      vertex 36.7432 75.5377 305
      vertex 41.9922 86.3288 305
      vertex 35.8683 73.7392 190
    endloop
  endfacet
  facet normal -0.899259 0.437417 5.84703e-07
    outer loop
      vertex 36.7432 75.5377 305
      vertex 35.8683 73.7392 190
      vertex 30.6193 62.9481 190
    endloop
  endfacet
  facet normal -0.619137 -0.776373 0.117963
    outer loop
      vertex 54.5564 43.8589 190
      vertex 36.7432 75.5377 305
      vertex 30.6193 62.9481 190
    endloop
  endfacet
  facet normal -0.619138 -0.776372 0.117963
    outer loop
      vertex 54.5564 43.8589 190
      vertex 65.4677 52.6306 305
      vertex 36.7432 75.5377 305
    endloop
  endfacet
  facet normal 0.626553 -0.779379 -2.72414e-07
    outer loop
      vertex 63.9089 51.3775 190
      vertex 65.4677 52.6306 305
      vertex 54.5564 43.8589 190
    endloop
  endfacet
  facet normal 0.626558 -0.779375 -3.85369e-07
    outer loop
      vertex 74.8202 60.1493 305
      vertex 65.4677 52.6306 305
      vertex 63.9089 51.3775 190
    endloop
  endfacet
  facet normal 0.59432 0.745252 -0.302297
    outer loop
      vertex 105.216 84.585 425
      vertex 74.8202 60.1493 305
      vertex 59.0515 121.4 425
    endloop
  endfacet
  facet normal 0.59432 0.745252 -0.302296
    outer loop
      vertex 59.0515 121.4 425
      vertex 74.8202 60.1493 305
      vertex 41.9922 86.3288 305
    endloop
  endfacet
  facet normal -0.899257 0.43742 -1.26564e-06
    outer loop
      vertex 41.9922 86.3288 305
      vertex 53.8025 110.609 425
      vertex 59.0515 121.4 425
    endloop
  endfacet
  facet normal -0.899259 0.437417 -4.45466e-07
    outer loop
      vertex 53.8025 110.609 425
      vertex 41.9922 86.3288 305
      vertex 36.7432 75.5377 305
    endloop
  endfacet
  facet normal -0.59432 -0.745252 0.302297
    outer loop
      vertex 65.4677 52.6306 305
      vertex 53.8025 110.609 425
      vertex 36.7432 75.5377 305
    endloop
  endfacet
  facet normal -0.594322 -0.745251 0.302296
    outer loop
      vertex 65.4677 52.6306 305
      vertex 95.8634 77.0663 425
      vertex 53.8025 110.609 425
    endloop
  endfacet
  facet normal 0.626558 -0.779375 -8.78708e-07
    outer loop
      vertex 74.8202 60.1493 305
      vertex 95.8634 77.0663 425
      vertex 65.4677 52.6306 305
    endloop
  endfacet
  facet normal 0.626554 -0.779378 2.96081e-07
    outer loop
      vertex 95.8634 77.0663 425
      vertex 74.8202 60.1493 305
      vertex 105.216 84.585 425
    endloop
  endfacet
  facet normal 0.6087 0.763288 -0.216509
    outer loop
      vertex 124.7 100.249 535
      vertex 105.216 84.585 425
      vertex 69.987 143.881 535
    endloop
  endfacet
  facet normal 0.608702 0.763287 -0.216508
    outer loop
      vertex 69.987 143.881 535
      vertex 105.216 84.585 425
      vertex 59.0515 121.4 425
    endloop
  endfacet
  facet normal -0.899254 0.437427 -2.77274e-08
    outer loop
      vertex 64.7379 133.09 535
      vertex 69.987 143.881 535
      vertex 59.0515 121.4 425
    endloop
  endfacet
  facet normal -0.899257 0.43742 8.57886e-07
    outer loop
      vertex 64.7379 133.09 535
      vertex 59.0515 121.4 425
      vertex 53.8025 110.609 425
    endloop
  endfacet
  facet normal -0.608704 -0.763285 0.216508
    outer loop
      vertex 95.8634 77.0663 425
      vertex 64.7379 133.09 535
      vertex 53.8025 110.609 425
    endloop
  endfacet
  facet normal -0.608697 -0.763289 0.216512
    outer loop
      vertex 95.8634 77.0663 425
      vertex 115.348 92.7302 535
      vertex 64.7379 133.09 535
    endloop
  endfacet
  facet normal 0.626554 -0.779378 -5.08239e-07
    outer loop
      vertex 105.216 84.585 425
      vertex 115.348 92.7302 535
      vertex 95.8634 77.0663 425
    endloop
  endfacet
  facet normal 0.626584 -0.779354 -4.97832e-06
    outer loop
      vertex 124.7 100.249 535
      vertex 115.348 92.7302 535
      vertex 105.216 84.585 425
    endloop
  endfacet
  facet normal 0.623208 0.781481 0.030006
    outer loop
      vertex 123.142 98.9957 600
      vertex 124.7 100.249 535
      vertex 69.987 143.881 535
    endloop
  endfacet
  facet normal 0.623208 0.78148 0.0300053
    outer loop
      vertex 123.142 98.9957 600
      vertex 69.987 143.881 535
      vertex 69.1121 142.083 600
    endloop
  endfacet
  facet normal -0.899254 0.437427 -4.05656e-06
    outer loop
      vertex 69.1121 142.083 600
      vertex 69.987 143.881 535
      vertex 64.7379 133.09 535
    endloop
  endfacet
  facet normal -0.899257 0.43742 -2.90361e-06
    outer loop
      vertex 69.1121 142.083 600
      vertex 64.7379 133.09 535
      vertex 63.8631 131.292 600
    endloop
  endfacet
  facet normal -0.623212 -0.781477 -0.0300043
    outer loop
      vertex 64.7379 133.09 535
      vertex 113.789 91.4771 600
      vertex 63.8631 131.292 600
    endloop
  endfacet
  facet normal -0.623205 -0.781482 -0.0300131
    outer loop
      vertex 115.348 92.7302 535
      vertex 113.789 91.4771 600
      vertex 64.7379 133.09 535
    endloop
  endfacet
  facet normal 0.626533 -0.779395 1.60649e-06
    outer loop
      vertex 115.348 92.7302 535
      vertex 123.142 98.9957 600
      vertex 113.789 91.4771 600
    endloop
  endfacet
  facet normal 0.626584 -0.779354 -8.42484e-06
    outer loop
      vertex 124.7 100.249 535
      vertex 123.142 98.9957 600
      vertex 115.348 92.7302 535
    endloop
  endfacet
  facet normal 0 0 -1
    outer loop
      vertex 103.657 83.3318 0
      vertex 63.4257 130.392 0
      vertex 113.01 90.8505 0
    endloop
  endfacet
  facet normal 0 -0 -1
    outer loop
      vertex 63.4257 130.392 0
      vertex 103.657 83.3318 0
      vertex 58.1767 119.601 0
    endloop
  endfacet
  facet normal 0 0 1
    outer loop
      vertex 69.1121 142.083 600
      vertex 113.789 91.4771 600
      vertex 123.142 98.9957 600
    endloop
  endfacet
  facet normal 0 0 1
    outer loop
      vertex 113.789 91.4771 600
      vertex 69.1121 142.083 600
      vertex 63.8631 131.292 600
    endloop
  endfacet
  facet normal 0.214416 0.939089 0.268584
    outer loop
      vertex 58.8339 123.407 29
      vertex 62.3996 130.887 0
      vertex 55.006 124.281 29
    endloop
  endfacet
  facet normal 0.213506 0.938985 0.269672
    outer loop
      vertex 55.006 124.281 29
      vertex 58.5069 122.721 31.6601
      vertex 57.4761 123.258 30.6064
    endloop
  endfacet
  facet normal 0.214402 0.939099 0.268559
    outer loop
      vertex 58.5069 122.721 31.6601
      vertex 55.006 124.281 29
      vertex 53.7928 112.833 70
    endloop
  endfacet
  facet normal 0.214346 0.939112 0.268561
    outer loop
      vertex 55.006 124.281 29
      vertex 0.569411 144.999 0
      vertex 53.7928 112.833 70
    endloop
  endfacet
  facet normal 0.214341 0.93911 0.268569
    outer loop
      vertex 0.569411 144.999 0
      vertex 55.006 124.281 29
      vertex 62.3996 130.887 0
    endloop
  endfacet
  facet normal 0.21435 0.939114 0.268551
    outer loop
      vertex 4.52791 135.802 29
      vertex 0.490872 124.999 70
      vertex 53.7928 112.833 70
    endloop
  endfacet
  facet normal 0.214488 0.939081 0.268556
    outer loop
      vertex 0.490872 124.999 70
      vertex 4.52791 135.802 29
      vertex 0.533981 135.977 31.5779
    endloop
  endfacet
  facet normal 0.214362 0.939107 0.268566
    outer loop
      vertex 4.52791 135.802 29
      vertex 0.569411 144.999 0
      vertex 0.536874 136.713 29
    endloop
  endfacet
  facet normal 0.214332 0.939112 0.268572
    outer loop
      vertex 0.569411 144.999 0
      vertex 4.52791 135.802 29
      vertex 53.7928 112.833 70
    endloop
  endfacet
  facet normal -0.999992 0.00392689 4.93617e-08
    outer loop
      vertex 0.522288 132.999 0
      vertex 0.536874 136.713 29
      vertex 0.569411 144.999 0
    endloop
  endfacet
  facet normal -0.999992 0.00393068 -4.35997e-07
    outer loop
      vertex 0.536874 136.713 29
      vertex 0.522288 132.999 0
      vertex 0.533981 135.977 29
    endloop
  endfacet
  facet normal -0.999992 0.00392671 -2.91693e-08
    outer loop
      vertex 0.490872 124.999 70
      vertex 0.533981 135.977 29
      vertex 0.522288 132.999 0
    endloop
  endfacet
  facet normal -0.999992 0.00392682 0
    outer loop
      vertex 0.533981 135.977 29
      vertex 0.490872 124.999 70
      vertex 0.533981 135.977 31.5779
    endloop
  endfacet
  facet normal -0.999992 0.00392697 0
    outer loop
      vertex 0.490872 124.999 70
      vertex 0.522288 132.999 0
      vertex 0.443748 112.999 70
    endloop
  endfacet
  facet normal -0.214348 -0.939112 -0.268558
    outer loop
      vertex 0.522288 132.999 0
      vertex 48.6287 102.001 70
      vertex 0.443748 112.999 70
    endloop
  endfacet
  facet normal -0.214339 -0.939112 -0.268564
    outer loop
      vertex 57.2355 120.055 0
      vertex 48.6287 102.001 70
      vertex 0.522288 132.999 0
    endloop
  endfacet
  facet normal 0.902665 -0.430345 0
    outer loop
      vertex 53.7928 112.833 70
      vertex 58.5069 122.721 29
      vertex 58.5069 122.721 31.6601
    endloop
  endfacet
  facet normal 0.902651 -0.430374 -8.68925e-06
    outer loop
      vertex 58.5069 122.721 29
      vertex 53.7928 112.833 70
      vertex 57.2355 120.055 0
    endloop
  endfacet
  facet normal 0.90269 -0.430291 -1.80774e-05
    outer loop
      vertex 57.2355 120.055 0
      vertex 58.8339 123.407 29
      vertex 58.5069 122.721 29
    endloop
  endfacet
  facet normal 0.902666 -0.430341 -1.09356e-05
    outer loop
      vertex 58.8339 123.407 29
      vertex 57.2355 120.055 0
      vertex 62.3996 130.887 0
    endloop
  endfacet
  facet normal 0.902666 -0.430341 -4.52833e-06
    outer loop
      vertex 57.2355 120.055 0
      vertex 53.7928 112.833 70
      vertex 48.6287 102.001 70
    endloop
  endfacet
  facet normal 0.210054 0.920291 0.330063
    outer loop
      vertex 35.2881 74.0186 190
      vertex 53.7928 112.833 70
      vertex 0.490872 124.999 70
    endloop
  endfacet
  facet normal 0.210051 0.920292 0.330064
    outer loop
      vertex 35.2881 74.0186 190
      vertex 0.490872 124.999 70
      vertex 0.322012 81.9994 190
    endloop
  endfacet
  facet normal -0.999992 0.00392697 -4.75663e-09
    outer loop
      vertex 0.443748 112.999 70
      vertex 0.322012 81.9994 190
      vertex 0.490872 124.999 70
    endloop
  endfacet
  facet normal -0.999992 0.003927 3.69722e-09
    outer loop
      vertex 0.322012 81.9994 190
      vertex 0.443748 112.999 70
      vertex 0.274888 69.9995 190
    endloop
  endfacet
  facet normal -0.210052 -0.920292 -0.330063
    outer loop
      vertex 0.443748 112.999 70
      vertex 30.124 63.1866 190
      vertex 0.274888 69.9995 190
    endloop
  endfacet
  facet normal -0.210052 -0.920292 -0.330063
    outer loop
      vertex 48.6287 102.001 70
      vertex 30.124 63.1866 190
      vertex 0.443748 112.999 70
    endloop
  endfacet
  facet normal 0.902666 -0.430341 1.019e-06
    outer loop
      vertex 48.6287 102.001 70
      vertex 53.7928 112.833 70
      vertex 35.2881 74.0186 190
    endloop
  endfacet
  facet normal 0.902666 -0.430341 1.019e-06
    outer loop
      vertex 48.6287 102.001 70
      vertex 35.2881 74.0186 190
      vertex 30.124 63.1866 190
    endloop
  endfacet
  facet normal 0.220968 0.968121 -0.117963
    outer loop
      vertex 41.3129 86.6559 305
      vertex 35.2881 74.0186 190
      vertex 0.376989 95.9993 305
    endloop
  endfacet
  facet normal 0.220968 0.968121 -0.117963
    outer loop
      vertex 0.376989 95.9993 305
      vertex 35.2881 74.0186 190
      vertex 0.322012 81.9994 190
    endloop
  endfacet
  facet normal -0.999992 0.003927 -9.26472e-09
    outer loop
      vertex 0.322012 81.9994 190
      vertex 0.329865 83.9994 305
      vertex 0.376989 95.9993 305
    endloop
  endfacet
  facet normal -0.999992 0.003927 -9.26472e-09
    outer loop
      vertex 0.329865 83.9994 305
      vertex 0.322012 81.9994 190
      vertex 0.274888 69.9995 190
    endloop
  endfacet
  facet normal -0.220968 -0.968121 0.117963
    outer loop
      vertex 30.124 63.1866 190
      vertex 0.329865 83.9994 305
      vertex 0.274888 69.9995 190
    endloop
  endfacet
  facet normal -0.220969 -0.968121 0.117963
    outer loop
      vertex 30.124 63.1866 190
      vertex 36.1488 75.8239 305
      vertex 0.329865 83.9994 305
    endloop
  endfacet
  facet normal 0.902666 -0.430341 -2.55558e-07
    outer loop
      vertex 41.3129 86.6559 305
      vertex 36.1488 75.8239 305
      vertex 35.2881 74.0186 190
    endloop
  endfacet
  facet normal 0.902666 -0.430341 -2.55558e-07
    outer loop
      vertex 35.2881 74.0186 190
      vertex 36.1488 75.8239 305
      vertex 30.124 63.1866 190
    endloop
  endfacet
  facet normal 0.212109 0.929315 -0.302297
    outer loop
      vertex 58.0962 121.86 425
      vertex 41.3129 86.6559 305
      vertex 0.530142 134.999 425
    endloop
  endfacet
  facet normal 0.212111 0.929315 -0.302296
    outer loop
      vertex 0.530142 134.999 425
      vertex 41.3129 86.6559 305
      vertex 0.376989 95.9993 305
    endloop
  endfacet
  facet normal -0.999992 0.00392697 9.81742e-09
    outer loop
      vertex 0.376989 95.9993 305
      vertex 0.483018 122.999 425
      vertex 0.530142 134.999 425
    endloop
  endfacet
  facet normal -0.999992 0.003927 2.45438e-09
    outer loop
      vertex 0.483018 122.999 425
      vertex 0.376989 95.9993 305
      vertex 0.329865 83.9994 305
    endloop
  endfacet
  facet normal -0.212112 -0.929315 0.302295
    outer loop
      vertex 36.1488 75.8239 305
      vertex 0.483018 122.999 425
      vertex 0.329865 83.9994 305
    endloop
  endfacet
  facet normal -0.212107 -0.929316 0.302296
    outer loop
      vertex 36.1488 75.8239 305
      vertex 52.9321 111.028 425
      vertex 0.483018 122.999 425
    endloop
  endfacet
  facet normal 0.902666 -0.430341 5.46673e-07
    outer loop
      vertex 58.0962 121.86 425
      vertex 52.9321 111.028 425
      vertex 41.3129 86.6559 305
    endloop
  endfacet
  facet normal 0.902666 -0.430341 5.46673e-07
    outer loop
      vertex 41.3129 86.6559 305
      vertex 52.9321 111.028 425
      vertex 36.1488 75.8239 305
    endloop
  endfacet
  facet normal 0.217239 0.951803 -0.216514
    outer loop
      vertex 68.8548 144.427 535
      vertex 58.0962 121.86 425
      vertex 0.628317 159.999 535
    endloop
  endfacet
  facet normal 0.217241 0.951803 -0.216513
    outer loop
      vertex 0.628317 159.999 535
      vertex 58.0962 121.86 425
      vertex 0.530142 134.999 425
    endloop
  endfacet
  facet normal -0.999992 0.00392697 -8.41072e-19
    outer loop
      vertex 0.530142 134.999 425
      vertex 0.581193 147.999 535
      vertex 0.628317 159.999 535
    endloop
  endfacet
  facet normal -0.999992 0.00392697 -3.36429e-19
    outer loop
      vertex 0.581193 147.999 535
      vertex 0.530142 134.999 425
      vertex 0.483018 122.999 425
    endloop
  endfacet
  facet normal -0.21724 -0.951803 0.216513
    outer loop
      vertex 52.9321 111.028 425
      vertex 0.581193 147.999 535
      vertex 0.483018 122.999 425
    endloop
  endfacet
  facet normal -0.217238 -0.951803 0.216514
    outer loop
      vertex 52.9321 111.028 425
      vertex 63.6907 133.595 535
      vertex 0.581193 147.999 535
    endloop
  endfacet
  facet normal 0.902666 -0.430341 8.25378e-07
    outer loop
      vertex 68.8548 144.427 535
      vertex 63.6907 133.595 535
      vertex 58.0962 121.86 425
    endloop
  endfacet
  facet normal 0.902666 -0.430341 8.25378e-07
    outer loop
      vertex 58.0962 121.86 425
      vertex 63.6907 133.595 535
      vertex 52.9321 111.028 425
    endloop
  endfacet
  facet normal 0.222417 0.974489 0.030021
    outer loop
      vertex 67.9941 142.621 600
      vertex 68.8548 144.427 535
      vertex 0.628317 159.999 535
    endloop
  endfacet
  facet normal 0.222426 0.974487 0.0300111
    outer loop
      vertex 67.9941 142.621 600
      vertex 0.628317 159.999 535
      vertex 0.620462 157.999 600
    endloop
  endfacet
  facet normal -0.999992 0.00392697 -1.53845e-08
    outer loop
      vertex 0.581193 147.999 535
      vertex 0.620462 157.999 600
      vertex 0.628317 159.999 535
    endloop
  endfacet
  facet normal -0.999992 0.00392689 -2.56408e-09
    outer loop
      vertex 0.620462 157.999 600
      vertex 0.581193 147.999 535
      vertex 0.573339 145.999 600
    endloop
  endfacet
  facet normal -0.222426 -0.974488 -0.0300111
    outer loop
      vertex 0.581193 147.999 535
      vertex 62.83 131.789 600
      vertex 0.573339 145.999 600
    endloop
  endfacet
  facet normal -0.222416 -0.97449 -0.0300209
    outer loop
      vertex 63.6907 133.595 535
      vertex 62.83 131.789 600
      vertex 0.581193 147.999 535
    endloop
  endfacet
  facet normal 0.902666 -0.430341 -4.18231e-06
    outer loop
      vertex 68.8548 144.427 535
      vertex 67.9941 142.621 600
      vertex 63.6907 133.595 535
    endloop
  endfacet
  facet normal 0.902666 -0.430341 -4.18231e-06
    outer loop
      vertex 63.6907 133.595 535
      vertex 67.9941 142.621 600
      vertex 62.83 131.789 600
    endloop
  endfacet
  facet normal 0 0 -1
    outer loop
      vertex 57.2355 120.055 0
      vertex 0.569411 144.999 0
      vertex 62.3996 130.887 0
    endloop
  endfacet
  facet normal 0 -0 -1
    outer loop
      vertex 0.569411 144.999 0
      vertex 57.2355 120.055 0
      vertex 0.522288 132.999 0
    endloop
  endfacet
  facet normal 0 0 1
    outer loop
      vertex 0.620462 157.999 600
      vertex 62.83 131.789 600
      vertex 67.9941 142.621 600
    endloop
  endfacet
  facet normal 0 0 1
    outer loop
      vertex 62.83 131.789 600
      vertex 0.620462 157.999 600
      vertex 0.573339 145.999 600
    endloop
  endfacet
  facet normal -0.214362 0.939107 0.268566
    outer loop
      vertex -0.536874 136.713 29
      vertex -0.569411 144.999 0
      vertex -4.52791 135.802 29
    endloop
  endfacet
  facet normal -0.214488 0.939081 0.268556
    outer loop
      vertex -4.52791 135.802 29
      vertex -0.490872 124.999 70
      vertex -0.533981 135.977 31.5779
    endloop
  endfacet
  facet normal -0.21435 0.939114 0.268551
    outer loop
      vertex -0.490872 124.999 70
      vertex -4.52791 135.802 29
      vertex -53.7928 112.833 70
    endloop
  endfacet
  facet normal -0.214332 0.939112 0.268572
    outer loop
      vertex -53.7928 112.833 70
      vertex -4.52791 135.802 29
      vertex -0.569411 144.999 0
    endloop
  endfacet
  facet normal -0.214402 0.939099 0.268559
    outer loop
      vertex -55.006 124.281 29
      vertex -58.5069 122.721 31.6601
      vertex -53.7928 112.833 70
    endloop
  endfacet
  facet normal -0.213506 0.938985 0.269672
    outer loop
      vertex -58.5069 122.721 31.6601
      vertex -55.006 124.281 29
      vertex -57.4761 123.258 30.6064
    endloop
  endfacet
  facet normal -0.214346 0.939112 0.268561
    outer loop
      vertex -0.569411 144.999 0
      vertex -55.006 124.281 29
      vertex -53.7928 112.833 70
    endloop
  endfacet
  facet normal -0.214341 0.93911 0.268569
    outer loop
      vertex -62.3996 130.887 0
      vertex -55.006 124.281 29
      vertex -0.569411 144.999 0
    endloop
  endfacet
  facet normal -0.214416 0.939089 0.268584
    outer loop
      vertex -55.006 124.281 29
      vertex -62.3996 130.887 0
      vertex -58.8339 123.407 29
    endloop
  endfacet
  facet normal -0.902666 -0.430341 -1.09356e-05
    outer loop
      vertex -57.2355 120.055 0
      vertex -58.8339 123.407 29
      vertex -62.3996 130.887 0
    endloop
  endfacet
  facet normal -0.90269 -0.430291 -1.80774e-05
    outer loop
      vertex -58.8339 123.407 29
      vertex -57.2355 120.055 0
      vertex -58.5069 122.721 29
    endloop
  endfacet
  facet normal -0.902651 -0.430374 -8.68925e-06
    outer loop
      vertex -53.7928 112.833 70
      vertex -58.5069 122.721 29
      vertex -57.2355 120.055 0
    endloop
  endfacet
  facet normal -0.902665 -0.430345 0
    outer loop
      vertex -58.5069 122.721 29
      vertex -53.7928 112.833 70
      vertex -58.5069 122.721 31.6601
    endloop
  endfacet
  facet normal -0.902666 -0.430341 -4.52833e-06
    outer loop
      vertex -48.6287 102.001 70
      vertex -53.7928 112.833 70
      vertex -57.2355 120.055 0
    endloop
  endfacet
  facet normal 0.214339 -0.939112 -0.268564
    outer loop
      vertex -0.522288 132.999 0
      vertex -48.6287 102.001 70
      vertex -57.2355 120.055 0
    endloop
  endfacet
  facet normal 0.214348 -0.939112 -0.268558
    outer loop
      vertex -0.522288 132.999 0
      vertex -0.443748 112.999 70
      vertex -48.6287 102.001 70
    endloop
  endfacet
  facet normal 0.999992 0.00392682 0
    outer loop
      vertex -0.490872 124.999 70
      vertex -0.533981 135.977 29
      vertex -0.533981 135.977 31.5779
    endloop
  endfacet
  facet normal 0.999992 0.00392671 -2.91693e-08
    outer loop
      vertex -0.533981 135.977 29
      vertex -0.490872 124.999 70
      vertex -0.522288 132.999 0
    endloop
  endfacet
  facet normal 0.999992 0.00393068 -4.35997e-07
    outer loop
      vertex -0.522288 132.999 0
      vertex -0.536874 136.713 29
      vertex -0.533981 135.977 29
    endloop
  endfacet
  facet normal 0.999992 0.00392689 4.93617e-08
    outer loop
      vertex -0.536874 136.713 29
      vertex -0.522288 132.999 0
      vertex -0.569411 144.999 0
    endloop
  endfacet
  facet normal 0.999992 0.00392697 0
    outer loop
      vertex -0.490872 124.999 70
      vertex -0.443748 112.999 70
      vertex -0.522288 132.999 0
    endloop
  endfacet
  facet normal -0.210051 0.920292 0.330064
    outer loop
      vertex -0.322012 81.9994 190
      vertex -0.490872 124.999 70
      vertex -35.2881 74.0186 190
    endloop
  endfacet
  facet normal -0.210054 0.920291 0.330063
    outer loop
      vertex -35.2881 74.0186 190
      vertex -0.490872 124.999 70
      vertex -53.7928 112.833 70
    endloop
  endfacet
  facet normal -0.902666 -0.430341 1.019e-06
    outer loop
      vertex -48.6287 102.001 70
      vertex -35.2881 74.0186 190
      vertex -53.7928 112.833 70
    endloop
  endfacet
  facet normal -0.902666 -0.430341 1.019e-06
    outer loop
      vertex -30.124 63.1866 190
      vertex -35.2881 74.0186 190
      vertex -48.6287 102.001 70
    endloop
  endfacet
  facet normal 0.210052 -0.920292 -0.330063
    outer loop
      vertex -0.443748 112.999 70
      vertex -30.124 63.1866 190
      vertex -48.6287 102.001 70
    endloop
  endfacet
  facet normal 0.210052 -0.920292 -0.330063
    outer loop
      vertex -0.443748 112.999 70
      vertex -0.274888 69.9995 190
      vertex -30.124 63.1866 190
    endloop
  endfacet
  facet normal 0.999992 0.00392697 -4.75663e-09
    outer loop
      vertex -0.322012 81.9994 190
      vertex -0.443748 112.999 70
      vertex -0.490872 124.999 70
    endloop
  endfacet
  facet normal 0.999992 0.003927 3.69722e-09
    outer loop
      vertex -0.443748 112.999 70
      vertex -0.322012 81.9994 190
      vertex -0.274888 69.9995 190
    endloop
  endfacet
  facet normal -0.220968 0.968121 -0.117963
    outer loop
      vertex -0.376989 95.9993 305
      vertex -0.322012 81.9994 190
      vertex -35.2881 74.0186 190
    endloop
  endfacet
  facet normal -0.220968 0.968121 -0.117963
    outer loop
      vertex -0.376989 95.9993 305
      vertex -35.2881 74.0186 190
      vertex -41.3129 86.6559 305
    endloop
  endfacet
  facet normal -0.902666 -0.430341 -2.55558e-07
    outer loop
      vertex -35.2881 74.0186 190
      vertex -36.1488 75.8239 305
      vertex -41.3129 86.6559 305
    endloop
  endfacet
  facet normal -0.902666 -0.430341 -2.55558e-07
    outer loop
      vertex -35.2881 74.0186 190
      vertex -30.124 63.1866 190
      vertex -36.1488 75.8239 305
    endloop
  endfacet
  facet normal 0.220969 -0.968121 0.117963
    outer loop
      vertex -30.124 63.1866 190
      vertex -0.329865 83.9994 305
      vertex -36.1488 75.8239 305
    endloop
  endfacet
  facet normal 0.220968 -0.968121 0.117963
    outer loop
      vertex -0.274888 69.9995 190
      vertex -0.329865 83.9994 305
      vertex -30.124 63.1866 190
    endloop
  endfacet
  facet normal 0.999992 0.003927 -9.26472e-09
    outer loop
      vertex -0.329865 83.9994 305
      vertex -0.322012 81.9994 190
      vertex -0.376989 95.9993 305
    endloop
  endfacet
  facet normal 0.999992 0.003927 -9.26472e-09
    outer loop
      vertex -0.322012 81.9994 190
      vertex -0.329865 83.9994 305
      vertex -0.274888 69.9995 190
    endloop
  endfacet
  facet normal -0.212111 0.929315 -0.302296
    outer loop
      vertex -0.530142 134.999 425
      vertex -0.376989 95.9993 305
      vertex -41.3129 86.6559 305
    endloop
  endfacet
  facet normal -0.212109 0.929315 -0.302297
    outer loop
      vertex -0.530142 134.999 425
      vertex -41.3129 86.6559 305
      vertex -58.0962 121.86 425
    endloop
  endfacet
  facet normal -0.902666 -0.430341 5.46673e-07
    outer loop
      vertex -41.3129 86.6559 305
      vertex -52.9321 111.028 425
      vertex -58.0962 121.86 425
    endloop
  endfacet
  facet normal -0.902666 -0.430341 5.46673e-07
    outer loop
      vertex -41.3129 86.6559 305
      vertex -36.1488 75.8239 305
      vertex -52.9321 111.028 425
    endloop
  endfacet
  facet normal 0.212107 -0.929316 0.302296
    outer loop
      vertex -36.1488 75.8239 305
      vertex -0.483018 122.999 425
      vertex -52.9321 111.028 425
    endloop
  endfacet
  facet normal 0.212112 -0.929315 0.302295
    outer loop
      vertex -0.329865 83.9994 305
      vertex -0.483018 122.999 425
      vertex -36.1488 75.8239 305
    endloop
  endfacet
  facet normal 0.999992 0.00392697 9.81742e-09
    outer loop
      vertex -0.483018 122.999 425
      vertex -0.376989 95.9993 305
      vertex -0.530142 134.999 425
    endloop
  endfacet
  facet normal 0.999992 0.003927 2.45438e-09
    outer loop
      vertex -0.376989 95.9993 305
      vertex -0.483018 122.999 425
      vertex -0.329865 83.9994 305
    endloop
  endfacet
  facet normal -0.217241 0.951803 -0.216513
    outer loop
      vertex -0.628317 159.999 535
      vertex -0.530142 134.999 425
      vertex -58.0962 121.86 425
    endloop
  endfacet
  facet normal -0.217239 0.951803 -0.216514
    outer loop
      vertex -0.628317 159.999 535
      vertex -58.0962 121.86 425
      vertex -68.8548 144.427 535
    endloop
  endfacet
  facet normal -0.902666 -0.430341 8.25378e-07
    outer loop
      vertex -58.0962 121.86 425
      vertex -63.6907 133.595 535
      vertex -68.8548 144.427 535
    endloop
  endfacet
  facet normal -0.902666 -0.430341 8.25378e-07
    outer loop
      vertex -58.0962 121.86 425
      vertex -52.9321 111.028 425
      vertex -63.6907 133.595 535
    endloop
  endfacet
  facet normal 0.217238 -0.951803 0.216514
    outer loop
      vertex -52.9321 111.028 425
      vertex -0.581193 147.999 535
      vertex -63.6907 133.595 535
    endloop
  endfacet
  facet normal 0.21724 -0.951803 0.216513
    outer loop
      vertex -0.483018 122.999 425
      vertex -0.581193 147.999 535
      vertex -52.9321 111.028 425
    endloop
  endfacet
  facet normal 0.999992 0.00392697 -9.25179e-19
    outer loop
      vertex -0.581193 147.999 535
      vertex -0.530142 134.999 425
      vertex -0.628317 159.999 535
    endloop
  endfacet
  facet normal 0.999992 0.00392697 -3.36429e-19
    outer loop
      vertex -0.530142 134.999 425
      vertex -0.581193 147.999 535
      vertex -0.483018 122.999 425
    endloop
  endfacet
  facet normal -0.222426 0.974487 0.0300111
    outer loop
      vertex -0.620462 157.999 600
      vertex -0.628317 159.999 535
      vertex -67.9941 142.621 600
    endloop
  endfacet
  facet normal -0.222417 0.974489 0.030021
    outer loop
      vertex -67.9941 142.621 600
      vertex -0.628317 159.999 535
      vertex -68.8548 144.427 535
    endloop
  endfacet
  facet normal -0.902666 -0.430341 -4.18231e-06
    outer loop
      vertex -63.6907 133.595 535
      vertex -67.9941 142.621 600
      vertex -68.8548 144.427 535
    endloop
  endfacet
  facet normal -0.902666 -0.430341 -4.18231e-06
    outer loop
      vertex -63.6907 133.595 535
      vertex -62.83 131.789 600
      vertex -67.9941 142.621 600
    endloop
  endfacet
  facet normal 0.222416 -0.97449 -0.0300209
    outer loop
      vertex -0.581193 147.999 535
      vertex -62.83 131.789 600
      vertex -63.6907 133.595 535
    endloop
  endfacet
  facet normal 0.222426 -0.974488 -0.0300111
    outer loop
      vertex -0.581193 147.999 535
      vertex -0.573339 145.999 600
      vertex -62.83 131.789 600
    endloop
  endfacet
  facet normal 0.999992 0.00392697 -1.53845e-08
    outer loop
      vertex -0.620462 157.999 600
      vertex -0.581193 147.999 535
      vertex -0.628317 159.999 535
    endloop
  endfacet
  facet normal 0.999992 0.00392689 -2.56408e-09
    outer loop
      vertex -0.581193 147.999 535
      vertex -0.620462 157.999 600
      vertex -0.573339 145.999 600
    endloop
  endfacet
  facet normal 0 0 -1
    outer loop
      vertex -57.2355 120.055 0
      vertex -0.569411 144.999 0
      vertex -0.522288 132.999 0
    endloop
  endfacet
  facet normal 0 0 -1
    outer loop
      vertex -0.569411 144.999 0
      vertex -57.2355 120.055 0
      vertex -62.3996 130.887 0
    endloop
  endfacet
  facet normal 0 0 1
    outer loop
      vertex -0.620462 157.999 600
      vertex -62.83 131.789 600
      vertex -0.573339 145.999 600
    endloop
  endfacet
  facet normal 0 -0 1
    outer loop
      vertex -62.83 131.789 600
      vertex -0.620462 157.999 600
      vertex -67.9941 142.621 600
    endloop
  endfacet
  facet normal -0.600481 0.753191 0.268564
    outer loop
      vertex -59.8014 122.941 29
      vertex -63.4257 130.392 0
      vertex -63.03 120.367 29
    endloop
  endfacet
  facet normal -0.600582 0.753111 0.26856
    outer loop
      vertex -59.4543 122.228 31.7766
      vertex -97.4221 78.3194 70
      vertex -54.6773 112.407 70
    endloop
  endfacet
  facet normal -0.600547 0.753122 0.268608
    outer loop
      vertex -63.03 120.367 29
      vertex -97.4221 78.3194 70
      vertex -59.4543 122.228 31.7766
    endloop
  endfacet
  facet normal -0.600608 0.7531 0.268534
    outer loop
      vertex -97.4221 78.3194 70
      vertex -63.03 120.367 29
      vertex -63.4257 130.392 0
    endloop
  endfacet
  facet normal -0.600511 0.753168 0.268559
    outer loop
      vertex -103.74 87.9015 29
      vertex -105.922 85.1522 31.8313
      vertex -97.4221 78.3194 70
    endloop
  endfacet
  facet normal -0.600826 0.753046 0.268197
    outer loop
      vertex -105.922 85.1522 31.8313
      vertex -103.74 87.9015 29
      vertex -104.182 87.4191 29.3643
    endloop
  endfacet
  facet normal -0.600581 0.753113 0.268557
    outer loop
      vertex -63.4257 130.392 0
      vertex -103.74 87.9015 29
      vertex -97.4221 78.3194 70
    endloop
  endfacet
  facet normal -0.600578 0.753114 0.268562
    outer loop
      vertex -113.01 90.8505 0
      vertex -103.74 87.9015 29
      vertex -63.4257 130.392 0
    endloop
  endfacet
  facet normal -0.600585 0.753108 0.268563
    outer loop
      vertex -103.74 87.9015 29
      vertex -113.01 90.8505 0
      vertex -106.552 85.659 29
    endloop
  endfacet
  facet normal -0.626538 -0.779391 -9.62325e-07
    outer loop
      vertex -103.657 83.3318 0
      vertex -106.552 85.659 29
      vertex -113.01 90.8505 0
    endloop
  endfacet
  facet normal -0.626558 -0.779375 9.68535e-06
    outer loop
      vertex -105.922 85.1522 31.8313
      vertex -88.0696 70.8007 70
      vertex -97.4221 78.3194 70
    endloop
  endfacet
  facet normal -0.626546 -0.779385 0
    outer loop
      vertex -105.922 85.1522 29
      vertex -88.0696 70.8007 70
      vertex -105.922 85.1522 31.8313
    endloop
  endfacet
  facet normal -0.626804 -0.779177 -4.47803e-05
    outer loop
      vertex -106.552 85.659 29
      vertex -103.657 83.3318 0
      vertex -105.922 85.1522 29
    endloop
  endfacet
  facet normal -0.626532 -0.779396 -9.7504e-06
    outer loop
      vertex -105.922 85.1522 29
      vertex -103.657 83.3318 0
      vertex -88.0696 70.8007 70
    endloop
  endfacet
  facet normal 0.600584 -0.753111 -0.268555
    outer loop
      vertex -58.1767 119.601 0
      vertex -88.0696 70.8007 70
      vertex -103.657 83.3318 0
    endloop
  endfacet
  facet normal 0.600584 -0.753111 -0.268555
    outer loop
      vertex -58.1767 119.601 0
      vertex -49.4283 101.616 70
      vertex -88.0696 70.8007 70
    endloop
  endfacet
  facet normal 0.899263 0.437408 0
    outer loop
      vertex -54.6773 112.407 70
      vertex -59.4543 122.228 29
      vertex -59.4543 122.228 31.7766
    endloop
  endfacet
  facet normal 0.89927 0.437393 -4.28287e-06
    outer loop
      vertex -59.4543 122.228 29
      vertex -54.6773 112.407 70
      vertex -58.1767 119.601 0
    endloop
  endfacet
  facet normal 0.899118 0.437705 -3.92617e-05
    outer loop
      vertex -58.1767 119.601 0
      vertex -59.8014 122.941 29
      vertex -59.4543 122.228 29
    endloop
  endfacet
  facet normal 0.899257 0.43742 1.37271e-06
    outer loop
      vertex -59.8014 122.941 29
      vertex -58.1767 119.601 0
      vertex -63.4257 130.392 0
    endloop
  endfacet
  facet normal 0.899257 0.43742 -8.56435e-07
    outer loop
      vertex -54.6773 112.407 70
      vertex -49.4283 101.616 70
      vertex -58.1767 119.601 0
    endloop
  endfacet
  facet normal -0.58855 0.738016 0.330062
    outer loop
      vertex -35.8683 73.7392 190
      vertex -54.6773 112.407 70
      vertex -63.9089 51.3775 190
    endloop
  endfacet
  facet normal -0.588546 0.738019 0.330064
    outer loop
      vertex -63.9089 51.3775 190
      vertex -54.6773 112.407 70
      vertex -97.4221 78.3194 70
    endloop
  endfacet
  facet normal -0.626558 -0.779375 1.0952e-06
    outer loop
      vertex -88.0696 70.8007 70
      vertex -63.9089 51.3775 190
      vertex -97.4221 78.3194 70
    endloop
  endfacet
  facet normal -0.626553 -0.779379 -5.82628e-07
    outer loop
      vertex -54.5564 43.8589 190
      vertex -63.9089 51.3775 190
      vertex -88.0696 70.8007 70
    endloop
  endfacet
  facet normal 0.588547 -0.738018 -0.330064
    outer loop
      vertex -49.4283 101.616 70
      vertex -54.5564 43.8589 190
      vertex -88.0696 70.8007 70
    endloop
  endfacet
  facet normal 0.588549 -0.738017 -0.330063
    outer loop
      vertex -49.4283 101.616 70
      vertex -30.6193 62.9481 190
      vertex -54.5564 43.8589 190
    endloop
  endfacet
  facet normal 0.899257 0.43742 -4.42226e-07
    outer loop
      vertex -35.8683 73.7392 190
      vertex -49.4283 101.616 70
      vertex -54.6773 112.407 70
    endloop
  endfacet
  facet normal 0.899259 0.437417 -1.38389e-06
    outer loop
      vertex -35.8683 73.7392 190
      vertex -30.6193 62.9481 190
      vertex -49.4283 101.616 70
    endloop
  endfacet
  facet normal -0.619138 0.776372 -0.117963
    outer loop
      vertex -41.9922 86.3288 305
      vertex -35.8683 73.7392 190
      vertex -63.9089 51.3775 190
    endloop
  endfacet
  facet normal -0.619137 0.776372 -0.117963
    outer loop
      vertex -41.9922 86.3288 305
      vertex -63.9089 51.3775 190
      vertex -74.8202 60.1493 305
    endloop
  endfacet
  facet normal -0.626558 -0.779375 -3.85369e-07
    outer loop
      vertex -63.9089 51.3775 190
      vertex -65.4677 52.6306 305
      vertex -74.8202 60.1493 305
    endloop
  endfacet
  facet normal -0.626553 -0.779379 -2.72414e-07
    outer loop
      vertex -63.9089 51.3775 190
      vertex -54.5564 43.8589 190
      vertex -65.4677 52.6306 305
    endloop
  endfacet
  facet normal 0.619138 -0.776372 0.117963
    outer loop
      vertex -54.5564 43.8589 190
      vertex -36.7432 75.5377 305
      vertex -65.4677 52.6306 305
    endloop
  endfacet
  facet normal 0.619137 -0.776373 0.117963
    outer loop
      vertex -30.6193 62.9481 190
      vertex -36.7432 75.5377 305
      vertex -54.5564 43.8589 190
    endloop
  endfacet
  facet normal 0.899259 0.437417 5.84703e-07
    outer loop
      vertex -36.7432 75.5377 305
      vertex -35.8683 73.7392 190
      vertex -41.9922 86.3288 305
    endloop
  endfacet
  facet normal 0.899259 0.437417 5.84703e-07
    outer loop
      vertex -30.6193 62.9481 190
      vertex -35.8683 73.7392 190
      vertex -36.7432 75.5377 305
    endloop
  endfacet
  facet normal -0.59432 0.745252 -0.302296
    outer loop
      vertex -59.0515 121.4 425
      vertex -41.9922 86.3288 305
      vertex -74.8202 60.1493 305
    endloop
  endfacet
  facet normal -0.59432 0.745252 -0.302297
    outer loop
      vertex -59.0515 121.4 425
      vertex -74.8202 60.1493 305
      vertex -105.216 84.585 425
    endloop
  endfacet
  facet normal -0.626554 -0.779378 2.96081e-07
    outer loop
      vertex -74.8202 60.1493 305
      vertex -95.8634 77.0663 425
      vertex -105.216 84.585 425
    endloop
  endfacet
  facet normal -0.626558 -0.779375 -8.78708e-07
    outer loop
      vertex -95.8634 77.0663 425
      vertex -74.8202 60.1493 305
      vertex -65.4677 52.6306 305
    endloop
  endfacet
  facet normal 0.594322 -0.745251 0.302296
    outer loop
      vertex -65.4677 52.6306 305
      vertex -53.8025 110.609 425
      vertex -95.8634 77.0663 425
    endloop
  endfacet
  facet normal 0.59432 -0.745252 0.302297
    outer loop
      vertex -36.7432 75.5377 305
      vertex -53.8025 110.609 425
      vertex -65.4677 52.6306 305
    endloop
  endfacet
  facet normal 0.899257 0.43742 -1.26564e-06
    outer loop
      vertex -53.8025 110.609 425
      vertex -41.9922 86.3288 305
      vertex -59.0515 121.4 425
    endloop
  endfacet
  facet normal 0.899259 0.437417 -4.45466e-07
    outer loop
      vertex -41.9922 86.3288 305
      vertex -53.8025 110.609 425
      vertex -36.7432 75.5377 305
    endloop
  endfacet
  facet normal -0.608702 0.763287 -0.216508
    outer loop
      vertex -69.987 143.881 535
      vertex -59.0515 121.4 425
      vertex -105.216 84.585 425
    endloop
  endfacet
  facet normal -0.6087 0.763288 -0.216509
    outer loop
      vertex -69.987 143.881 535
      vertex -105.216 84.585 425
      vertex -124.7 100.249 535
    endloop
  endfacet
  facet normal -0.626584 -0.779354 -4.97832e-06
    outer loop
      vertex -105.216 84.585 425
      vertex -115.348 92.7302 535
      vertex -124.7 100.249 535
    endloop
  endfacet
  facet normal -0.626554 -0.779378 -5.08239e-07
    outer loop
      vertex -105.216 84.585 425
      vertex -95.8634 77.0663 425
      vertex -115.348 92.7302 535
    endloop
  endfacet
  facet normal 0.608697 -0.763289 0.216512
    outer loop
      vertex -95.8634 77.0663 425
      vertex -64.7379 133.09 535
      vertex -115.348 92.7302 535
    endloop
  endfacet
  facet normal 0.608704 -0.763285 0.216508
    outer loop
      vertex -53.8025 110.609 425
      vertex -64.7379 133.09 535
      vertex -95.8634 77.0663 425
    endloop
  endfacet
  facet normal 0.899254 0.437427 -2.77274e-08
    outer loop
      vertex -64.7379 133.09 535
      vertex -59.0515 121.4 425
      vertex -69.987 143.881 535
    endloop
  endfacet
  facet normal 0.899257 0.43742 8.57886e-07
    outer loop
      vertex -53.8025 110.609 425
      vertex -59.0515 121.4 425
      vertex -64.7379 133.09 535
    endloop
  endfacet
  facet normal -0.623208 0.78148 0.0300053
    outer loop
      vertex -69.1121 142.083 600
      vertex -69.987 143.881 535
      vertex -123.142 98.9957 600
    endloop
  endfacet
  facet normal -0.623208 0.781481 0.030006
    outer loop
      vertex -123.142 98.9957 600
      vertex -69.987 143.881 535
      vertex -124.7 100.249 535
    endloop
  endfacet
  facet normal -0.626584 -0.779354 -8.42484e-06
    outer loop
      vertex -115.348 92.7302 535
      vertex -123.142 98.9957 600
      vertex -124.7 100.249 535
    endloop
  endfacet
  facet normal -0.626533 -0.779395 1.60649e-06
    outer loop
      vertex -115.348 92.7302 535
      vertex -113.789 91.4771 600
      vertex -123.142 98.9957 600
    endloop
  endfacet
  facet normal 0.623205 -0.781482 -0.0300131
    outer loop
      vertex -64.7379 133.09 535
      vertex -113.789 91.4771 600
      vertex -115.348 92.7302 535
    endloop
  endfacet
  facet normal 0.623212 -0.781477 -0.0300043
    outer loop
      vertex -64.7379 133.09 535
      vertex -63.8631 131.292 600
      vertex -113.789 91.4771 600
    endloop
  endfacet
  facet normal 0.899254 0.437427 -4.05656e-06
    outer loop
      vertex -69.1121 142.083 600
      vertex -64.7379 133.09 535
      vertex -69.987 143.881 535
    endloop
  endfacet
  facet normal 0.899257 0.43742 -2.90361e-06
    outer loop
      vertex -63.8631 131.292 600
      vertex -64.7379 133.09 535
      vertex -69.1121 142.083 600
    endloop
  endfacet
  facet normal 0 0 -1
    outer loop
      vertex -103.657 83.3318 0
      vertex -63.4257 130.392 0
      vertex -58.1767 119.601 0
    endloop
  endfacet
  facet normal 0 0 -1
    outer loop
      vertex -63.4257 130.392 0
      vertex -103.657 83.3318 0
      vertex -113.01 90.8505 0
    endloop
  endfacet
  facet normal 0 0 1
    outer loop
      vertex -69.1121 142.083 600
      vertex -113.789 91.4771 600
      vertex -63.8631 131.292 600
    endloop
  endfacet
  facet normal 0 -0 1
    outer loop
      vertex -113.789 91.4771 600
      vertex -69.1121 142.083 600
      vertex -123.142 98.9957 600
    endloop
  endfacet
  facet normal -0.867831 0.418012 0.26858
    outer loop
      vertex -113.72 89.9601 0
      vertex -108.982 81.1636 29
      vertex -107.221 84.8196 29
    endloop
  endfacet
  facet normal -0.867869 0.417949 0.268556
    outer loop
      vertex -108.982 81.1636 29
      vertex -141.237 32.8204 0
      vertex -98.0342 77.5518 70
    endloop
  endfacet
  facet normal -0.867869 0.417943 0.268565
    outer loop
      vertex -141.237 32.8204 0
      vertex -108.982 81.1636 29
      vertex -113.72 89.9601 0
    endloop
  endfacet
  facet normal -0.86784 0.41801 0.268554
    outer loop
      vertex -106.571 84.3053 31.9011
      vertex -108.982 81.1636 29
      vertex -98.0342 77.5518 70
    endloop
  endfacet
  facet normal -0.867872 0.417938 0.268565
    outer loop
      vertex -141.237 32.8204 0
      vertex -131.578 34.2426 29
      vertex -98.0342 77.5518 70
    endloop
  endfacet
  facet normal -0.867873 0.417935 0.268565
    outer loop
      vertex -131.578 34.2426 29
      vertex -141.237 32.8204 0
      vertex -133.166 30.945 29
    endloop
  endfacet
  facet normal -0.867879 0.417931 0.268552
    outer loop
      vertex -121.756 28.2935 70
      vertex -131.578 34.2426 29
      vertex -132.351 30.7556 31.9285
    endloop
  endfacet
  facet normal -0.86787 0.417949 0.268552
    outer loop
      vertex -131.578 34.2426 29
      vertex -121.756 28.2935 70
      vertex -98.0342 77.5518 70
    endloop
  endfacet
  facet normal -0.226342 -0.974048 2.58496e-06
    outer loop
      vertex -129.548 30.1042 0
      vertex -133.166 30.945 29
      vertex -141.237 32.8204 0
    endloop
  endfacet
  facet normal -0.226352 -0.974046 0
    outer loop
      vertex -132.351 30.7556 29
      vertex -121.756 28.2935 70
      vertex -132.351 30.7556 31.9285
    endloop
  endfacet
  facet normal -0.226355 -0.974045 7.30687e-07
    outer loop
      vertex -132.351 30.7556 29
      vertex -129.548 30.1042 0
      vertex -121.756 28.2935 70
    endloop
  endfacet
  facet normal -0.226361 -0.974044 1.15393e-07
    outer loop
      vertex -133.166 30.945 29
      vertex -129.548 30.1042 0
      vertex -132.351 30.7556 29
    endloop
  endfacet
  facet normal -0.226342 -0.974048 -7.64139e-07
    outer loop
      vertex -110.067 25.5773 70
      vertex -121.756 28.2935 70
      vertex -129.548 30.1042 0
    endloop
  endfacet
  facet normal 0.867871 -0.417948 -0.268552
    outer loop
      vertex -104.308 82.5152 0
      vertex -88.6229 70.1069 70
      vertex -129.548 30.1042 0
    endloop
  endfacet
  facet normal 0.867872 -0.417941 -0.268557
    outer loop
      vertex -88.6229 70.1069 70
      vertex -110.067 25.5773 70
      vertex -129.548 30.1042 0
    endloop
  endfacet
  facet normal 0.62041 0.784277 7.85727e-06
    outer loop
      vertex -88.6229 70.1069 70
      vertex -106.571 84.3053 31.9011
      vertex -98.0342 77.5518 70
    endloop
  endfacet
  facet normal 0.620421 0.784269 0
    outer loop
      vertex -88.6229 70.1069 70
      vertex -106.571 84.3053 29
      vertex -106.571 84.3053 31.9011
    endloop
  endfacet
  facet normal 0.620417 0.784272 2.66684e-06
    outer loop
      vertex -104.308 82.5152 0
      vertex -106.571 84.3053 29
      vertex -88.6229 70.1069 70
    endloop
  endfacet
  facet normal 0.620493 0.784212 1.23103e-05
    outer loop
      vertex -104.308 82.5152 0
      vertex -107.221 84.8196 29
      vertex -106.571 84.3053 29
    endloop
  endfacet
  facet normal 0.620382 0.7843 -5.80176e-06
    outer loop
      vertex -107.221 84.8196 29
      vertex -104.308 82.5152 0
      vertex -113.72 89.9601 0
    endloop
  endfacet
  facet normal -0.850476 0.409572 0.330064
    outer loop
      vertex -64.3105 50.874 190
      vertex -98.0342 77.5518 70
      vertex -121.756 28.2935 70
    endloop
  endfacet
  facet normal -0.850477 0.409567 0.330066
    outer loop
      vertex -79.8718 18.5605 190
      vertex -64.3105 50.874 190
      vertex -121.756 28.2935 70
    endloop
  endfacet
  facet normal -0.226342 -0.974048 -2.20336e-06
    outer loop
      vertex -110.067 25.5773 70
      vertex -79.8718 18.5605 190
      vertex -121.756 28.2935 70
    endloop
  endfacet
  facet normal -0.226351 -0.974046 2.32945e-07
    outer loop
      vertex -68.1833 15.8443 190
      vertex -79.8718 18.5605 190
      vertex -110.067 25.5773 70
    endloop
  endfacet
  facet normal 0.850479 -0.409565 -0.330064
    outer loop
      vertex -88.6229 70.1069 70
      vertex -54.8992 43.429 190
      vertex -110.067 25.5773 70
    endloop
  endfacet
  facet normal 0.850478 -0.409569 -0.330062
    outer loop
      vertex -54.8992 43.429 190
      vertex -68.1833 15.8443 190
      vertex -110.067 25.5773 70
    endloop
  endfacet
  facet normal 0.620415 0.784273 5.37339e-07
    outer loop
      vertex -88.6229 70.1069 70
      vertex -64.3105 50.874 190
      vertex -54.8992 43.429 190
    endloop
  endfacet
  facet normal 0.62041 0.784277 2.22571e-06
    outer loop
      vertex -64.3105 50.874 190
      vertex -88.6229 70.1069 70
      vertex -98.0342 77.5518 70
    endloop
  endfacet
  facet normal -0.894678 0.430855 -0.117963
    outer loop
      vertex -75.2903 59.5598 305
      vertex -64.3105 50.874 190
      vertex -93.5085 21.7294 305
    endloop
  endfacet
  facet normal -0.894679 0.430853 -0.117963
    outer loop
      vertex -64.3105 50.874 190
      vertex -79.8718 18.5605 190
      vertex -93.5085 21.7294 305
    endloop
  endfacet
  facet normal -0.226349 -0.974046 -1.80209e-17
    outer loop
      vertex -79.8718 18.5605 190
      vertex -81.8199 19.0132 305
      vertex -93.5085 21.7294 305
    endloop
  endfacet
  facet normal -0.226351 -0.974046 -3.28045e-08
    outer loop
      vertex -79.8718 18.5605 190
      vertex -68.1833 15.8443 190
      vertex -81.8199 19.0132 305
    endloop
  endfacet
  facet normal 0.894678 -0.430855 0.117963
    outer loop
      vertex -54.8992 43.429 190
      vertex -65.879 52.1148 305
      vertex -81.8199 19.0132 305
    endloop
  endfacet
  facet normal 0.894678 -0.430855 0.117963
    outer loop
      vertex -68.1833 15.8443 190
      vertex -54.8992 43.429 190
      vertex -81.8199 19.0132 305
    endloop
  endfacet
  facet normal 0.620415 0.784273 -4.24202e-08
    outer loop
      vertex -64.3105 50.874 190
      vertex -65.879 52.1148 305
      vertex -54.8992 43.429 190
    endloop
  endfacet
  facet normal 0.620415 0.784273 -4.24202e-08
    outer loop
      vertex -65.879 52.1148 305
      vertex -64.3105 50.874 190
      vertex -75.2903 59.5598 305
    endloop
  endfacet
  facet normal -0.858818 0.41358 -0.302296
    outer loop
      vertex -105.877 83.756 425
      vertex -75.2903 59.5598 305
      vertex -131.496 30.5569 425
    endloop
  endfacet
  facet normal -0.858817 0.413585 -0.302293
    outer loop
      vertex -75.2903 59.5598 305
      vertex -93.5085 21.7294 305
      vertex -131.496 30.5569 425
    endloop
  endfacet
  facet normal -0.226352 -0.974046 -1.40892e-06
    outer loop
      vertex -93.5085 21.7294 305
      vertex -119.808 27.8408 425
      vertex -131.496 30.5569 425
    endloop
  endfacet
  facet normal -0.226349 -0.974046 -6.88789e-07
    outer loop
      vertex -93.5085 21.7294 305
      vertex -81.8199 19.0132 305
      vertex -119.808 27.8408 425
    endloop
  endfacet
  facet normal 0.858814 -0.413588 0.302296
    outer loop
      vertex -65.879 52.1148 305
      vertex -96.4657 76.311 425
      vertex -119.808 27.8408 425
    endloop
  endfacet
  facet normal 0.858816 -0.413584 0.302298
    outer loop
      vertex -81.8199 19.0132 305
      vertex -65.879 52.1148 305
      vertex -119.808 27.8408 425
    endloop
  endfacet
  facet normal 0.620415 0.784273 1.97527e-07
    outer loop
      vertex -75.2903 59.5598 305
      vertex -96.4657 76.311 425
      vertex -65.879 52.1148 305
    endloop
  endfacet
  facet normal 0.620415 0.784273 1.97527e-07
    outer loop
      vertex -96.4657 76.311 425
      vertex -75.2903 59.5598 305
      vertex -105.877 83.756 425
    endloop
  endfacet
  facet normal -0.879601 0.423584 -0.216512
    outer loop
      vertex -125.484 99.2664 535
      vertex -105.877 83.756 425
      vertex -155.847 36.2156 535
    endloop
  endfacet
  facet normal -0.8796 0.423588 -0.21651
    outer loop
      vertex -105.877 83.756 425
      vertex -131.496 30.5569 425
      vertex -155.847 36.2156 535
    endloop
  endfacet
  facet normal -0.226352 -0.974046 -6.55712e-07
    outer loop
      vertex -131.496 30.5569 425
      vertex -144.159 33.4995 535
      vertex -155.847 36.2156 535
    endloop
  endfacet
  facet normal -0.226352 -0.974046 -6.55712e-07
    outer loop
      vertex -131.496 30.5569 425
      vertex -119.808 27.8408 425
      vertex -144.159 33.4995 535
    endloop
  endfacet
  facet normal 0.879599 -0.423588 0.216514
    outer loop
      vertex -96.4657 76.311 425
      vertex -116.073 91.8214 535
      vertex -144.159 33.4995 535
    endloop
  endfacet
  facet normal 0.879596 -0.423596 0.21651
    outer loop
      vertex -119.808 27.8408 425
      vertex -96.4657 76.311 425
      vertex -144.159 33.4995 535
    endloop
  endfacet
  facet normal 0.620415 0.784273 2.51589e-06
    outer loop
      vertex -105.877 83.756 425
      vertex -116.073 91.8214 535
      vertex -96.4657 76.311 425
    endloop
  endfacet
  facet normal 0.620428 0.784264 4.34902e-06
    outer loop
      vertex -116.073 91.8214 535
      vertex -105.877 83.756 425
      vertex -125.484 99.2664 535
    endloop
  endfacet
  facet normal -0.900567 0.433681 0.0300176
    outer loop
      vertex -123.915 98.0255 600
      vertex -125.484 99.2664 535
      vertex -155.847 36.2156 535
    endloop
  endfacet
  facet normal -0.900564 0.433687 0.0300097
    outer loop
      vertex -153.899 35.7629 600
      vertex -123.915 98.0255 600
      vertex -155.847 36.2156 535
    endloop
  endfacet
  facet normal -0.226352 -0.974046 -2.49755e-07
    outer loop
      vertex -144.159 33.4995 535
      vertex -153.899 35.7629 600
      vertex -155.847 36.2156 535
    endloop
  endfacet
  facet normal -0.226352 -0.974046 -2.49755e-07
    outer loop
      vertex -144.159 33.4995 535
      vertex -142.211 33.0468 600
      vertex -153.899 35.7629 600
    endloop
  endfacet
  facet normal 0.900565 -0.433684 -0.0300169
    outer loop
      vertex -116.073 91.8214 535
      vertex -114.504 90.5806 600
      vertex -144.159 33.4995 535
    endloop
  endfacet
  facet normal 0.900562 -0.433691 -0.0300096
    outer loop
      vertex -114.504 90.5806 600
      vertex -142.211 33.0468 600
      vertex -144.159 33.4995 535
    endloop
  endfacet
  facet normal 0.620422 0.784268 -4.97357e-06
    outer loop
      vertex -116.073 91.8214 535
      vertex -123.915 98.0255 600
      vertex -114.504 90.5806 600
    endloop
  endfacet
  facet normal 0.620428 0.784264 -3.96815e-06
    outer loop
      vertex -123.915 98.0255 600
      vertex -116.073 91.8214 535
      vertex -125.484 99.2664 535
    endloop
  endfacet
  facet normal 0 0 -1
    outer loop
      vertex -129.548 30.1042 0
      vertex -113.72 89.9601 0
      vertex -104.308 82.5152 0
    endloop
  endfacet
  facet normal 0 0 -1
    outer loop
      vertex -113.72 89.9601 0
      vertex -129.548 30.1042 0
      vertex -141.237 32.8204 0
    endloop
  endfacet
  facet normal 0 0 1
    outer loop
      vertex -123.915 98.0255 600
      vertex -142.211 33.0468 600
      vertex -114.504 90.5806 600
    endloop
  endfacet
  facet normal 0 -0 1
    outer loop
      vertex -142.211 33.0468 600
      vertex -123.915 98.0255 600
      vertex -153.899 35.7629 600
    endloop
  endfacet
  facet normal -0.867873 -0.417935 0.268565
    outer loop
      vertex -141.237 -32.8204 0
      vertex -131.578 -34.2426 29
      vertex -133.166 -30.945 29
    endloop
  endfacet
  facet normal -0.867872 -0.417938 0.268565
    outer loop
      vertex -131.578 -34.2426 29
      vertex -141.237 -32.8204 0
      vertex -98.0342 -77.5518 70
    endloop
  endfacet
  facet normal -0.867879 -0.417931 0.268552
    outer loop
      vertex -131.578 -34.2426 29
      vertex -121.756 -28.2935 70
      vertex -132.351 -30.7556 31.9285
    endloop
  endfacet
  facet normal -0.86787 -0.417949 0.268552
    outer loop
      vertex -121.756 -28.2935 70
      vertex -131.578 -34.2426 29
      vertex -98.0342 -77.5518 70
    endloop
  endfacet
  facet normal -0.867869 -0.417949 0.268556
    outer loop
      vertex -141.237 -32.8204 0
      vertex -108.982 -81.1636 29
      vertex -98.0342 -77.5518 70
    endloop
  endfacet
  facet normal -0.867869 -0.417943 0.268565
    outer loop
      vertex -113.72 -89.9601 0
      vertex -108.982 -81.1636 29
      vertex -141.237 -32.8204 0
    endloop
  endfacet
  facet normal -0.867831 -0.418012 0.26858
    outer loop
      vertex -108.982 -81.1636 29
      vertex -113.72 -89.9601 0
      vertex -107.221 -84.8196 29
    endloop
  endfacet
  facet normal -0.86784 -0.41801 0.268554
    outer loop
      vertex -98.0342 -77.5518 70
      vertex -108.982 -81.1636 29
      vertex -106.571 -84.3053 31.9011
    endloop
  endfacet
  facet normal 0.620382 -0.7843 -5.80176e-06
    outer loop
      vertex -104.308 -82.5152 0
      vertex -107.221 -84.8196 29
      vertex -113.72 -89.9601 0
    endloop
  endfacet
  facet normal 0.62041 -0.784277 7.85727e-06
    outer loop
      vertex -106.571 -84.3053 31.9011
      vertex -88.6229 -70.1069 70
      vertex -98.0342 -77.5518 70
    endloop
  endfacet
  facet normal 0.620421 -0.784269 0
    outer loop
      vertex -106.571 -84.3053 29
      vertex -88.6229 -70.1069 70
      vertex -106.571 -84.3053 31.9011
    endloop
  endfacet
  facet normal 0.620493 -0.784212 1.23103e-05
    outer loop
      vertex -107.221 -84.8196 29
      vertex -104.308 -82.5152 0
      vertex -106.571 -84.3053 29
    endloop
  endfacet
  facet normal 0.620417 -0.784272 2.66684e-06
    outer loop
      vertex -106.571 -84.3053 29
      vertex -104.308 -82.5152 0
      vertex -88.6229 -70.1069 70
    endloop
  endfacet
  facet normal 0.867872 0.417941 -0.268557
    outer loop
      vertex -110.067 -25.5773 70
      vertex -88.6229 -70.1069 70
      vertex -129.548 -30.1042 0
    endloop
  endfacet
  facet normal 0.867871 0.417948 -0.268552
    outer loop
      vertex -88.6229 -70.1069 70
      vertex -104.308 -82.5152 0
      vertex -129.548 -30.1042 0
    endloop
  endfacet
  facet normal -0.226342 0.974048 -7.64139e-07
    outer loop
      vertex -121.756 -28.2935 70
      vertex -110.067 -25.5773 70
      vertex -129.548 -30.1042 0
    endloop
  endfacet
  facet normal -0.226352 0.974046 0
    outer loop
      vertex -121.756 -28.2935 70
      vertex -132.351 -30.7556 29
      vertex -132.351 -30.7556 31.9285
    endloop
  endfacet
  facet normal -0.226355 0.974045 7.30687e-07
    outer loop
      vertex -129.548 -30.1042 0
      vertex -132.351 -30.7556 29
      vertex -121.756 -28.2935 70
    endloop
  endfacet
  facet normal -0.226361 0.974044 1.15393e-07
    outer loop
      vertex -129.548 -30.1042 0
      vertex -133.166 -30.945 29
      vertex -132.351 -30.7556 29
    endloop
  endfacet
  facet normal -0.226342 0.974048 2.58496e-06
    outer loop
      vertex -133.166 -30.945 29
      vertex -129.548 -30.1042 0
      vertex -141.237 -32.8204 0
    endloop
  endfacet
  facet normal -0.850477 -0.409567 0.330066
    outer loop
      vertex -64.3105 -50.874 190
      vertex -79.8718 -18.5605 190
      vertex -121.756 -28.2935 70
    endloop
  endfacet
  facet normal -0.850476 -0.409572 0.330064
    outer loop
      vertex -98.0342 -77.5518 70
      vertex -64.3105 -50.874 190
      vertex -121.756 -28.2935 70
    endloop
  endfacet
  facet normal 0.62041 -0.784277 2.22571e-06
    outer loop
      vertex -88.6229 -70.1069 70
      vertex -64.3105 -50.874 190
      vertex -98.0342 -77.5518 70
    endloop
  endfacet
  facet normal 0.620415 -0.784273 5.37339e-07
    outer loop
      vertex -64.3105 -50.874 190
      vertex -88.6229 -70.1069 70
      vertex -54.8992 -43.429 190
    endloop
  endfacet
  facet normal 0.850478 0.409569 -0.330062
    outer loop
      vertex -68.1833 -15.8443 190
      vertex -54.8992 -43.429 190
      vertex -110.067 -25.5773 70
    endloop
  endfacet
  facet normal 0.850479 0.409565 -0.330064
    outer loop
      vertex -54.8992 -43.429 190
      vertex -88.6229 -70.1069 70
      vertex -110.067 -25.5773 70
    endloop
  endfacet
  facet normal -0.226351 0.974046 2.32945e-07
    outer loop
      vertex -79.8718 -18.5605 190
      vertex -68.1833 -15.8443 190
      vertex -110.067 -25.5773 70
    endloop
  endfacet
  facet normal -0.226342 0.974048 -2.20336e-06
    outer loop
      vertex -79.8718 -18.5605 190
      vertex -110.067 -25.5773 70
      vertex -121.756 -28.2935 70
    endloop
  endfacet
  facet normal -0.894679 -0.430853 -0.117963
    outer loop
      vertex -79.8718 -18.5605 190
      vertex -64.3105 -50.874 190
      vertex -93.5085 -21.7294 305
    endloop
  endfacet
  facet normal -0.894678 -0.430855 -0.117963
    outer loop
      vertex -64.3105 -50.874 190
      vertex -75.2903 -59.5598 305
      vertex -93.5085 -21.7294 305
    endloop
  endfacet
  facet normal 0.620415 -0.784273 -4.24202e-08
    outer loop
      vertex -64.3105 -50.874 190
      vertex -65.879 -52.1148 305
      vertex -75.2903 -59.5598 305
    endloop
  endfacet
  facet normal 0.620415 -0.784273 -4.24202e-08
    outer loop
      vertex -65.879 -52.1148 305
      vertex -64.3105 -50.874 190
      vertex -54.8992 -43.429 190
    endloop
  endfacet
  facet normal 0.894678 0.430855 0.117963
    outer loop
      vertex -54.8992 -43.429 190
      vertex -68.1833 -15.8443 190
      vertex -81.8199 -19.0132 305
    endloop
  endfacet
  facet normal 0.894678 0.430855 0.117963
    outer loop
      vertex -65.879 -52.1148 305
      vertex -54.8992 -43.429 190
      vertex -81.8199 -19.0132 305
    endloop
  endfacet
  facet normal -0.226351 0.974046 -3.28045e-08
    outer loop
      vertex -68.1833 -15.8443 190
      vertex -79.8718 -18.5605 190
      vertex -81.8199 -19.0132 305
    endloop
  endfacet
  facet normal -0.226349 0.974046 -1.80209e-17
    outer loop
      vertex -81.8199 -19.0132 305
      vertex -79.8718 -18.5605 190
      vertex -93.5085 -21.7294 305
    endloop
  endfacet
  facet normal -0.858817 -0.413585 -0.302293
    outer loop
      vertex -93.5085 -21.7294 305
      vertex -75.2903 -59.5598 305
      vertex -131.496 -30.5569 425
    endloop
  endfacet
  facet normal -0.858818 -0.41358 -0.302296
    outer loop
      vertex -75.2903 -59.5598 305
      vertex -105.877 -83.756 425
      vertex -131.496 -30.5569 425
    endloop
  endfacet
  facet normal 0.620415 -0.784273 1.97527e-07
    outer loop
      vertex -75.2903 -59.5598 305
      vertex -96.4657 -76.311 425
      vertex -105.877 -83.756 425
    endloop
  endfacet
  facet normal 0.620415 -0.784273 1.97527e-07
    outer loop
      vertex -96.4657 -76.311 425
      vertex -75.2903 -59.5598 305
      vertex -65.879 -52.1148 305
    endloop
  endfacet
  facet normal 0.858816 0.413584 0.302298
    outer loop
      vertex -65.879 -52.1148 305
      vertex -81.8199 -19.0132 305
      vertex -119.808 -27.8408 425
    endloop
  endfacet
  facet normal 0.858814 0.413588 0.302296
    outer loop
      vertex -96.4657 -76.311 425
      vertex -65.879 -52.1148 305
      vertex -119.808 -27.8408 425
    endloop
  endfacet
  facet normal -0.226349 0.974046 -6.88789e-07
    outer loop
      vertex -81.8199 -19.0132 305
      vertex -93.5085 -21.7294 305
      vertex -119.808 -27.8408 425
    endloop
  endfacet
  facet normal -0.226352 0.974046 -1.40892e-06
    outer loop
      vertex -119.808 -27.8408 425
      vertex -93.5085 -21.7294 305
      vertex -131.496 -30.5569 425
    endloop
  endfacet
  facet normal -0.8796 -0.423588 -0.21651
    outer loop
      vertex -131.496 -30.5569 425
      vertex -105.877 -83.756 425
      vertex -155.847 -36.2156 535
    endloop
  endfacet
  facet normal -0.879601 -0.423584 -0.216512
    outer loop
      vertex -105.877 -83.756 425
      vertex -125.484 -99.2664 535
      vertex -155.847 -36.2156 535
    endloop
  endfacet
  facet normal 0.620428 -0.784264 4.34902e-06
    outer loop
      vertex -105.877 -83.756 425
      vertex -116.073 -91.8214 535
      vertex -125.484 -99.2664 535
    endloop
  endfacet
  facet normal 0.620415 -0.784273 2.51589e-06
    outer loop
      vertex -116.073 -91.8214 535
      vertex -105.877 -83.756 425
      vertex -96.4657 -76.311 425
    endloop
  endfacet
  facet normal 0.879596 0.423596 0.21651
    outer loop
      vertex -96.4657 -76.311 425
      vertex -119.808 -27.8408 425
      vertex -144.159 -33.4995 535
    endloop
  endfacet
  facet normal 0.879599 0.423588 0.216514
    outer loop
      vertex -116.073 -91.8214 535
      vertex -96.4657 -76.311 425
      vertex -144.159 -33.4995 535
    endloop
  endfacet
  facet normal -0.226352 0.974046 -6.55712e-07
    outer loop
      vertex -119.808 -27.8408 425
      vertex -131.496 -30.5569 425
      vertex -144.159 -33.4995 535
    endloop
  endfacet
  facet normal -0.226352 0.974046 -6.55712e-07
    outer loop
      vertex -144.159 -33.4995 535
      vertex -131.496 -30.5569 425
      vertex -155.847 -36.2156 535
    endloop
  endfacet
  facet normal -0.900564 -0.433687 0.0300097
    outer loop
      vertex -123.915 -98.0255 600
      vertex -153.899 -35.7629 600
      vertex -155.847 -36.2156 535
    endloop
  endfacet
  facet normal -0.900567 -0.433681 0.0300176
    outer loop
      vertex -125.484 -99.2664 535
      vertex -123.915 -98.0255 600
      vertex -155.847 -36.2156 535
    endloop
  endfacet
  facet normal 0.620428 -0.784264 -3.96815e-06
    outer loop
      vertex -116.073 -91.8214 535
      vertex -123.915 -98.0255 600
      vertex -125.484 -99.2664 535
    endloop
  endfacet
  facet normal 0.620422 -0.784268 -4.97357e-06
    outer loop
      vertex -123.915 -98.0255 600
      vertex -116.073 -91.8214 535
      vertex -114.504 -90.5806 600
    endloop
  endfacet
  facet normal 0.900562 0.433691 -0.0300096
    outer loop
      vertex -142.211 -33.0468 600
      vertex -114.504 -90.5806 600
      vertex -144.159 -33.4995 535
    endloop
  endfacet
  facet normal 0.900565 0.433684 -0.0300169
    outer loop
      vertex -114.504 -90.5806 600
      vertex -116.073 -91.8214 535
      vertex -144.159 -33.4995 535
    endloop
  endfacet
  facet normal -0.226352 0.974046 -2.49755e-07
    outer loop
      vertex -142.211 -33.0468 600
      vertex -144.159 -33.4995 535
      vertex -153.899 -35.7629 600
    endloop
  endfacet
  facet normal -0.226352 0.974046 -2.49755e-07
    outer loop
      vertex -153.899 -35.7629 600
      vertex -144.159 -33.4995 535
      vertex -155.847 -36.2156 535
    endloop
  endfacet
  facet normal 0 0 -1
    outer loop
      vertex -113.72 -89.9601 0
      vertex -129.548 -30.1042 0
      vertex -104.308 -82.5152 0
    endloop
  endfacet
  facet normal 0 -0 -1
    outer loop
      vertex -129.548 -30.1042 0
      vertex -113.72 -89.9601 0
      vertex -141.237 -32.8204 0
    endloop
  endfacet
  facet normal 0 0 1
    outer loop
      vertex -142.211 -33.0468 600
      vertex -123.915 -98.0255 600
      vertex -114.504 -90.5806 600
    endloop
  endfacet
  facet normal 0 0 1
    outer loop
      vertex -123.915 -98.0255 600
      vertex -142.211 -33.0468 600
      vertex -153.899 -35.7629 600
    endloop
  endfacet
  facet normal -0.600585 -0.753108 0.268563
    outer loop
      vertex -106.552 -85.659 29
      vertex -113.01 -90.8505 0
      vertex -103.74 -87.9015 29
    endloop
  endfacet
  facet normal -0.600826 -0.753046 0.268197
    outer loop
      vertex -103.74 -87.9015 29
      vertex -105.922 -85.1522 31.8313
      vertex -104.182 -87.4191 29.3643
    endloop
  endfacet
  facet normal -0.600511 -0.753168 0.268559
    outer loop
      vertex -105.922 -85.1522 31.8313
      vertex -103.74 -87.9015 29
      vertex -97.4221 -78.3194 70
    endloop
  endfacet
  facet normal -0.600581 -0.753113 0.268557
    outer loop
      vertex -103.74 -87.9015 29
      vertex -63.4257 -130.392 0
      vertex -97.4221 -78.3194 70
    endloop
  endfacet
  facet normal -0.600578 -0.753114 0.268562
    outer loop
      vertex -63.4257 -130.392 0
      vertex -103.74 -87.9015 29
      vertex -113.01 -90.8505 0
    endloop
  endfacet
  facet normal -0.600582 -0.753111 0.26856
    outer loop
      vertex -97.4221 -78.3194 70
      vertex -59.4543 -122.228 31.7766
      vertex -54.6773 -112.407 70
    endloop
  endfacet
  facet normal -0.600547 -0.753122 0.268608
    outer loop
      vertex -97.4221 -78.3194 70
      vertex -63.03 -120.367 29
      vertex -59.4543 -122.228 31.7766
    endloop
  endfacet
  facet normal -0.600481 -0.753191 0.268564
    outer loop
      vertex -63.03 -120.367 29
      vertex -63.4257 -130.392 0
      vertex -59.8014 -122.941 29
    endloop
  endfacet
  facet normal -0.600608 -0.7531 0.268534
    outer loop
      vertex -63.4257 -130.392 0
      vertex -63.03 -120.367 29
      vertex -97.4221 -78.3194 70
    endloop
  endfacet
  facet normal 0.899257 -0.43742 -8.56435e-07
    outer loop
      vertex -49.4283 -101.616 70
      vertex -54.6773 -112.407 70
      vertex -58.1767 -119.601 0
    endloop
  endfacet
  facet normal 0.899263 -0.437408 0
    outer loop
      vertex -59.4543 -122.228 29
      vertex -54.6773 -112.407 70
      vertex -59.4543 -122.228 31.7766
    endloop
  endfacet
  facet normal 0.89927 -0.437393 -4.28287e-06
    outer loop
      vertex -54.6773 -112.407 70
      vertex -59.4543 -122.228 29
      vertex -58.1767 -119.601 0
    endloop
  endfacet
  facet normal 0.899118 -0.437705 -3.92617e-05
    outer loop
      vertex -59.8014 -122.941 29
      vertex -58.1767 -119.601 0
      vertex -59.4543 -122.228 29
    endloop
  endfacet
  facet normal 0.899257 -0.43742 1.37271e-06
    outer loop
      vertex -58.1767 -119.601 0
      vertex -59.8014 -122.941 29
      vertex -63.4257 -130.392 0
    endloop
  endfacet
  facet normal 0.600584 0.753111 -0.268555
    outer loop
      vertex -49.4283 -101.616 70
      vertex -58.1767 -119.601 0
      vertex -88.0696 -70.8007 70
    endloop
  endfacet
  facet normal 0.600584 0.753111 -0.268555
    outer loop
      vertex -88.0696 -70.8007 70
      vertex -58.1767 -119.601 0
      vertex -103.657 -83.3318 0
    endloop
  endfacet
  facet normal -0.626558 0.779375 9.68535e-06
    outer loop
      vertex -88.0696 -70.8007 70
      vertex -105.922 -85.1522 31.8313
      vertex -97.4221 -78.3194 70
    endloop
  endfacet
  facet normal -0.626546 0.779385 0
    outer loop
      vertex -88.0696 -70.8007 70
      vertex -105.922 -85.1522 29
      vertex -105.922 -85.1522 31.8313
    endloop
  endfacet
  facet normal -0.626532 0.779396 -9.7504e-06
    outer loop
      vertex -103.657 -83.3318 0
      vertex -105.922 -85.1522 29
      vertex -88.0696 -70.8007 70
    endloop
  endfacet
  facet normal -0.626804 0.779177 -4.47803e-05
    outer loop
      vertex -103.657 -83.3318 0
      vertex -106.552 -85.659 29
      vertex -105.922 -85.1522 29
    endloop
  endfacet
  facet normal -0.626538 0.779391 -9.62325e-07
    outer loop
      vertex -106.552 -85.659 29
      vertex -103.657 -83.3318 0
      vertex -113.01 -90.8505 0
    endloop
  endfacet
  facet normal -0.588546 -0.738019 0.330064
    outer loop
      vertex -54.6773 -112.407 70
      vertex -63.9089 -51.3775 190
      vertex -97.4221 -78.3194 70
    endloop
  endfacet
  facet normal -0.58855 -0.738016 0.330062
    outer loop
      vertex -54.6773 -112.407 70
      vertex -35.8683 -73.7392 190
      vertex -63.9089 -51.3775 190
    endloop
  endfacet
  facet normal 0.899259 -0.437417 -1.38389e-06
    outer loop
      vertex -30.6193 -62.9481 190
      vertex -35.8683 -73.7392 190
      vertex -49.4283 -101.616 70
    endloop
  endfacet
  facet normal 0.899257 -0.43742 -4.42226e-07
    outer loop
      vertex -49.4283 -101.616 70
      vertex -35.8683 -73.7392 190
      vertex -54.6773 -112.407 70
    endloop
  endfacet
  facet normal 0.588549 0.738017 -0.330063
    outer loop
      vertex -30.6193 -62.9481 190
      vertex -49.4283 -101.616 70
      vertex -54.5564 -43.8589 190
    endloop
  endfacet
  facet normal 0.588547 0.738018 -0.330064
    outer loop
      vertex -54.5564 -43.8589 190
      vertex -49.4283 -101.616 70
      vertex -88.0696 -70.8007 70
    endloop
  endfacet
  facet normal -0.626553 0.779379 -5.82628e-07
    outer loop
      vertex -63.9089 -51.3775 190
      vertex -54.5564 -43.8589 190
      vertex -88.0696 -70.8007 70
    endloop
  endfacet
  facet normal -0.626558 0.779375 1.0952e-06
    outer loop
      vertex -63.9089 -51.3775 190
      vertex -88.0696 -70.8007 70
      vertex -97.4221 -78.3194 70
    endloop
  endfacet
  facet normal -0.619137 -0.776372 -0.117963
    outer loop
      vertex -63.9089 -51.3775 190
      vertex -41.9922 -86.3288 305
      vertex -74.8202 -60.1493 305
    endloop
  endfacet
  facet normal -0.619138 -0.776372 -0.117963
    outer loop
      vertex -35.8683 -73.7392 190
      vertex -41.9922 -86.3288 305
      vertex -63.9089 -51.3775 190
    endloop
  endfacet
  facet normal 0.899259 -0.437417 5.84703e-07
    outer loop
      vertex -35.8683 -73.7392 190
      vertex -30.6193 -62.9481 190
      vertex -36.7432 -75.5377 305
    endloop
  endfacet
  facet normal 0.899259 -0.437417 5.84703e-07
    outer loop
      vertex -35.8683 -73.7392 190
      vertex -36.7432 -75.5377 305
      vertex -41.9922 -86.3288 305
    endloop
  endfacet
  facet normal 0.619137 0.776373 0.117963
    outer loop
      vertex -36.7432 -75.5377 305
      vertex -30.6193 -62.9481 190
      vertex -54.5564 -43.8589 190
    endloop
  endfacet
  facet normal 0.619138 0.776372 0.117963
    outer loop
      vertex -36.7432 -75.5377 305
      vertex -54.5564 -43.8589 190
      vertex -65.4677 -52.6306 305
    endloop
  endfacet
  facet normal -0.626553 0.779379 -2.72414e-07
    outer loop
      vertex -54.5564 -43.8589 190
      vertex -63.9089 -51.3775 190
      vertex -65.4677 -52.6306 305
    endloop
  endfacet
  facet normal -0.626558 0.779375 -3.85369e-07
    outer loop
      vertex -65.4677 -52.6306 305
      vertex -63.9089 -51.3775 190
      vertex -74.8202 -60.1493 305
    endloop
  endfacet
  facet normal -0.59432 -0.745252 -0.302297
    outer loop
      vertex -74.8202 -60.1493 305
      vertex -59.0515 -121.4 425
      vertex -105.216 -84.585 425
    endloop
  endfacet
  facet normal -0.59432 -0.745252 -0.302296
    outer loop
      vertex -41.9922 -86.3288 305
      vertex -59.0515 -121.4 425
      vertex -74.8202 -60.1493 305
    endloop
  endfacet
  facet normal 0.899259 -0.437417 -4.45466e-07
    outer loop
      vertex -53.8025 -110.609 425
      vertex -41.9922 -86.3288 305
      vertex -36.7432 -75.5377 305
    endloop
  endfacet
  facet normal 0.899257 -0.43742 -1.26564e-06
    outer loop
      vertex -41.9922 -86.3288 305
      vertex -53.8025 -110.609 425
      vertex -59.0515 -121.4 425
    endloop
  endfacet
  facet normal 0.59432 0.745252 0.302297
    outer loop
      vertex -53.8025 -110.609 425
      vertex -36.7432 -75.5377 305
      vertex -65.4677 -52.6306 305
    endloop
  endfacet
  facet normal 0.594322 0.745251 0.302296
    outer loop
      vertex -53.8025 -110.609 425
      vertex -65.4677 -52.6306 305
      vertex -95.8634 -77.0663 425
    endloop
  endfacet
  facet normal -0.626558 0.779375 -8.78708e-07
    outer loop
      vertex -74.8202 -60.1493 305
      vertex -95.8634 -77.0663 425
      vertex -65.4677 -52.6306 305
    endloop
  endfacet
  facet normal -0.626554 0.779378 2.96081e-07
    outer loop
      vertex -95.8634 -77.0663 425
      vertex -74.8202 -60.1493 305
      vertex -105.216 -84.585 425
    endloop
  endfacet
  facet normal -0.6087 -0.763288 -0.216509
    outer loop
      vertex -105.216 -84.585 425
      vertex -69.987 -143.881 535
      vertex -124.7 -100.249 535
    endloop
  endfacet
  facet normal -0.608702 -0.763287 -0.216508
    outer loop
      vertex -59.0515 -121.4 425
      vertex -69.987 -143.881 535
      vertex -105.216 -84.585 425
    endloop
  endfacet
  facet normal 0.899257 -0.43742 8.57886e-07
    outer loop
      vertex -59.0515 -121.4 425
      vertex -53.8025 -110.609 425
      vertex -64.7379 -133.09 535
    endloop
  endfacet
  facet normal 0.899254 -0.437427 -2.77274e-08
    outer loop
      vertex -59.0515 -121.4 425
      vertex -64.7379 -133.09 535
      vertex -69.987 -143.881 535
    endloop
  endfacet
  facet normal 0.608704 0.763285 0.216508
    outer loop
      vertex -64.7379 -133.09 535
      vertex -53.8025 -110.609 425
      vertex -95.8634 -77.0663 425
    endloop
  endfacet
  facet normal 0.608697 0.763289 0.216512
    outer loop
      vertex -64.7379 -133.09 535
      vertex -95.8634 -77.0663 425
      vertex -115.348 -92.7302 535
    endloop
  endfacet
  facet normal -0.626554 0.779378 -5.08239e-07
    outer loop
      vertex -95.8634 -77.0663 425
      vertex -105.216 -84.585 425
      vertex -115.348 -92.7302 535
    endloop
  endfacet
  facet normal -0.626584 0.779354 -4.97832e-06
    outer loop
      vertex -115.348 -92.7302 535
      vertex -105.216 -84.585 425
      vertex -124.7 -100.249 535
    endloop
  endfacet
  facet normal -0.623208 -0.781481 0.030006
    outer loop
      vertex -69.987 -143.881 535
      vertex -123.142 -98.9957 600
      vertex -124.7 -100.249 535
    endloop
  endfacet
  facet normal -0.623208 -0.78148 0.0300053
    outer loop
      vertex -69.987 -143.881 535
      vertex -69.1121 -142.083 600
      vertex -123.142 -98.9957 600
    endloop
  endfacet
  facet normal 0.899257 -0.43742 -2.90361e-06
    outer loop
      vertex -64.7379 -133.09 535
      vertex -63.8631 -131.292 600
      vertex -69.1121 -142.083 600
    endloop
  endfacet
  facet normal 0.899254 -0.437427 -4.05656e-06
    outer loop
      vertex -64.7379 -133.09 535
      vertex -69.1121 -142.083 600
      vertex -69.987 -143.881 535
    endloop
  endfacet
  facet normal 0.623212 0.781477 -0.0300043
    outer loop
      vertex -63.8631 -131.292 600
      vertex -64.7379 -133.09 535
      vertex -113.789 -91.4771 600
    endloop
  endfacet
  facet normal 0.623205 0.781482 -0.0300131
    outer loop
      vertex -113.789 -91.4771 600
      vertex -64.7379 -133.09 535
      vertex -115.348 -92.7302 535
    endloop
  endfacet
  facet normal -0.626533 0.779395 1.60649e-06
    outer loop
      vertex -113.789 -91.4771 600
      vertex -115.348 -92.7302 535
      vertex -123.142 -98.9957 600
    endloop
  endfacet
  facet normal -0.626584 0.779354 -8.42484e-06
    outer loop
      vertex -123.142 -98.9957 600
      vertex -115.348 -92.7302 535
      vertex -124.7 -100.249 535
    endloop
  endfacet
  facet normal 0 0 -1
    outer loop
      vertex -63.4257 -130.392 0
      vertex -103.657 -83.3318 0
      vertex -58.1767 -119.601 0
    endloop
  endfacet
  facet normal 0 -0 -1
    outer loop
      vertex -103.657 -83.3318 0
      vertex -63.4257 -130.392 0
      vertex -113.01 -90.8505 0
    endloop
  endfacet
  facet normal 0 0 1
    outer loop
      vertex -113.789 -91.4771 600
      vertex -69.1121 -142.083 600
      vertex -63.8631 -131.292 600
    endloop
  endfacet
  facet normal 0 0 1
    outer loop
      vertex -69.1121 -142.083 600
      vertex -113.789 -91.4771 600
      vertex -123.142 -98.9957 600
    endloop
  endfacet
  facet normal -0.214416 -0.939089 0.268584
    outer loop
      vertex -58.8339 -123.407 29
      vertex -62.3996 -130.887 0
      vertex -55.006 -124.281 29
    endloop
  endfacet
  facet normal -0.213506 -0.938985 0.269672
    outer loop
      vertex -55.006 -124.281 29
      vertex -58.5069 -122.721 31.6601
      vertex -57.4761 -123.258 30.6064
    endloop
  endfacet
  facet normal -0.214402 -0.939099 0.268559
    outer loop
      vertex -58.5069 -122.721 31.6601
      vertex -55.006 -124.281 29
      vertex -53.7928 -112.833 70
    endloop
  endfacet
  facet normal -0.214346 -0.939112 0.268561
    outer loop
      vertex -55.006 -124.281 29
      vertex -0.569411 -144.999 0
      vertex -53.7928 -112.833 70
    endloop
  endfacet
  facet normal -0.214341 -0.93911 0.268569
    outer loop
      vertex -0.569411 -144.999 0
      vertex -55.006 -124.281 29
      vertex -62.3996 -130.887 0
    endloop
  endfacet
  facet normal -0.21435 -0.939114 0.268551
    outer loop
      vertex -4.52791 -135.802 29
      vertex -0.490872 -124.999 70
      vertex -53.7928 -112.833 70
    endloop
  endfacet
  facet normal -0.214488 -0.939081 0.268556
    outer loop
      vertex -0.490872 -124.999 70
      vertex -4.52791 -135.802 29
      vertex -0.533981 -135.977 31.5779
    endloop
  endfacet
  facet normal -0.214362 -0.939107 0.268566
    outer loop
      vertex -4.52791 -135.802 29
      vertex -0.569411 -144.999 0
      vertex -0.536874 -136.713 29
    endloop
  endfacet
  facet normal -0.214332 -0.939112 0.268572
    outer loop
      vertex -0.569411 -144.999 0
      vertex -4.52791 -135.802 29
      vertex -53.7928 -112.833 70
    endloop
  endfacet
  facet normal 0.999992 -0.00392697 0
    outer loop
      vertex -0.443748 -112.999 70
      vertex -0.490872 -124.999 70
      vertex -0.522288 -132.999 0
    endloop
  endfacet
  facet normal 0.999992 -0.00392682 0
    outer loop
      vertex -0.533981 -135.977 29
      vertex -0.490872 -124.999 70
      vertex -0.533981 -135.977 31.5779
    endloop
  endfacet
  facet normal 0.999992 -0.00392671 -2.91693e-08
    outer loop
      vertex -0.490872 -124.999 70
      vertex -0.533981 -135.977 29
      vertex -0.522288 -132.999 0
    endloop
  endfacet
  facet normal 0.999992 -0.00393068 -4.35997e-07
    outer loop
      vertex -0.536874 -136.713 29
      vertex -0.522288 -132.999 0
      vertex -0.533981 -135.977 29
    endloop
  endfacet
  facet normal 0.999992 -0.00392689 4.93617e-08
    outer loop
      vertex -0.522288 -132.999 0
      vertex -0.536874 -136.713 29
      vertex -0.569411 -144.999 0
    endloop
  endfacet
  facet normal 0.214348 0.939112 -0.268558
    outer loop
      vertex -0.443748 -112.999 70
      vertex -0.522288 -132.999 0
      vertex -48.6287 -102.001 70
    endloop
  endfacet
  facet normal 0.214339 0.939112 -0.268564
    outer loop
      vertex -48.6287 -102.001 70
      vertex -0.522288 -132.999 0
      vertex -57.2355 -120.055 0
    endloop
  endfacet
  facet normal -0.902666 0.430341 -4.52833e-06
    outer loop
      vertex -53.7928 -112.833 70
      vertex -48.6287 -102.001 70
      vertex -57.2355 -120.055 0
    endloop
  endfacet
  facet normal -0.90269 0.430291 -1.80774e-05
    outer loop
      vertex -57.2355 -120.055 0
      vertex -58.8339 -123.407 29
      vertex -58.5069 -122.721 29
    endloop
  endfacet
  facet normal -0.902666 0.430341 -1.09356e-05
    outer loop
      vertex -58.8339 -123.407 29
      vertex -57.2355 -120.055 0
      vertex -62.3996 -130.887 0
    endloop
  endfacet
  facet normal -0.902651 0.430374 -8.68925e-06
    outer loop
      vertex -58.5069 -122.721 29
      vertex -53.7928 -112.833 70
      vertex -57.2355 -120.055 0
    endloop
  endfacet
  facet normal -0.902665 0.430345 0
    outer loop
      vertex -53.7928 -112.833 70
      vertex -58.5069 -122.721 29
      vertex -58.5069 -122.721 31.6601
    endloop
  endfacet
  facet normal -0.210054 -0.920291 0.330063
    outer loop
      vertex -0.490872 -124.999 70
      vertex -35.2881 -74.0186 190
      vertex -53.7928 -112.833 70
    endloop
  endfacet
  facet normal -0.210051 -0.920292 0.330064
    outer loop
      vertex -0.490872 -124.999 70
      vertex -0.322012 -81.9994 190
      vertex -35.2881 -74.0186 190
    endloop
  endfacet
  facet normal 0.999992 -0.003927 3.69722e-09
    outer loop
      vertex -0.322012 -81.9994 190
      vertex -0.443748 -112.999 70
      vertex -0.274888 -69.9995 190
    endloop
  endfacet
  facet normal 0.999992 -0.00392697 -4.75663e-09
    outer loop
      vertex -0.443748 -112.999 70
      vertex -0.322012 -81.9994 190
      vertex -0.490872 -124.999 70
    endloop
  endfacet
  facet normal 0.210052 0.920292 -0.330063
    outer loop
      vertex -0.274888 -69.9995 190
      vertex -0.443748 -112.999 70
      vertex -30.124 -63.1866 190
    endloop
  endfacet
  facet normal 0.210052 0.920292 -0.330063
    outer loop
      vertex -30.124 -63.1866 190
      vertex -0.443748 -112.999 70
      vertex -48.6287 -102.001 70
    endloop
  endfacet
  facet normal -0.902666 0.430341 1.019e-06
    outer loop
      vertex -35.2881 -74.0186 190
      vertex -30.124 -63.1866 190
      vertex -48.6287 -102.001 70
    endloop
  endfacet
  facet normal -0.902666 0.430341 1.019e-06
    outer loop
      vertex -35.2881 -74.0186 190
      vertex -48.6287 -102.001 70
      vertex -53.7928 -112.833 70
    endloop
  endfacet
  facet normal -0.220968 -0.968121 -0.117963
    outer loop
      vertex -35.2881 -74.0186 190
      vertex -0.376989 -95.9993 305
      vertex -41.3129 -86.6559 305
    endloop
  endfacet
  facet normal -0.220968 -0.968121 -0.117963
    outer loop
      vertex -0.322012 -81.9994 190
      vertex -0.376989 -95.9993 305
      vertex -35.2881 -74.0186 190
    endloop
  endfacet
  facet normal 0.999992 -0.003927 -9.26472e-09
    outer loop
      vertex -0.329865 -83.9994 305
      vertex -0.322012 -81.9994 190
      vertex -0.274888 -69.9995 190
    endloop
  endfacet
  facet normal 0.999992 -0.003927 -9.26472e-09
    outer loop
      vertex -0.322012 -81.9994 190
      vertex -0.329865 -83.9994 305
      vertex -0.376989 -95.9993 305
    endloop
  endfacet
  facet normal 0.220968 0.968121 0.117963
    outer loop
      vertex -0.329865 -83.9994 305
      vertex -0.274888 -69.9995 190
      vertex -30.124 -63.1866 190
    endloop
  endfacet
  facet normal 0.220969 0.968121 0.117963
    outer loop
      vertex -0.329865 -83.9994 305
      vertex -30.124 -63.1866 190
      vertex -36.1488 -75.8239 305
    endloop
  endfacet
  facet normal -0.902666 0.430341 -2.55558e-07
    outer loop
      vertex -30.124 -63.1866 190
      vertex -35.2881 -74.0186 190
      vertex -36.1488 -75.8239 305
    endloop
  endfacet
  facet normal -0.902666 0.430341 -2.55558e-07
    outer loop
      vertex -36.1488 -75.8239 305
      vertex -35.2881 -74.0186 190
      vertex -41.3129 -86.6559 305
    endloop
  endfacet
  facet normal -0.212109 -0.929315 -0.302297
    outer loop
      vertex -41.3129 -86.6559 305
      vertex -0.530142 -134.999 425
      vertex -58.0962 -121.86 425
    endloop
  endfacet
  facet normal -0.212111 -0.929315 -0.302296
    outer loop
      vertex -0.376989 -95.9993 305
      vertex -0.530142 -134.999 425
      vertex -41.3129 -86.6559 305
    endloop
  endfacet
  facet normal 0.999992 -0.003927 2.45438e-09
    outer loop
      vertex -0.483018 -122.999 425
      vertex -0.376989 -95.9993 305
      vertex -0.329865 -83.9994 305
    endloop
  endfacet
  facet normal 0.999992 -0.00392697 9.81742e-09
    outer loop
      vertex -0.376989 -95.9993 305
      vertex -0.483018 -122.999 425
      vertex -0.530142 -134.999 425
    endloop
  endfacet
  facet normal 0.212112 0.929315 0.302295
    outer loop
      vertex -0.483018 -122.999 425
      vertex -0.329865 -83.9994 305
      vertex -36.1488 -75.8239 305
    endloop
  endfacet
  facet normal 0.212107 0.929316 0.302296
    outer loop
      vertex -0.483018 -122.999 425
      vertex -36.1488 -75.8239 305
      vertex -52.9321 -111.028 425
    endloop
  endfacet
  facet normal -0.902666 0.430341 5.46673e-07
    outer loop
      vertex -36.1488 -75.8239 305
      vertex -41.3129 -86.6559 305
      vertex -52.9321 -111.028 425
    endloop
  endfacet
  facet normal -0.902666 0.430341 5.46673e-07
    outer loop
      vertex -52.9321 -111.028 425
      vertex -41.3129 -86.6559 305
      vertex -58.0962 -121.86 425
    endloop
  endfacet
  facet normal -0.217239 -0.951803 -0.216514
    outer loop
      vertex -58.0962 -121.86 425
      vertex -0.628317 -159.999 535
      vertex -68.8548 -144.427 535
    endloop
  endfacet
  facet normal -0.217241 -0.951803 -0.216513
    outer loop
      vertex -0.530142 -134.999 425
      vertex -0.628317 -159.999 535
      vertex -58.0962 -121.86 425
    endloop
  endfacet
  facet normal 0.999992 -0.00392697 -3.36429e-19
    outer loop
      vertex -0.581193 -147.999 535
      vertex -0.530142 -134.999 425
      vertex -0.483018 -122.999 425
    endloop
  endfacet
  facet normal 0.999992 -0.00392697 -8.41072e-19
    outer loop
      vertex -0.530142 -134.999 425
      vertex -0.581193 -147.999 535
      vertex -0.628317 -159.999 535
    endloop
  endfacet
  facet normal 0.21724 0.951803 0.216513
    outer loop
      vertex -0.581193 -147.999 535
      vertex -0.483018 -122.999 425
      vertex -52.9321 -111.028 425
    endloop
  endfacet
  facet normal 0.217238 0.951803 0.216514
    outer loop
      vertex -0.581193 -147.999 535
      vertex -52.9321 -111.028 425
      vertex -63.6907 -133.595 535
    endloop
  endfacet
  facet normal -0.902666 0.430341 8.25378e-07
    outer loop
      vertex -52.9321 -111.028 425
      vertex -58.0962 -121.86 425
      vertex -63.6907 -133.595 535
    endloop
  endfacet
  facet normal -0.902666 0.430341 8.25378e-07
    outer loop
      vertex -63.6907 -133.595 535
      vertex -58.0962 -121.86 425
      vertex -68.8548 -144.427 535
    endloop
  endfacet
  facet normal -0.222417 -0.974489 0.030021
    outer loop
      vertex -0.628317 -159.999 535
      vertex -67.9941 -142.621 600
      vertex -68.8548 -144.427 535
    endloop
  endfacet
  facet normal -0.222426 -0.974487 0.0300111
    outer loop
      vertex -0.628317 -159.999 535
      vertex -0.620462 -157.999 600
      vertex -67.9941 -142.621 600
    endloop
  endfacet
  facet normal 0.999992 -0.00392689 -2.56408e-09
    outer loop
      vertex -0.620462 -157.999 600
      vertex -0.581193 -147.999 535
      vertex -0.573339 -145.999 600
    endloop
  endfacet
  facet normal 0.999992 -0.00392697 -1.53845e-08
    outer loop
      vertex -0.581193 -147.999 535
      vertex -0.620462 -157.999 600
      vertex -0.628317 -159.999 535
    endloop
  endfacet
  facet normal 0.222426 0.974488 -0.0300111
    outer loop
      vertex -0.573339 -145.999 600
      vertex -0.581193 -147.999 535
      vertex -62.83 -131.789 600
    endloop
  endfacet
  facet normal 0.222416 0.97449 -0.0300209
    outer loop
      vertex -62.83 -131.789 600
      vertex -0.581193 -147.999 535
      vertex -63.6907 -133.595 535
    endloop
  endfacet
  facet normal -0.902666 0.430341 -4.18231e-06
    outer loop
      vertex -62.83 -131.789 600
      vertex -63.6907 -133.595 535
      vertex -67.9941 -142.621 600
    endloop
  endfacet
  facet normal -0.902666 0.430341 -4.18231e-06
    outer loop
      vertex -67.9941 -142.621 600
      vertex -63.6907 -133.595 535
      vertex -68.8548 -144.427 535
    endloop
  endfacet
  facet normal 0 0 -1
    outer loop
      vertex -0.569411 -144.999 0
      vertex -57.2355 -120.055 0
      vertex -0.522288 -132.999 0
    endloop
  endfacet
  facet normal 0 -0 -1
    outer loop
      vertex -57.2355 -120.055 0
      vertex -0.569411 -144.999 0
      vertex -62.3996 -130.887 0
    endloop
  endfacet
  facet normal 0 0 1
    outer loop
      vertex -62.83 -131.789 600
      vertex -0.620462 -157.999 600
      vertex -0.573339 -145.999 600
    endloop
  endfacet
  facet normal 0 0 1
    outer loop
      vertex -0.620462 -157.999 600
      vertex -62.83 -131.789 600
      vertex -67.9941 -142.621 600
    endloop
  endfacet
  facet normal 0.214362 -0.939107 0.268566
    outer loop
      vertex 0.536874 -136.713 29
      vertex 0.569411 -144.999 0
      vertex 4.52791 -135.802 29
    endloop
  endfacet
  facet normal 0.214488 -0.939081 0.268556
    outer loop
      vertex 4.52791 -135.802 29
      vertex 0.490872 -124.999 70
      vertex 0.533981 -135.977 31.5779
    endloop
  endfacet
  facet normal 0.21435 -0.939114 0.268551
    outer loop
      vertex 0.490872 -124.999 70
      vertex 4.52791 -135.802 29
      vertex 53.7928 -112.833 70
    endloop
  endfacet
  facet normal 0.214332 -0.939112 0.268572
    outer loop
      vertex 53.7928 -112.833 70
      vertex 4.52791 -135.802 29
      vertex 0.569411 -144.999 0
    endloop
  endfacet
  facet normal 0.214402 -0.939099 0.268559
    outer loop
      vertex 55.006 -124.281 29
      vertex 58.5069 -122.721 31.6601
      vertex 53.7928 -112.833 70
    endloop
  endfacet
  facet normal 0.213506 -0.938985 0.269672
    outer loop
      vertex 58.5069 -122.721 31.6601
      vertex 55.006 -124.281 29
      vertex 57.4761 -123.258 30.6064
    endloop
  endfacet
  facet normal 0.214346 -0.939112 0.268561
    outer loop
      vertex 0.569411 -144.999 0
      vertex 55.006 -124.281 29
      vertex 53.7928 -112.833 70
    endloop
  endfacet
  facet normal 0.214341 -0.93911 0.268569
    outer loop
      vertex 62.3996 -130.887 0
      vertex 55.006 -124.281 29
      vertex 0.569411 -144.999 0
    endloop
  endfacet
  facet normal 0.214416 -0.939089 0.268584
    outer loop
      vertex 55.006 -124.281 29
      vertex 62.3996 -130.887 0
      vertex 58.8339 -123.407 29
    endloop
  endfacet
  facet normal 0.902666 0.430341 -4.52833e-06
    outer loop
      vertex 53.7928 -112.833 70
      vertex 57.2355 -120.055 0
      vertex 48.6287 -102.001 70
    endloop
  endfacet
  facet normal 0.902665 0.430345 -0
    outer loop
      vertex 58.5069 -122.721 29
      vertex 53.7928 -112.833 70
      vertex 58.5069 -122.721 31.6601
    endloop
  endfacet
  facet normal 0.902651 0.430374 -8.68925e-06
    outer loop
      vertex 53.7928 -112.833 70
      vertex 58.5069 -122.721 29
      vertex 57.2355 -120.055 0
    endloop
  endfacet
  facet normal 0.90269 0.430291 -1.80774e-05
    outer loop
      vertex 58.8339 -123.407 29
      vertex 57.2355 -120.055 0
      vertex 58.5069 -122.721 29
    endloop
  endfacet
  facet normal 0.902666 0.430341 -1.09356e-05
    outer loop
      vertex 57.2355 -120.055 0
      vertex 58.8339 -123.407 29
      vertex 62.3996 -130.887 0
    endloop
  endfacet
  facet normal -0.214339 0.939112 -0.268564
    outer loop
      vertex 48.6287 -102.001 70
      vertex 57.2355 -120.055 0
      vertex 0.522288 -132.999 0
    endloop
  endfacet
  facet normal -0.214348 0.939112 -0.268558
    outer loop
      vertex 48.6287 -102.001 70
      vertex 0.522288 -132.999 0
      vertex 0.443748 -112.999 70
    endloop
  endfacet
  facet normal -0.999992 -0.00392697 0
    outer loop
      vertex 0.522288 -132.999 0
      vertex 0.490872 -124.999 70
      vertex 0.443748 -112.999 70
    endloop
  endfacet
  facet normal -0.999992 -0.00393068 -4.35997e-07
    outer loop
      vertex 0.522288 -132.999 0
      vertex 0.536874 -136.713 29
      vertex 0.533981 -135.977 29
    endloop
  endfacet
  facet normal -0.999992 -0.00392689 4.93617e-08
    outer loop
      vertex 0.536874 -136.713 29
      vertex 0.522288 -132.999 0
      vertex 0.569411 -144.999 0
    endloop
  endfacet
  facet normal -0.999992 -0.00392671 -2.91693e-08
    outer loop
      vertex 0.533981 -135.977 29
      vertex 0.490872 -124.999 70
      vertex 0.522288 -132.999 0
    endloop
  endfacet
  facet normal -0.999992 -0.00392682 0
    outer loop
      vertex 0.490872 -124.999 70
      vertex 0.533981 -135.977 29
      vertex 0.533981 -135.977 31.5779
    endloop
  endfacet
  facet normal 0.210051 -0.920292 0.330064
    outer loop
      vertex 0.490872 -124.999 70
      vertex 35.2881 -74.0186 190
      vertex 0.322012 -81.9994 190
    endloop
  endfacet
  facet normal 0.210054 -0.920291 0.330063
    outer loop
      vertex 53.7928 -112.833 70
      vertex 35.2881 -74.0186 190
      vertex 0.490872 -124.999 70
    endloop
  endfacet
  facet normal 0.902666 0.430341 1.019e-06
    outer loop
      vertex 35.2881 -74.0186 190
      vertex 48.6287 -102.001 70
      vertex 30.124 -63.1866 190
    endloop
  endfacet
  facet normal 0.902666 0.430341 1.019e-06
    outer loop
      vertex 53.7928 -112.833 70
      vertex 48.6287 -102.001 70
      vertex 35.2881 -74.0186 190
    endloop
  endfacet
  facet normal -0.210052 0.920292 -0.330063
    outer loop
      vertex 30.124 -63.1866 190
      vertex 48.6287 -102.001 70
      vertex 0.443748 -112.999 70
    endloop
  endfacet
  facet normal -0.210052 0.920292 -0.330063
    outer loop
      vertex 30.124 -63.1866 190
      vertex 0.443748 -112.999 70
      vertex 0.274888 -69.9995 190
    endloop
  endfacet
  facet normal -0.999992 -0.003927 3.69722e-09
    outer loop
      vertex 0.443748 -112.999 70
      vertex 0.322012 -81.9994 190
      vertex 0.274888 -69.9995 190
    endloop
  endfacet
  facet normal -0.999992 -0.00392697 -4.75663e-09
    outer loop
      vertex 0.322012 -81.9994 190
      vertex 0.443748 -112.999 70
      vertex 0.490872 -124.999 70
    endloop
  endfacet
  facet normal 0.220968 -0.968121 -0.117963
    outer loop
      vertex 35.2881 -74.0186 190
      vertex 0.376989 -95.9993 305
      vertex 0.322012 -81.9994 190
    endloop
  endfacet
  facet normal 0.220968 -0.968121 -0.117963
    outer loop
      vertex 35.2881 -74.0186 190
      vertex 41.3129 -86.6559 305
      vertex 0.376989 -95.9993 305
    endloop
  endfacet
  facet normal 0.902666 0.430341 -2.55558e-07
    outer loop
      vertex 36.1488 -75.8239 305
      vertex 35.2881 -74.0186 190
      vertex 30.124 -63.1866 190
    endloop
  endfacet
  facet normal 0.902666 0.430341 -2.55558e-07
    outer loop
      vertex 36.1488 -75.8239 305
      vertex 41.3129 -86.6559 305
      vertex 35.2881 -74.0186 190
    endloop
  endfacet
  facet normal -0.220969 0.968121 0.117963
    outer loop
      vertex 36.1488 -75.8239 305
      vertex 30.124 -63.1866 190
      vertex 0.329865 -83.9994 305
    endloop
  endfacet
  facet normal -0.220968 0.968121 0.117963
    outer loop
      vertex 0.329865 -83.9994 305
      vertex 30.124 -63.1866 190
      vertex 0.274888 -69.9995 190
    endloop
  endfacet
  facet normal -0.999992 -0.003927 -9.26472e-09
    outer loop
      vertex 0.322012 -81.9994 190
      vertex 0.329865 -83.9994 305
      vertex 0.274888 -69.9995 190
    endloop
  endfacet
  facet normal -0.999992 -0.003927 -9.26472e-09
    outer loop
      vertex 0.329865 -83.9994 305
      vertex 0.322012 -81.9994 190
      vertex 0.376989 -95.9993 305
    endloop
  endfacet
  facet normal 0.212111 -0.929315 -0.302296
    outer loop
      vertex 41.3129 -86.6559 305
      vertex 0.530142 -134.999 425
      vertex 0.376989 -95.9993 305
    endloop
  endfacet
  facet normal 0.212109 -0.929315 -0.302297
    outer loop
      vertex 41.3129 -86.6559 305
      vertex 58.0962 -121.86 425
      vertex 0.530142 -134.999 425
    endloop
  endfacet
  facet normal 0.902666 0.430341 5.46673e-07
    outer loop
      vertex 52.9321 -111.028 425
      vertex 41.3129 -86.6559 305
      vertex 36.1488 -75.8239 305
    endloop
  endfacet
  facet normal 0.902666 0.430341 5.46673e-07
    outer loop
      vertex 52.9321 -111.028 425
      vertex 58.0962 -121.86 425
      vertex 41.3129 -86.6559 305
    endloop
  endfacet
  facet normal -0.212107 0.929316 0.302296
    outer loop
      vertex 52.9321 -111.028 425
      vertex 36.1488 -75.8239 305
      vertex 0.483018 -122.999 425
    endloop
  endfacet
  facet normal -0.212112 0.929315 0.302295
    outer loop
      vertex 0.483018 -122.999 425
      vertex 36.1488 -75.8239 305
      vertex 0.329865 -83.9994 305
    endloop
  endfacet
  facet normal -0.999992 -0.003927 2.45438e-09
    outer loop
      vertex 0.376989 -95.9993 305
      vertex 0.483018 -122.999 425
      vertex 0.329865 -83.9994 305
    endloop
  endfacet
  facet normal -0.999992 -0.00392697 9.81742e-09
    outer loop
      vertex 0.483018 -122.999 425
      vertex 0.376989 -95.9993 305
      vertex 0.530142 -134.999 425
    endloop
  endfacet
  facet normal 0.217241 -0.951803 -0.216513
    outer loop
      vertex 58.0962 -121.86 425
      vertex 0.628317 -159.999 535
      vertex 0.530142 -134.999 425
    endloop
  endfacet
  facet normal 0.217239 -0.951803 -0.216514
    outer loop
      vertex 58.0962 -121.86 425
      vertex 68.8548 -144.427 535
      vertex 0.628317 -159.999 535
    endloop
  endfacet
  facet normal 0.902666 0.430341 8.25378e-07
    outer loop
      vertex 63.6907 -133.595 535
      vertex 58.0962 -121.86 425
      vertex 52.9321 -111.028 425
    endloop
  endfacet
  facet normal 0.902666 0.430341 8.25378e-07
    outer loop
      vertex 63.6907 -133.595 535
      vertex 68.8548 -144.427 535
      vertex 58.0962 -121.86 425
    endloop
  endfacet
  facet normal -0.217238 0.951803 0.216514
    outer loop
      vertex 63.6907 -133.595 535
      vertex 52.9321 -111.028 425
      vertex 0.581193 -147.999 535
    endloop
  endfacet
  facet normal -0.21724 0.951803 0.216513
    outer loop
      vertex 0.581193 -147.999 535
      vertex 52.9321 -111.028 425
      vertex 0.483018 -122.999 425
    endloop
  endfacet
  facet normal -0.999992 -0.00392697 -3.36429e-19
    outer loop
      vertex 0.530142 -134.999 425
      vertex 0.581193 -147.999 535
      vertex 0.483018 -122.999 425
    endloop
  endfacet
  facet normal -0.999992 -0.00392697 -9.25179e-19
    outer loop
      vertex 0.581193 -147.999 535
      vertex 0.530142 -134.999 425
      vertex 0.628317 -159.999 535
    endloop
  endfacet
  facet normal 0.222426 -0.974487 0.0300111
    outer loop
      vertex 0.628317 -159.999 535
      vertex 67.9941 -142.621 600
      vertex 0.620462 -157.999 600
    endloop
  endfacet
  facet normal 0.222417 -0.974489 0.030021
    outer loop
      vertex 68.8548 -144.427 535
      vertex 67.9941 -142.621 600
      vertex 0.628317 -159.999 535
    endloop
  endfacet
  facet normal 0.902666 0.430341 -4.18231e-06
    outer loop
      vertex 67.9941 -142.621 600
      vertex 63.6907 -133.595 535
      vertex 62.83 -131.789 600
    endloop
  endfacet
  facet normal 0.902666 0.430341 -4.18231e-06
    outer loop
      vertex 67.9941 -142.621 600
      vertex 68.8548 -144.427 535
      vertex 63.6907 -133.595 535
    endloop
  endfacet
  facet normal -0.222416 0.97449 -0.0300209
    outer loop
      vertex 62.83 -131.789 600
      vertex 63.6907 -133.595 535
      vertex 0.581193 -147.999 535
    endloop
  endfacet
  facet normal -0.222426 0.974488 -0.0300111
    outer loop
      vertex 62.83 -131.789 600
      vertex 0.581193 -147.999 535
      vertex 0.573339 -145.999 600
    endloop
  endfacet
  facet normal -0.999992 -0.00392689 -2.56408e-09
    outer loop
      vertex 0.581193 -147.999 535
      vertex 0.620462 -157.999 600
      vertex 0.573339 -145.999 600
    endloop
  endfacet
  facet normal -0.999992 -0.00392697 -1.53845e-08
    outer loop
      vertex 0.620462 -157.999 600
      vertex 0.581193 -147.999 535
      vertex 0.628317 -159.999 535
    endloop
  endfacet
  facet normal 0 0 -1
    outer loop
      vertex 0.569411 -144.999 0
      vertex 57.2355 -120.055 0
      vertex 62.3996 -130.887 0
    endloop
  endfacet
  facet normal 0 0 -1
    outer loop
      vertex 57.2355 -120.055 0
      vertex 0.569411 -144.999 0
      vertex 0.522288 -132.999 0
    endloop
  endfacet
  facet normal 0 0 1
    outer loop
      vertex 62.83 -131.789 600
      vertex 0.620462 -157.999 600
      vertex 67.9941 -142.621 600
    endloop
  endfacet
  facet normal 0 -0 1
    outer loop
      vertex 0.620462 -157.999 600
      vertex 62.83 -131.789 600
      vertex 0.573339 -145.999 600
    endloop
  endfacet
  facet normal 0.600481 -0.753191 0.268564
    outer loop
      vertex 59.8014 -122.941 29
      vertex 63.4257 -130.392 0
      vertex 63.03 -120.367 29
    endloop
  endfacet
  facet normal 0.600582 -0.753111 0.26856
    outer loop
      vertex 59.4543 -122.228 31.7766
      vertex 97.4221 -78.3194 70
      vertex 54.6773 -112.407 70
    endloop
  endfacet
  facet normal 0.600547 -0.753122 0.268608
    outer loop
      vertex 63.03 -120.367 29
      vertex 97.4221 -78.3194 70
      vertex 59.4543 -122.228 31.7766
    endloop
  endfacet
  facet normal 0.600608 -0.7531 0.268534
    outer loop
      vertex 97.4221 -78.3194 70
      vertex 63.03 -120.367 29
      vertex 63.4257 -130.392 0
    endloop
  endfacet
  facet normal 0.600511 -0.753168 0.268559
    outer loop
      vertex 103.74 -87.9015 29
      vertex 105.922 -85.1522 31.8313
      vertex 97.4221 -78.3194 70
    endloop
  endfacet
  facet normal 0.600826 -0.753046 0.268197
    outer loop
      vertex 105.922 -85.1522 31.8313
      vertex 103.74 -87.9015 29
      vertex 104.182 -87.4191 29.3643
    endloop
  endfacet
  facet normal 0.600581 -0.753113 0.268557
    outer loop
      vertex 63.4257 -130.392 0
      vertex 103.74 -87.9015 29
      vertex 97.4221 -78.3194 70
    endloop
  endfacet
  facet normal 0.600578 -0.753114 0.268562
    outer loop
      vertex 113.01 -90.8505 0
      vertex 103.74 -87.9015 29
      vertex 63.4257 -130.392 0
    endloop
  endfacet
  facet normal 0.600585 -0.753108 0.268563
    outer loop
      vertex 103.74 -87.9015 29
      vertex 113.01 -90.8505 0
      vertex 106.552 -85.659 29
    endloop
  endfacet
  facet normal 0.626538 0.779391 -9.62325e-07
    outer loop
      vertex 103.657 -83.3318 0
      vertex 106.552 -85.659 29
      vertex 113.01 -90.8505 0
    endloop
  endfacet
  facet normal 0.626558 0.779375 9.68535e-06
    outer loop
      vertex 105.922 -85.1522 31.8313
      vertex 88.0696 -70.8007 70
      vertex 97.4221 -78.3194 70
    endloop
  endfacet
  facet normal 0.626546 0.779385 -0
    outer loop
      vertex 105.922 -85.1522 29
      vertex 88.0696 -70.8007 70
      vertex 105.922 -85.1522 31.8313
    endloop
  endfacet
  facet normal 0.626804 0.779177 -4.47803e-05
    outer loop
      vertex 106.552 -85.659 29
      vertex 103.657 -83.3318 0
      vertex 105.922 -85.1522 29
    endloop
  endfacet
  facet normal 0.626532 0.779396 -9.7504e-06
    outer loop
      vertex 105.922 -85.1522 29
      vertex 103.657 -83.3318 0
      vertex 88.0696 -70.8007 70
    endloop
  endfacet
  facet normal -0.600584 0.753111 -0.268555
    outer loop
      vertex 88.0696 -70.8007 70
      vertex 103.657 -83.3318 0
      vertex 58.1767 -119.601 0
    endloop
  endfacet
  facet normal -0.600584 0.753111 -0.268555
    outer loop
      vertex 88.0696 -70.8007 70
      vertex 58.1767 -119.601 0
      vertex 49.4283 -101.616 70
    endloop
  endfacet
  facet normal -0.899257 -0.43742 -8.56435e-07
    outer loop
      vertex 58.1767 -119.601 0
      vertex 54.6773 -112.407 70
      vertex 49.4283 -101.616 70
    endloop
  endfacet
  facet normal -0.899118 -0.437705 -3.92617e-05
    outer loop
      vertex 58.1767 -119.601 0
      vertex 59.8014 -122.941 29
      vertex 59.4543 -122.228 29
    endloop
  endfacet
  facet normal -0.899257 -0.43742 1.37271e-06
    outer loop
      vertex 59.8014 -122.941 29
      vertex 58.1767 -119.601 0
      vertex 63.4257 -130.392 0
    endloop
  endfacet
  facet normal -0.89927 -0.437393 -4.28287e-06
    outer loop
      vertex 59.4543 -122.228 29
      vertex 54.6773 -112.407 70
      vertex 58.1767 -119.601 0
    endloop
  endfacet
  facet normal -0.899263 -0.437408 0
    outer loop
      vertex 54.6773 -112.407 70
      vertex 59.4543 -122.228 29
      vertex 59.4543 -122.228 31.7766
    endloop
  endfacet
  facet normal 0.58855 -0.738016 0.330062
    outer loop
      vertex 54.6773 -112.407 70
      vertex 63.9089 -51.3775 190
      vertex 35.8683 -73.7392 190
    endloop
  endfacet
  facet normal 0.588546 -0.738019 0.330064
    outer loop
      vertex 97.4221 -78.3194 70
      vertex 63.9089 -51.3775 190
      vertex 54.6773 -112.407 70
    endloop
  endfacet
  facet normal 0.626558 0.779375 1.0952e-06
    outer loop
      vertex 97.4221 -78.3194 70
      vertex 88.0696 -70.8007 70
      vertex 63.9089 -51.3775 190
    endloop
  endfacet
  facet normal 0.626553 0.779379 -5.82628e-07
    outer loop
      vertex 63.9089 -51.3775 190
      vertex 88.0696 -70.8007 70
      vertex 54.5564 -43.8589 190
    endloop
  endfacet
  facet normal -0.588547 0.738018 -0.330064
    outer loop
      vertex 54.5564 -43.8589 190
      vertex 88.0696 -70.8007 70
      vertex 49.4283 -101.616 70
    endloop
  endfacet
  facet normal -0.588549 0.738017 -0.330063
    outer loop
      vertex 54.5564 -43.8589 190
      vertex 49.4283 -101.616 70
      vertex 30.6193 -62.9481 190
    endloop
  endfacet
  facet normal -0.899259 -0.437417 -1.38389e-06
    outer loop
      vertex 49.4283 -101.616 70
      vertex 35.8683 -73.7392 190
      vertex 30.6193 -62.9481 190
    endloop
  endfacet
  facet normal -0.899257 -0.43742 -4.42226e-07
    outer loop
      vertex 49.4283 -101.616 70
      vertex 54.6773 -112.407 70
      vertex 35.8683 -73.7392 190
    endloop
  endfacet
  facet normal 0.619138 -0.776372 -0.117963
    outer loop
      vertex 63.9089 -51.3775 190
      vertex 41.9922 -86.3288 305
      vertex 35.8683 -73.7392 190
    endloop
  endfacet
  facet normal 0.619137 -0.776372 -0.117963
    outer loop
      vertex 63.9089 -51.3775 190
      vertex 74.8202 -60.1493 305
      vertex 41.9922 -86.3288 305
    endloop
  endfacet
  facet normal 0.626558 0.779375 -3.85369e-07
    outer loop
      vertex 65.4677 -52.6306 305
      vertex 74.8202 -60.1493 305
      vertex 63.9089 -51.3775 190
    endloop
  endfacet
  facet normal 0.626553 0.779379 -2.72414e-07
    outer loop
      vertex 65.4677 -52.6306 305
      vertex 63.9089 -51.3775 190
      vertex 54.5564 -43.8589 190
    endloop
  endfacet
  facet normal -0.619138 0.776372 0.117963
    outer loop
      vertex 65.4677 -52.6306 305
      vertex 54.5564 -43.8589 190
      vertex 36.7432 -75.5377 305
    endloop
  endfacet
  facet normal -0.619137 0.776373 0.117963
    outer loop
      vertex 36.7432 -75.5377 305
      vertex 54.5564 -43.8589 190
      vertex 30.6193 -62.9481 190
    endloop
  endfacet
  facet normal -0.899259 -0.437417 5.84703e-07
    outer loop
      vertex 35.8683 -73.7392 190
      vertex 36.7432 -75.5377 305
      vertex 30.6193 -62.9481 190
    endloop
  endfacet
  facet normal -0.899259 -0.437417 5.84703e-07
    outer loop
      vertex 41.9922 -86.3288 305
      vertex 36.7432 -75.5377 305
      vertex 35.8683 -73.7392 190
    endloop
  endfacet
  facet normal 0.59432 -0.745252 -0.302296
    outer loop
      vertex 74.8202 -60.1493 305
      vertex 59.0515 -121.4 425
      vertex 41.9922 -86.3288 305
    endloop
  endfacet
  facet normal 0.59432 -0.745252 -0.302297
    outer loop
      vertex 74.8202 -60.1493 305
      vertex 105.216 -84.585 425
      vertex 59.0515 -121.4 425
    endloop
  endfacet
  facet normal 0.626554 0.779378 2.96081e-07
    outer loop
      vertex 74.8202 -60.1493 305
      vertex 95.8634 -77.0663 425
      vertex 105.216 -84.585 425
    endloop
  endfacet
  facet normal 0.626558 0.779375 -8.78708e-07
    outer loop
      vertex 95.8634 -77.0663 425
      vertex 74.8202 -60.1493 305
      vertex 65.4677 -52.6306 305
    endloop
  endfacet
  facet normal -0.594322 0.745251 0.302296
    outer loop
      vertex 95.8634 -77.0663 425
      vertex 65.4677 -52.6306 305
      vertex 53.8025 -110.609 425
    endloop
  endfacet
  facet normal -0.59432 0.745252 0.302297
    outer loop
      vertex 53.8025 -110.609 425
      vertex 65.4677 -52.6306 305
      vertex 36.7432 -75.5377 305
    endloop
  endfacet
  facet normal -0.899259 -0.437417 -4.45466e-07
    outer loop
      vertex 41.9922 -86.3288 305
      vertex 53.8025 -110.609 425
      vertex 36.7432 -75.5377 305
    endloop
  endfacet
  facet normal -0.899257 -0.43742 -1.26564e-06
    outer loop
      vertex 53.8025 -110.609 425
      vertex 41.9922 -86.3288 305
      vertex 59.0515 -121.4 425
    endloop
  endfacet
  facet normal 0.608702 -0.763287 -0.216508
    outer loop
      vertex 105.216 -84.585 425
      vertex 69.987 -143.881 535
      vertex 59.0515 -121.4 425
    endloop
  endfacet
  facet normal 0.6087 -0.763288 -0.216509
    outer loop
      vertex 105.216 -84.585 425
      vertex 124.7 -100.249 535
      vertex 69.987 -143.881 535
    endloop
  endfacet
  facet normal 0.626584 0.779354 -4.97832e-06
    outer loop
      vertex 115.348 -92.7302 535
      vertex 124.7 -100.249 535
      vertex 105.216 -84.585 425
    endloop
  endfacet
  facet normal 0.626554 0.779378 -5.08239e-07
    outer loop
      vertex 115.348 -92.7302 535
      vertex 105.216 -84.585 425
      vertex 95.8634 -77.0663 425
    endloop
  endfacet
  facet normal -0.608697 0.763289 0.216512
    outer loop
      vertex 115.348 -92.7302 535
      vertex 95.8634 -77.0663 425
      vertex 64.7379 -133.09 535
    endloop
  endfacet
  facet normal -0.608704 0.763285 0.216508
    outer loop
      vertex 64.7379 -133.09 535
      vertex 95.8634 -77.0663 425
      vertex 53.8025 -110.609 425
    endloop
  endfacet
  facet normal -0.899257 -0.43742 8.57886e-07
    outer loop
      vertex 59.0515 -121.4 425
      vertex 64.7379 -133.09 535
      vertex 53.8025 -110.609 425
    endloop
  endfacet
  facet normal -0.899254 -0.437427 -2.77274e-08
    outer loop
      vertex 69.987 -143.881 535
      vertex 64.7379 -133.09 535
      vertex 59.0515 -121.4 425
    endloop
  endfacet
  facet normal 0.623208 -0.78148 0.0300053
    outer loop
      vertex 69.987 -143.881 535
      vertex 123.142 -98.9957 600
      vertex 69.1121 -142.083 600
    endloop
  endfacet
  facet normal 0.623208 -0.781481 0.030006
    outer loop
      vertex 124.7 -100.249 535
      vertex 123.142 -98.9957 600
      vertex 69.987 -143.881 535
    endloop
  endfacet
  facet normal 0.626584 0.779354 -8.42484e-06
    outer loop
      vertex 123.142 -98.9957 600
      vertex 124.7 -100.249 535
      vertex 115.348 -92.7302 535
    endloop
  endfacet
  facet normal 0.626533 0.779395 1.60649e-06
    outer loop
      vertex 123.142 -98.9957 600
      vertex 115.348 -92.7302 535
      vertex 113.789 -91.4771 600
    endloop
  endfacet
  facet normal -0.623205 0.781482 -0.0300131
    outer loop
      vertex 113.789 -91.4771 600
      vertex 115.348 -92.7302 535
      vertex 64.7379 -133.09 535
    endloop
  endfacet
  facet normal -0.623212 0.781477 -0.0300043
    outer loop
      vertex 113.789 -91.4771 600
      vertex 64.7379 -133.09 535
      vertex 63.8631 -131.292 600
    endloop
  endfacet
  facet normal -0.899257 -0.43742 -2.90361e-06
    outer loop
      vertex 64.7379 -133.09 535
      vertex 69.1121 -142.083 600
      vertex 63.8631 -131.292 600
    endloop
  endfacet
  facet normal -0.899254 -0.437427 -4.05656e-06
    outer loop
      vertex 69.987 -143.881 535
      vertex 69.1121 -142.083 600
      vertex 64.7379 -133.09 535
    endloop
  endfacet
  facet normal 0 0 -1
    outer loop
      vertex 63.4257 -130.392 0
      vertex 103.657 -83.3318 0
      vertex 113.01 -90.8505 0
    endloop
  endfacet
  facet normal 0 0 -1
    outer loop
      vertex 103.657 -83.3318 0
      vertex 63.4257 -130.392 0
      vertex 58.1767 -119.601 0
    endloop
  endfacet
  facet normal 0 0 1
    outer loop
      vertex 113.789 -91.4771 600
      vertex 69.1121 -142.083 600
      vertex 123.142 -98.9957 600
    endloop
  endfacet
  facet normal 0 -0 1
    outer loop
      vertex 69.1121 -142.083 600
      vertex 113.789 -91.4771 600
      vertex 63.8631 -131.292 600
    endloop
  endfacet
  facet normal 0.867879 -0.417931 0.268552
    outer loop
      vertex 121.756 -28.2935 70
      vertex 131.578 -34.2426 29
      vertex 132.351 -30.7556 31.9285
    endloop
  endfacet
  facet normal 0.86787 -0.417949 0.268552
    outer loop
      vertex 131.578 -34.2426 29
      vertex 121.756 -28.2935 70
      vertex 98.0342 -77.5518 70
    endloop
  endfacet
  facet normal 0.867873 -0.417935 0.268565
    outer loop
      vertex 131.578 -34.2426 29
      vertex 141.237 -32.8204 0
      vertex 133.166 -30.945 29
    endloop
  endfacet
  facet normal 0.867872 -0.417938 0.268565
    outer loop
      vertex 141.237 -32.8204 0
      vertex 131.578 -34.2426 29
      vertex 98.0342 -77.5518 70
    endloop
  endfacet
  facet normal 0.86784 -0.41801 0.268554
    outer loop
      vertex 98.0342 -77.5518 70
      vertex 106.571 -84.3053 31.9011
      vertex 108.982 -81.1636 29
    endloop
  endfacet
  facet normal 0.867869 -0.417949 0.268556
    outer loop
      vertex 108.982 -81.1636 29
      vertex 141.237 -32.8204 0
      vertex 98.0342 -77.5518 70
    endloop
  endfacet
  facet normal 0.867831 -0.418012 0.26858
    outer loop
      vertex 113.72 -89.9601 0
      vertex 108.982 -81.1636 29
      vertex 107.221 -84.8196 29
    endloop
  endfacet
  facet normal 0.867869 -0.417943 0.268565
    outer loop
      vertex 108.982 -81.1636 29
      vertex 113.72 -89.9601 0
      vertex 141.237 -32.8204 0
    endloop
  endfacet
  facet normal 0.226342 0.974048 2.58496e-06
    outer loop
      vertex 129.548 -30.1042 0
      vertex 133.166 -30.945 29
      vertex 141.237 -32.8204 0
    endloop
  endfacet
  facet normal 0.226352 0.974046 -0
    outer loop
      vertex 132.351 -30.7556 29
      vertex 121.756 -28.2935 70
      vertex 132.351 -30.7556 31.9285
    endloop
  endfacet
  facet normal 0.226355 0.974045 7.30687e-07
    outer loop
      vertex 132.351 -30.7556 29
      vertex 129.548 -30.1042 0
      vertex 121.756 -28.2935 70
    endloop
  endfacet
  facet normal 0.226361 0.974044 1.15393e-07
    outer loop
      vertex 133.166 -30.945 29
      vertex 129.548 -30.1042 0
      vertex 132.351 -30.7556 29
    endloop
  endfacet
  facet normal 0.226342 0.974048 -7.64139e-07
    outer loop
      vertex 121.756 -28.2935 70
      vertex 129.548 -30.1042 0
      vertex 110.067 -25.5773 70
    endloop
  endfacet
  facet normal -0.867872 0.417941 -0.268557
    outer loop
      vertex 110.067 -25.5773 70
      vertex 129.548 -30.1042 0
      vertex 88.6229 -70.1069 70
    endloop
  endfacet
  facet normal -0.867871 0.417948 -0.268552
    outer loop
      vertex 129.548 -30.1042 0
      vertex 104.308 -82.5152 0
      vertex 88.6229 -70.1069 70
    endloop
  endfacet
  facet normal -0.62041 -0.784277 7.85727e-06
    outer loop
      vertex 88.6229 -70.1069 70
      vertex 106.571 -84.3053 31.9011
      vertex 98.0342 -77.5518 70
    endloop
  endfacet
  facet normal -0.620421 -0.784269 0
    outer loop
      vertex 88.6229 -70.1069 70
      vertex 106.571 -84.3053 29
      vertex 106.571 -84.3053 31.9011
    endloop
  endfacet
  facet normal -0.620417 -0.784272 2.66684e-06
    outer loop
      vertex 104.308 -82.5152 0
      vertex 106.571 -84.3053 29
      vertex 88.6229 -70.1069 70
    endloop
  endfacet
  facet normal -0.620493 -0.784212 1.23103e-05
    outer loop
      vertex 104.308 -82.5152 0
      vertex 107.221 -84.8196 29
      vertex 106.571 -84.3053 29
    endloop
  endfacet
  facet normal -0.620382 -0.7843 -5.80176e-06
    outer loop
      vertex 107.221 -84.8196 29
      vertex 104.308 -82.5152 0
      vertex 113.72 -89.9601 0
    endloop
  endfacet
  facet normal 0.850477 -0.409567 0.330066
    outer loop
      vertex 121.756 -28.2935 70
      vertex 79.8718 -18.5605 190
      vertex 64.3105 -50.874 190
    endloop
  endfacet
  facet normal 0.850476 -0.409572 0.330064
    outer loop
      vertex 98.0342 -77.5518 70
      vertex 121.756 -28.2935 70
      vertex 64.3105 -50.874 190
    endloop
  endfacet
  facet normal 0.226342 0.974048 -2.20336e-06
    outer loop
      vertex 121.756 -28.2935 70
      vertex 110.067 -25.5773 70
      vertex 79.8718 -18.5605 190
    endloop
  endfacet
  facet normal 0.226351 0.974046 2.32945e-07
    outer loop
      vertex 79.8718 -18.5605 190
      vertex 110.067 -25.5773 70
      vertex 68.1833 -15.8443 190
    endloop
  endfacet
  facet normal -0.850478 0.409569 -0.330062
    outer loop
      vertex 68.1833 -15.8443 190
      vertex 110.067 -25.5773 70
      vertex 54.8992 -43.429 190
    endloop
  endfacet
  facet normal -0.850479 0.409565 -0.330064
    outer loop
      vertex 110.067 -25.5773 70
      vertex 88.6229 -70.1069 70
      vertex 54.8992 -43.429 190
    endloop
  endfacet
  facet normal -0.620415 -0.784273 5.37339e-07
    outer loop
      vertex 88.6229 -70.1069 70
      vertex 64.3105 -50.874 190
      vertex 54.8992 -43.429 190
    endloop
  endfacet
  facet normal -0.62041 -0.784277 2.22571e-06
    outer loop
      vertex 64.3105 -50.874 190
      vertex 88.6229 -70.1069 70
      vertex 98.0342 -77.5518 70
    endloop
  endfacet
  facet normal 0.894679 -0.430853 -0.117963
    outer loop
      vertex 79.8718 -18.5605 190
      vertex 93.5085 -21.7294 305
      vertex 64.3105 -50.874 190
    endloop
  endfacet
  facet normal 0.894678 -0.430855 -0.117963
    outer loop
      vertex 93.5085 -21.7294 305
      vertex 75.2903 -59.5598 305
      vertex 64.3105 -50.874 190
    endloop
  endfacet
  facet normal 0.226349 0.974046 -1.80209e-17
    outer loop
      vertex 81.8199 -19.0132 305
      vertex 93.5085 -21.7294 305
      vertex 79.8718 -18.5605 190
    endloop
  endfacet
  facet normal 0.226351 0.974046 -3.28045e-08
    outer loop
      vertex 81.8199 -19.0132 305
      vertex 79.8718 -18.5605 190
      vertex 68.1833 -15.8443 190
    endloop
  endfacet
  facet normal -0.894678 0.430855 0.117963
    outer loop
      vertex 81.8199 -19.0132 305
      vertex 68.1833 -15.8443 190
      vertex 54.8992 -43.429 190
    endloop
  endfacet
  facet normal -0.894678 0.430855 0.117963
    outer loop
      vertex 65.879 -52.1148 305
      vertex 81.8199 -19.0132 305
      vertex 54.8992 -43.429 190
    endloop
  endfacet
  facet normal -0.620415 -0.784273 -4.24202e-08
    outer loop
      vertex 64.3105 -50.874 190
      vertex 65.879 -52.1148 305
      vertex 54.8992 -43.429 190
    endloop
  endfacet
  facet normal -0.620415 -0.784273 -4.24202e-08
    outer loop
      vertex 65.879 -52.1148 305
      vertex 64.3105 -50.874 190
      vertex 75.2903 -59.5598 305
    endloop
  endfacet
  facet normal 0.858817 -0.413585 -0.302293
    outer loop
      vertex 93.5085 -21.7294 305
      vertex 131.496 -30.5569 425
      vertex 75.2903 -59.5598 305
    endloop
  endfacet
  facet normal 0.858818 -0.41358 -0.302296
    outer loop
      vertex 131.496 -30.5569 425
      vertex 105.877 -83.756 425
      vertex 75.2903 -59.5598 305
    endloop
  endfacet
  facet normal 0.226352 0.974046 -1.40892e-06
    outer loop
      vertex 119.808 -27.8408 425
      vertex 131.496 -30.5569 425
      vertex 93.5085 -21.7294 305
    endloop
  endfacet
  facet normal 0.226349 0.974046 -6.88789e-07
    outer loop
      vertex 119.808 -27.8408 425
      vertex 93.5085 -21.7294 305
      vertex 81.8199 -19.0132 305
    endloop
  endfacet
  facet normal -0.858816 0.413584 0.302298
    outer loop
      vertex 119.808 -27.8408 425
      vertex 81.8199 -19.0132 305
      vertex 65.879 -52.1148 305
    endloop
  endfacet
  facet normal -0.858814 0.413588 0.302296
    outer loop
      vertex 96.4657 -76.311 425
      vertex 119.808 -27.8408 425
      vertex 65.879 -52.1148 305
    endloop
  endfacet
  facet normal -0.620415 -0.784273 1.97527e-07
    outer loop
      vertex 75.2903 -59.5598 305
      vertex 96.4657 -76.311 425
      vertex 65.879 -52.1148 305
    endloop
  endfacet
  facet normal -0.620415 -0.784273 1.97527e-07
    outer loop
      vertex 96.4657 -76.311 425
      vertex 75.2903 -59.5598 305
      vertex 105.877 -83.756 425
    endloop
  endfacet
  facet normal 0.8796 -0.423588 -0.21651
    outer loop
      vertex 131.496 -30.5569 425
      vertex 155.847 -36.2156 535
      vertex 105.877 -83.756 425
    endloop
  endfacet
  facet normal 0.879601 -0.423584 -0.216512
    outer loop
      vertex 155.847 -36.2156 535
      vertex 125.484 -99.2664 535
      vertex 105.877 -83.756 425
    endloop
  endfacet
  facet normal 0.226352 0.974046 -6.55712e-07
    outer loop
      vertex 144.159 -33.4995 535
      vertex 155.847 -36.2156 535
      vertex 131.496 -30.5569 425
    endloop
  endfacet
  facet normal 0.226352 0.974046 -6.55712e-07
    outer loop
      vertex 144.159 -33.4995 535
      vertex 131.496 -30.5569 425
      vertex 119.808 -27.8408 425
    endloop
  endfacet
  facet normal -0.879596 0.423596 0.21651
    outer loop
      vertex 144.159 -33.4995 535
      vertex 119.808 -27.8408 425
      vertex 96.4657 -76.311 425
    endloop
  endfacet
  facet normal -0.879599 0.423588 0.216514
    outer loop
      vertex 116.073 -91.8214 535
      vertex 144.159 -33.4995 535
      vertex 96.4657 -76.311 425
    endloop
  endfacet
  facet normal -0.620415 -0.784273 2.51589e-06
    outer loop
      vertex 105.877 -83.756 425
      vertex 116.073 -91.8214 535
      vertex 96.4657 -76.311 425
    endloop
  endfacet
  facet normal -0.620428 -0.784264 4.34902e-06
    outer loop
      vertex 116.073 -91.8214 535
      vertex 105.877 -83.756 425
      vertex 125.484 -99.2664 535
    endloop
  endfacet
  facet normal 0.900564 -0.433687 0.0300097
    outer loop
      vertex 155.847 -36.2156 535
      vertex 153.899 -35.7629 600
      vertex 123.915 -98.0255 600
    endloop
  endfacet
  facet normal 0.900567 -0.433681 0.0300176
    outer loop
      vertex 125.484 -99.2664 535
      vertex 155.847 -36.2156 535
      vertex 123.915 -98.0255 600
    endloop
  endfacet
  facet normal 0.226352 0.974046 -2.49755e-07
    outer loop
      vertex 153.899 -35.7629 600
      vertex 155.847 -36.2156 535
      vertex 144.159 -33.4995 535
    endloop
  endfacet
  facet normal 0.226352 0.974046 -2.49755e-07
    outer loop
      vertex 153.899 -35.7629 600
      vertex 144.159 -33.4995 535
      vertex 142.211 -33.0468 600
    endloop
  endfacet
  facet normal -0.900562 0.433691 -0.0300096
    outer loop
      vertex 142.211 -33.0468 600
      vertex 144.159 -33.4995 535
      vertex 114.504 -90.5806 600
    endloop
  endfacet
  facet normal -0.900565 0.433684 -0.0300169
    outer loop
      vertex 144.159 -33.4995 535
      vertex 116.073 -91.8214 535
      vertex 114.504 -90.5806 600
    endloop
  endfacet
  facet normal -0.620422 -0.784268 -4.97357e-06
    outer loop
      vertex 116.073 -91.8214 535
      vertex 123.915 -98.0255 600
      vertex 114.504 -90.5806 600
    endloop
  endfacet
  facet normal -0.620428 -0.784264 -3.96815e-06
    outer loop
      vertex 123.915 -98.0255 600
      vertex 116.073 -91.8214 535
      vertex 125.484 -99.2664 535
    endloop
  endfacet
  facet normal 0 0 -1
    outer loop
      vertex 113.72 -89.9601 0
      vertex 129.548 -30.1042 0
      vertex 141.237 -32.8204 0
    endloop
  endfacet
  facet normal 0 0 -1
    outer loop
      vertex 129.548 -30.1042 0
      vertex 113.72 -89.9601 0
      vertex 104.308 -82.5152 0
    endloop
  endfacet
  facet normal 0 0 1
    outer loop
      vertex 142.211 -33.0468 600
      vertex 123.915 -98.0255 600
      vertex 153.899 -35.7629 600
    endloop
  endfacet
  facet normal 0 -0 1
    outer loop
      vertex 123.915 -98.0255 600
      vertex 142.211 -33.0468 600
      vertex 114.504 -90.5806 600
    endloop
  endfacet
  facet normal -0.13053 -0.991444 0
    outer loop
      vertex -30.0411 -170.372 604
      vertex -15.0779 -172.342 616
      vertex -30.0411 -170.372 616
    endloop
  endfacet
  facet normal -0.13053 -0.991444 -0
    outer loop
      vertex -15.0779 -172.342 616
      vertex -30.0411 -170.372 604
      vertex -15.0779 -172.342 604
    endloop
  endfacet
  facet normal -0.0435985 -0.999049 0
    outer loop
      vertex -15.0779 -172.342 604
      vertex 0 -173 616
      vertex -15.0779 -172.342 616
    endloop
  endfacet
  facet normal -0.0435985 -0.999049 -0
    outer loop
      vertex 0 -173 616
      vertex -15.0779 -172.342 604
      vertex 0 -173 604
    endloop
  endfacet
  facet normal -0.92387 -0.382707 0
    outer loop
      vertex -156.791 -73.113 604
      vertex -162.567 -59.1695 616
      vertex -162.567 -59.1695 604
    endloop
  endfacet
  facet normal -0.92387 -0.382707 0
    outer loop
      vertex -162.567 -59.1695 616
      vertex -156.791 -73.113 604
      vertex -156.791 -73.113 616
    endloop
  endfacet
  facet normal 0.0435985 -0.999049 0
    outer loop
      vertex 0 -173 604
      vertex 15.0779 -172.342 616
      vertex 0 -173 616
    endloop
  endfacet
  facet normal 0.0435985 -0.999049 0
    outer loop
      vertex 15.0779 -172.342 616
      vertex 0 -173 604
      vertex 15.0779 -172.342 604
    endloop
  endfacet
  facet normal 0.97629 0.216466 0
    outer loop
      vertex 170.372 30.0411 616
      vertex 167.105 44.7757 604
      vertex 167.105 44.7757 616
    endloop
  endfacet
  facet normal 0.97629 0.216466 0
    outer loop
      vertex 167.105 44.7757 604
      vertex 170.372 30.0411 616
      vertex 170.372 30.0411 604
    endloop
  endfacet
  facet normal 0.887006 0.461757 0
    outer loop
      vertex 156.791 73.113 616
      vertex 149.822 86.5 604
      vertex 149.822 86.5 616
    endloop
  endfacet
  facet normal 0.887006 0.461757 0
    outer loop
      vertex 149.822 86.5 604
      vertex 156.791 73.113 616
      vertex 156.791 73.113 604
    endloop
  endfacet
  facet normal -0.216466 -0.97629 0
    outer loop
      vertex -44.7757 -167.105 604
      vertex -30.0411 -170.372 616
      vertex -44.7757 -167.105 616
    endloop
  endfacet
  facet normal -0.216466 -0.97629 -0
    outer loop
      vertex -30.0411 -170.372 616
      vertex -44.7757 -167.105 604
      vertex -30.0411 -170.372 604
    endloop
  endfacet
  facet normal 0.461757 0.887006 -0
    outer loop
      vertex 86.5 149.822 604
      vertex 73.113 156.791 616
      vertex 86.5 149.822 616
    endloop
  endfacet
  facet normal 0.461757 0.887006 0
    outer loop
      vertex 73.113 156.791 616
      vertex 86.5 149.822 604
      vertex 73.113 156.791 604
    endloop
  endfacet
  facet normal 0.843394 0.537296 0
    outer loop
      vertex 149.822 86.5 616
      vertex 141.713 99.2287 604
      vertex 141.713 99.2287 616
    endloop
  endfacet
  facet normal 0.843394 0.537296 0
    outer loop
      vertex 141.713 99.2287 604
      vertex 149.822 86.5 616
      vertex 149.822 86.5 604
    endloop
  endfacet
  facet normal -0.793367 -0.608743 0
    outer loop
      vertex -132.526 -111.202 604
      vertex -141.713 -99.2287 616
      vertex -141.713 -99.2287 604
    endloop
  endfacet
  facet normal -0.793367 -0.608743 0
    outer loop
      vertex -141.713 -99.2287 616
      vertex -132.526 -111.202 604
      vertex -132.526 -111.202 616
    endloop
  endfacet
  facet normal -0.887006 -0.461757 0
    outer loop
      vertex -149.822 -86.5 604
      vertex -156.791 -73.113 616
      vertex -156.791 -73.113 604
    endloop
  endfacet
  facet normal -0.887006 -0.461757 0
    outer loop
      vertex -156.791 -73.113 616
      vertex -149.822 -86.5 604
      vertex -149.822 -86.5 616
    endloop
  endfacet
  facet normal -0.300685 -0.953724 0
    outer loop
      vertex -59.1695 -162.567 604
      vertex -44.7757 -167.105 616
      vertex -59.1695 -162.567 616
    endloop
  endfacet
  facet normal -0.300685 -0.953724 -0
    outer loop
      vertex -44.7757 -167.105 616
      vertex -59.1695 -162.567 604
      vertex -44.7757 -167.105 604
    endloop
  endfacet
  facet normal 0.300685 -0.953724 0
    outer loop
      vertex 44.7757 -167.105 604
      vertex 59.1695 -162.567 616
      vertex 44.7757 -167.105 616
    endloop
  endfacet
  facet normal 0.300685 -0.953724 0
    outer loop
      vertex 59.1695 -162.567 616
      vertex 44.7757 -167.105 604
      vertex 59.1695 -162.567 604
    endloop
  endfacet
  facet normal -0.382707 0.92387 0
    outer loop
      vertex -59.1695 162.567 604
      vertex -73.113 156.791 616
      vertex -59.1695 162.567 616
    endloop
  endfacet
  facet normal -0.382707 0.92387 0
    outer loop
      vertex -73.113 156.791 616
      vertex -59.1695 162.567 604
      vertex -73.113 156.791 604
    endloop
  endfacet
  facet normal 0.991444 -0.13053 0
    outer loop
      vertex 170.372 -30.0411 616
      vertex 172.342 -15.0779 604
      vertex 172.342 -15.0779 616
    endloop
  endfacet
  facet normal 0.991444 -0.13053 0
    outer loop
      vertex 172.342 -15.0779 604
      vertex 170.372 -30.0411 616
      vertex 170.372 -30.0411 604
    endloop
  endfacet
  facet normal 0.999049 0.0435985 0
    outer loop
      vertex 173 0 616
      vertex 172.342 15.0779 604
      vertex 172.342 15.0779 616
    endloop
  endfacet
  facet normal 0.999049 0.0435985 0
    outer loop
      vertex 172.342 15.0779 604
      vertex 173 0 616
      vertex 173 0 604
    endloop
  endfacet
  facet normal 0.537296 0.843394 -0
    outer loop
      vertex 99.2287 141.713 604
      vertex 86.5 149.822 616
      vertex 99.2287 141.713 616
    endloop
  endfacet
  facet normal 0.537296 0.843394 0
    outer loop
      vertex 86.5 149.822 616
      vertex 99.2287 141.713 604
      vertex 86.5 149.822 604
    endloop
  endfacet
  facet normal -0.608743 0.793367 0
    outer loop
      vertex -99.2287 141.713 604
      vertex -111.202 132.526 616
      vertex -99.2287 141.713 616
    endloop
  endfacet
  facet normal -0.608743 0.793367 0
    outer loop
      vertex -111.202 132.526 616
      vertex -99.2287 141.713 604
      vertex -111.202 132.526 604
    endloop
  endfacet
  facet normal 0.608743 0.793367 -0
    outer loop
      vertex 111.202 132.526 604
      vertex 99.2287 141.713 616
      vertex 111.202 132.526 616
    endloop
  endfacet
  facet normal 0.608743 0.793367 0
    outer loop
      vertex 99.2287 141.713 616
      vertex 111.202 132.526 604
      vertex 99.2287 141.713 604
    endloop
  endfacet
  facet normal 0.675626 0.737245 -0
    outer loop
      vertex 122.329 122.329 604
      vertex 111.202 132.526 616
      vertex 122.329 122.329 616
    endloop
  endfacet
  facet normal 0.675626 0.737245 0
    outer loop
      vertex 111.202 132.526 616
      vertex 122.329 122.329 604
      vertex 111.202 132.526 604
    endloop
  endfacet
  facet normal 0.737245 0.675626 0
    outer loop
      vertex 132.526 111.202 616
      vertex 122.329 122.329 604
      vertex 122.329 122.329 616
    endloop
  endfacet
  facet normal 0.737245 0.675626 0
    outer loop
      vertex 122.329 122.329 604
      vertex 132.526 111.202 616
      vertex 132.526 111.202 604
    endloop
  endfacet
  facet normal 0.953724 -0.300685 0
    outer loop
      vertex 162.567 -59.1695 616
      vertex 167.105 -44.7757 604
      vertex 167.105 -44.7757 616
    endloop
  endfacet
  facet normal 0.953724 -0.300685 0
    outer loop
      vertex 167.105 -44.7757 604
      vertex 162.567 -59.1695 616
      vertex 162.567 -59.1695 604
    endloop
  endfacet
  facet normal 0.953724 0.300685 0
    outer loop
      vertex 167.105 44.7757 616
      vertex 162.567 59.1695 604
      vertex 162.567 59.1695 616
    endloop
  endfacet
  facet normal 0.953724 0.300685 0
    outer loop
      vertex 162.567 59.1695 604
      vertex 167.105 44.7757 616
      vertex 167.105 44.7757 604
    endloop
  endfacet
  facet normal -0.999049 0.0435985 0
    outer loop
      vertex -173 0 604
      vertex -172.342 15.0779 616
      vertex -172.342 15.0779 604
    endloop
  endfacet
  facet normal -0.999049 0.0435985 0
    outer loop
      vertex -172.342 15.0779 616
      vertex -173 0 604
      vertex -173 0 616
    endloop
  endfacet
  facet normal 0.92387 0.382707 0
    outer loop
      vertex 162.567 59.1695 616
      vertex 156.791 73.113 604
      vertex 156.791 73.113 616
    endloop
  endfacet
  facet normal 0.92387 0.382707 0
    outer loop
      vertex 156.791 73.113 604
      vertex 162.567 59.1695 616
      vertex 162.567 59.1695 604
    endloop
  endfacet
  facet normal 0.737245 -0.675626 0
    outer loop
      vertex 122.329 -122.329 616
      vertex 132.526 -111.202 604
      vertex 132.526 -111.202 616
    endloop
  endfacet
  facet normal 0.737245 -0.675626 0
    outer loop
      vertex 132.526 -111.202 604
      vertex 122.329 -122.329 616
      vertex 122.329 -122.329 604
    endloop
  endfacet
  facet normal 0.793367 0.608743 0
    outer loop
      vertex 141.713 99.2287 616
      vertex 132.526 111.202 604
      vertex 132.526 111.202 616
    endloop
  endfacet
  facet normal 0.793367 0.608743 0
    outer loop
      vertex 132.526 111.202 604
      vertex 141.713 99.2287 616
      vertex 141.713 99.2287 604
    endloop
  endfacet
  facet normal -0.675626 -0.737245 0
    outer loop
      vertex -122.329 -122.329 604
      vertex -111.202 -132.526 616
      vertex -122.329 -122.329 616
    endloop
  endfacet
  facet normal -0.675626 -0.737245 -0
    outer loop
      vertex -111.202 -132.526 616
      vertex -122.329 -122.329 604
      vertex -111.202 -132.526 604
    endloop
  endfacet
  facet normal 0.461757 -0.887006 0
    outer loop
      vertex 73.113 -156.791 604
      vertex 86.5 -149.822 616
      vertex 73.113 -156.791 616
    endloop
  endfacet
  facet normal 0.461757 -0.887006 0
    outer loop
      vertex 86.5 -149.822 616
      vertex 73.113 -156.791 604
      vertex 86.5 -149.822 604
    endloop
  endfacet
  facet normal 0.793367 -0.608743 0
    outer loop
      vertex 132.526 -111.202 616
      vertex 141.713 -99.2287 604
      vertex 141.713 -99.2287 616
    endloop
  endfacet
  facet normal 0.793367 -0.608743 0
    outer loop
      vertex 141.713 -99.2287 604
      vertex 132.526 -111.202 616
      vertex 132.526 -111.202 604
    endloop
  endfacet
  facet normal -0.953724 -0.300685 0
    outer loop
      vertex -162.567 -59.1695 604
      vertex -167.105 -44.7757 616
      vertex -167.105 -44.7757 604
    endloop
  endfacet
  facet normal -0.953724 -0.300685 0
    outer loop
      vertex -167.105 -44.7757 616
      vertex -162.567 -59.1695 604
      vertex -162.567 -59.1695 616
    endloop
  endfacet
  facet normal -0.216466 0.97629 0
    outer loop
      vertex -30.0411 170.372 604
      vertex -44.7757 167.105 616
      vertex -30.0411 170.372 616
    endloop
  endfacet
  facet normal -0.216466 0.97629 0
    outer loop
      vertex -44.7757 167.105 616
      vertex -30.0411 170.372 604
      vertex -44.7757 167.105 604
    endloop
  endfacet
  facet normal -0.737245 0.675626 0
    outer loop
      vertex -132.526 111.202 604
      vertex -122.329 122.329 616
      vertex -122.329 122.329 604
    endloop
  endfacet
  facet normal -0.737245 0.675626 0
    outer loop
      vertex -122.329 122.329 616
      vertex -132.526 111.202 604
      vertex -132.526 111.202 616
    endloop
  endfacet
  facet normal -0.300685 0.953724 0
    outer loop
      vertex -44.7757 167.105 604
      vertex -59.1695 162.567 616
      vertex -44.7757 167.105 616
    endloop
  endfacet
  facet normal -0.300685 0.953724 0
    outer loop
      vertex -59.1695 162.567 616
      vertex -44.7757 167.105 604
      vertex -59.1695 162.567 604
    endloop
  endfacet
  facet normal 0.13053 0.991444 -0
    outer loop
      vertex 30.0411 170.372 604
      vertex 15.0779 172.342 616
      vertex 30.0411 170.372 616
    endloop
  endfacet
  facet normal 0.13053 0.991444 0
    outer loop
      vertex 15.0779 172.342 616
      vertex 30.0411 170.372 604
      vertex 15.0779 172.342 604
    endloop
  endfacet
  facet normal 0.991444 0.13053 0
    outer loop
      vertex 172.342 15.0779 616
      vertex 170.372 30.0411 604
      vertex 170.372 30.0411 616
    endloop
  endfacet
  facet normal 0.991444 0.13053 0
    outer loop
      vertex 170.372 30.0411 604
      vertex 172.342 15.0779 616
      vertex 172.342 15.0779 604
    endloop
  endfacet
  facet normal 0.13053 -0.991444 0
    outer loop
      vertex 15.0779 -172.342 604
      vertex 30.0411 -170.372 616
      vertex 15.0779 -172.342 616
    endloop
  endfacet
  facet normal 0.13053 -0.991444 0
    outer loop
      vertex 30.0411 -170.372 616
      vertex 15.0779 -172.342 604
      vertex 30.0411 -170.372 604
    endloop
  endfacet
  facet normal -0.991444 -0.13053 0
    outer loop
      vertex -170.372 -30.0411 604
      vertex -172.342 -15.0779 616
      vertex -172.342 -15.0779 604
    endloop
  endfacet
  facet normal -0.991444 -0.13053 0
    outer loop
      vertex -172.342 -15.0779 616
      vertex -170.372 -30.0411 604
      vertex -170.372 -30.0411 616
    endloop
  endfacet
  facet normal -0.0435985 0.999049 0
    outer loop
      vertex 0 173 604
      vertex -15.0779 172.342 616
      vertex 0 173 616
    endloop
  endfacet
  facet normal -0.0435985 0.999049 0
    outer loop
      vertex -15.0779 172.342 616
      vertex 0 173 604
      vertex -15.0779 172.342 604
    endloop
  endfacet
  facet normal 0.382707 0.92387 -0
    outer loop
      vertex 73.113 156.791 604
      vertex 59.1695 162.567 616
      vertex 73.113 156.791 616
    endloop
  endfacet
  facet normal 0.382707 0.92387 0
    outer loop
      vertex 59.1695 162.567 616
      vertex 73.113 156.791 604
      vertex 59.1695 162.567 604
    endloop
  endfacet
  facet normal 0.675626 -0.737245 0
    outer loop
      vertex 111.202 -132.526 604
      vertex 122.329 -122.329 616
      vertex 111.202 -132.526 616
    endloop
  endfacet
  facet normal 0.675626 -0.737245 0
    outer loop
      vertex 122.329 -122.329 616
      vertex 111.202 -132.526 604
      vertex 122.329 -122.329 604
    endloop
  endfacet
  facet normal -0.991444 0.13053 0
    outer loop
      vertex -172.342 15.0779 604
      vertex -170.372 30.0411 616
      vertex -170.372 30.0411 604
    endloop
  endfacet
  facet normal -0.991444 0.13053 0
    outer loop
      vertex -170.372 30.0411 616
      vertex -172.342 15.0779 604
      vertex -172.342 15.0779 616
    endloop
  endfacet
  facet normal -0.793367 0.608743 0
    outer loop
      vertex -141.713 99.2287 604
      vertex -132.526 111.202 616
      vertex -132.526 111.202 604
    endloop
  endfacet
  facet normal -0.793367 0.608743 0
    outer loop
      vertex -132.526 111.202 616
      vertex -141.713 99.2287 604
      vertex -141.713 99.2287 616
    endloop
  endfacet
  facet normal -0.97629 -0.216466 0
    outer loop
      vertex -167.105 -44.7757 604
      vertex -170.372 -30.0411 616
      vertex -170.372 -30.0411 604
    endloop
  endfacet
  facet normal -0.97629 -0.216466 0
    outer loop
      vertex -170.372 -30.0411 616
      vertex -167.105 -44.7757 604
      vertex -167.105 -44.7757 616
    endloop
  endfacet
  facet normal 0.999049 -0.0435985 0
    outer loop
      vertex 172.342 -15.0779 616
      vertex 173 0 604
      vertex 173 0 616
    endloop
  endfacet
  facet normal 0.999049 -0.0435985 0
    outer loop
      vertex 173 0 604
      vertex 172.342 -15.0779 616
      vertex 172.342 -15.0779 604
    endloop
  endfacet
  facet normal -0.608743 -0.793367 0
    outer loop
      vertex -111.202 -132.526 604
      vertex -99.2287 -141.713 616
      vertex -111.202 -132.526 616
    endloop
  endfacet
  facet normal -0.608743 -0.793367 -0
    outer loop
      vertex -99.2287 -141.713 616
      vertex -111.202 -132.526 604
      vertex -99.2287 -141.713 604
    endloop
  endfacet
  facet normal 0.608743 -0.793367 0
    outer loop
      vertex 99.2287 -141.713 604
      vertex 111.202 -132.526 616
      vertex 99.2287 -141.713 616
    endloop
  endfacet
  facet normal 0.608743 -0.793367 0
    outer loop
      vertex 111.202 -132.526 616
      vertex 99.2287 -141.713 604
      vertex 111.202 -132.526 604
    endloop
  endfacet
  facet normal 0 0 1
    outer loop
      vertex 156 0 616
      vertex 173 0 616
      vertex 172.342 15.0779 616
    endloop
  endfacet
  facet normal 0 0 1
    outer loop
      vertex 155.406 13.5963 616
      vertex 172.342 15.0779 616
      vertex 170.372 30.0411 616
    endloop
  endfacet
  facet normal 0 0 1
    outer loop
      vertex 173 0 616
      vertex 156 0 616
      vertex 172.342 -15.0779 616
    endloop
  endfacet
  facet normal 0 0 1
    outer loop
      vertex 153.63 27.0891 616
      vertex 170.372 30.0411 616
      vertex 167.105 44.7757 616
    endloop
  endfacet
  facet normal -0 0 1
    outer loop
      vertex 155.406 -13.5963 616
      vertex 172.342 -15.0779 616
      vertex 156 0 616
    endloop
  endfacet
  facet normal 0 0 1
    outer loop
      vertex 150.684 40.3758 616
      vertex 167.105 44.7757 616
      vertex 162.567 59.1695 616
    endloop
  endfacet
  facet normal 0 0 1
    outer loop
      vertex 172.342 -15.0779 616
      vertex 155.406 -13.5963 616
      vertex 170.372 -30.0411 616
    endloop
  endfacet
  facet normal 0 0 1
    outer loop
      vertex 146.592 53.3551 616
      vertex 162.567 59.1695 616
      vertex 156.791 73.113 616
    endloop
  endfacet
  facet normal -0 0 1
    outer loop
      vertex 153.63 -27.0891 616
      vertex 170.372 -30.0411 616
      vertex 155.406 -13.5963 616
    endloop
  endfacet
  facet normal 0 0 1
    outer loop
      vertex 170.372 -30.0411 616
      vertex 153.63 -27.0891 616
      vertex 167.105 -44.7757 616
    endloop
  endfacet
  facet normal 0 0 1
    outer loop
      vertex 172.342 15.0779 616
      vertex 155.406 13.5963 616
      vertex 156 0 616
    endloop
  endfacet
  facet normal 0 0 1
    outer loop
      vertex 170.372 30.0411 616
      vertex 153.63 27.0891 616
      vertex 155.406 13.5963 616
    endloop
  endfacet
  facet normal 0 0 1
    outer loop
      vertex 167.105 44.7757 616
      vertex 150.684 40.3758 616
      vertex 153.63 27.0891 616
    endloop
  endfacet
  facet normal 0 0 1
    outer loop
      vertex 141.384 65.9285 616
      vertex 156.791 73.113 616
      vertex 149.822 86.5 616
    endloop
  endfacet
  facet normal 0 0 1
    outer loop
      vertex 162.567 59.1695 616
      vertex 146.592 53.3551 616
      vertex 150.684 40.3758 616
    endloop
  endfacet
  facet normal 0 0 1
    outer loop
      vertex 135.1 78 616
      vertex 149.822 86.5 616
      vertex 141.713 99.2287 616
    endloop
  endfacet
  facet normal 0 0 1
    outer loop
      vertex 156.791 73.113 616
      vertex 141.384 65.9285 616
      vertex 146.592 53.3551 616
    endloop
  endfacet
  facet normal 0 0 1
    outer loop
      vertex 149.822 86.5 616
      vertex 135.1 78 616
      vertex 141.384 65.9285 616
    endloop
  endfacet
  facet normal 0 0 1
    outer loop
      vertex 127.788 89.4779 616
      vertex 141.713 99.2287 616
      vertex 132.526 111.202 616
    endloop
  endfacet
  facet normal 0 0 1
    outer loop
      vertex 141.713 99.2287 616
      vertex 127.788 89.4779 616
      vertex 135.1 78 616
    endloop
  endfacet
  facet normal 0 0 1
    outer loop
      vertex 119.503 100.275 616
      vertex 132.526 111.202 616
      vertex 122.329 122.329 616
    endloop
  endfacet
  facet normal 0 0 1
    outer loop
      vertex 132.526 111.202 616
      vertex 119.503 100.275 616
      vertex 127.788 89.4779 616
    endloop
  endfacet
  facet normal 0 0 1
    outer loop
      vertex 110.309 110.309 616
      vertex 122.329 122.329 616
      vertex 111.202 132.526 616
    endloop
  endfacet
  facet normal 0 0 1
    outer loop
      vertex 122.329 122.329 616
      vertex 110.309 110.309 616
      vertex 119.503 100.275 616
    endloop
  endfacet
  facet normal 0 0 1
    outer loop
      vertex 111.202 132.526 616
      vertex 100.275 119.503 616
      vertex 110.309 110.309 616
    endloop
  endfacet
  facet normal 0 0 1
    outer loop
      vertex 99.2287 141.713 616
      vertex 100.275 119.503 616
      vertex 111.202 132.526 616
    endloop
  endfacet
  facet normal 0 0 1
    outer loop
      vertex 99.2287 141.713 616
      vertex 89.4779 127.788 616
      vertex 100.275 119.503 616
    endloop
  endfacet
  facet normal 0 0 1
    outer loop
      vertex 86.5 149.822 616
      vertex 89.4779 127.788 616
      vertex 99.2287 141.713 616
    endloop
  endfacet
  facet normal 0 0 1
    outer loop
      vertex 86.5 149.822 616
      vertex 78 135.1 616
      vertex 89.4779 127.788 616
    endloop
  endfacet
  facet normal 0 0 1
    outer loop
      vertex 73.113 156.791 616
      vertex 78 135.1 616
      vertex 86.5 149.822 616
    endloop
  endfacet
  facet normal 0 0 1
    outer loop
      vertex 73.113 156.791 616
      vertex 65.9285 141.384 616
      vertex 78 135.1 616
    endloop
  endfacet
  facet normal 0 0 1
    outer loop
      vertex 59.1695 162.567 616
      vertex 65.9285 141.384 616
      vertex 73.113 156.791 616
    endloop
  endfacet
  facet normal 0 0 1
    outer loop
      vertex 59.1695 162.567 616
      vertex 53.3551 146.592 616
      vertex 65.9285 141.384 616
    endloop
  endfacet
  facet normal 0 0 1
    outer loop
      vertex 44.7757 167.105 616
      vertex 53.3551 146.592 616
      vertex 59.1695 162.567 616
    endloop
  endfacet
  facet normal 0 0 1
    outer loop
      vertex 44.7757 167.105 616
      vertex 40.3758 150.684 616
      vertex 53.3551 146.592 616
    endloop
  endfacet
  facet normal 0 0 1
    outer loop
      vertex 30.0411 170.372 616
      vertex 40.3758 150.684 616
      vertex 44.7757 167.105 616
    endloop
  endfacet
  facet normal 0 0 1
    outer loop
      vertex 30.0411 170.372 616
      vertex 27.0891 153.63 616
      vertex 40.3758 150.684 616
    endloop
  endfacet
  facet normal 0 0 1
    outer loop
      vertex 15.0779 172.342 616
      vertex 27.0891 153.63 616
      vertex 30.0411 170.372 616
    endloop
  endfacet
  facet normal 0 0 1
    outer loop
      vertex 15.0779 172.342 616
      vertex 13.5963 155.406 616
      vertex 27.0891 153.63 616
    endloop
  endfacet
  facet normal 0 0 1
    outer loop
      vertex 0 173 616
      vertex 13.5963 155.406 616
      vertex 15.0779 172.342 616
    endloop
  endfacet
  facet normal 0 0 1
    outer loop
      vertex 0 173 616
      vertex 0 156 616
      vertex 13.5963 155.406 616
    endloop
  endfacet
  facet normal 0 0 1
    outer loop
      vertex 0 173 616
      vertex -13.5963 155.406 616
      vertex 0 156 616
    endloop
  endfacet
  facet normal -0 0 1
    outer loop
      vertex -15.0779 172.342 616
      vertex -13.5963 155.406 616
      vertex 0 173 616
    endloop
  endfacet
  facet normal 0 0 1
    outer loop
      vertex -15.0779 172.342 616
      vertex -27.0891 153.63 616
      vertex -13.5963 155.406 616
    endloop
  endfacet
  facet normal -0 0 1
    outer loop
      vertex -30.0411 170.372 616
      vertex -27.0891 153.63 616
      vertex -15.0779 172.342 616
    endloop
  endfacet
  facet normal 0 0 1
    outer loop
      vertex -30.0411 170.372 616
      vertex -40.3758 150.684 616
      vertex -27.0891 153.63 616
    endloop
  endfacet
  facet normal -0 0 1
    outer loop
      vertex -44.7757 167.105 616
      vertex -40.3758 150.684 616
      vertex -30.0411 170.372 616
    endloop
  endfacet
  facet normal 0 0 1
    outer loop
      vertex -44.7757 167.105 616
      vertex -53.3551 146.592 616
      vertex -40.3758 150.684 616
    endloop
  endfacet
  facet normal -0 0 1
    outer loop
      vertex -59.1695 162.567 616
      vertex -53.3551 146.592 616
      vertex -44.7757 167.105 616
    endloop
  endfacet
  facet normal 0 0 1
    outer loop
      vertex -59.1695 162.567 616
      vertex -65.9285 141.384 616
      vertex -53.3551 146.592 616
    endloop
  endfacet
  facet normal -0 0 1
    outer loop
      vertex -73.113 156.791 616
      vertex -65.9285 141.384 616
      vertex -59.1695 162.567 616
    endloop
  endfacet
  facet normal 0 0 1
    outer loop
      vertex -73.113 156.791 616
      vertex -78 135.1 616
      vertex -65.9285 141.384 616
    endloop
  endfacet
  facet normal -0 0 1
    outer loop
      vertex -86.5 149.822 616
      vertex -78 135.1 616
      vertex -73.113 156.791 616
    endloop
  endfacet
  facet normal 0 0 1
    outer loop
      vertex -86.5 149.822 616
      vertex -89.4779 127.788 616
      vertex -78 135.1 616
    endloop
  endfacet
  facet normal -0 0 1
    outer loop
      vertex -99.2287 141.713 616
      vertex -89.4779 127.788 616
      vertex -86.5 149.822 616
    endloop
  endfacet
  facet normal 0 0 1
    outer loop
      vertex -99.2287 141.713 616
      vertex -100.275 119.503 616
      vertex -89.4779 127.788 616
    endloop
  endfacet
  facet normal -0 0 1
    outer loop
      vertex -111.202 132.526 616
      vertex -100.275 119.503 616
      vertex -99.2287 141.713 616
    endloop
  endfacet
  facet normal 0 0 1
    outer loop
      vertex -100.275 119.503 616
      vertex -111.202 132.526 616
      vertex -110.309 110.309 616
    endloop
  endfacet
  facet normal -0 0 1
    outer loop
      vertex -122.329 122.329 616
      vertex -110.309 110.309 616
      vertex -111.202 132.526 616
    endloop
  endfacet
  facet normal 0 0 1
    outer loop
      vertex -110.309 110.309 616
      vertex -122.329 122.329 616
      vertex -119.503 100.275 616
    endloop
  endfacet
  facet normal -0 0 1
    outer loop
      vertex -132.526 111.202 616
      vertex -119.503 100.275 616
      vertex -122.329 122.329 616
    endloop
  endfacet
  facet normal 0 0 1
    outer loop
      vertex -119.503 100.275 616
      vertex -132.526 111.202 616
      vertex -127.788 89.4779 616
    endloop
  endfacet
  facet normal -0 0 1
    outer loop
      vertex -141.713 99.2287 616
      vertex -127.788 89.4779 616
      vertex -132.526 111.202 616
    endloop
  endfacet
  facet normal 0 0 1
    outer loop
      vertex -127.788 89.4779 616
      vertex -141.713 99.2287 616
      vertex -135.1 78 616
    endloop
  endfacet
  facet normal -0 0 1
    outer loop
      vertex -149.822 86.5 616
      vertex -135.1 78 616
      vertex -141.713 99.2287 616
    endloop
  endfacet
  facet normal 0 0 1
    outer loop
      vertex -135.1 78 616
      vertex -149.822 86.5 616
      vertex -141.384 65.9285 616
    endloop
  endfacet
  facet normal -0 0 1
    outer loop
      vertex -156.791 73.113 616
      vertex -141.384 65.9285 616
      vertex -149.822 86.5 616
    endloop
  endfacet
  facet normal 0 0 1
    outer loop
      vertex -141.384 65.9285 616
      vertex -156.791 73.113 616
      vertex -146.592 53.3551 616
    endloop
  endfacet
  facet normal -0 0 1
    outer loop
      vertex -162.567 59.1695 616
      vertex -146.592 53.3551 616
      vertex -156.791 73.113 616
    endloop
  endfacet
  facet normal 0 0 1
    outer loop
      vertex -146.592 53.3551 616
      vertex -162.567 59.1695 616
      vertex -150.684 40.3758 616
    endloop
  endfacet
  facet normal 0 0 1
    outer loop
      vertex -150.684 40.3758 616
      vertex -167.105 44.7757 616
      vertex -153.63 27.0891 616
    endloop
  endfacet
  facet normal -0 0 1
    outer loop
      vertex -167.105 44.7757 616
      vertex -150.684 40.3758 616
      vertex -162.567 59.1695 616
    endloop
  endfacet
  facet normal -0 0 1
    outer loop
      vertex 150.684 -40.3758 616
      vertex 167.105 -44.7757 616
      vertex 153.63 -27.0891 616
    endloop
  endfacet
  facet normal 0 0 1
    outer loop
      vertex 167.105 -44.7757 616
      vertex 150.684 -40.3758 616
      vertex 162.567 -59.1695 616
    endloop
  endfacet
  facet normal -0 0 1
    outer loop
      vertex 146.592 -53.3551 616
      vertex 162.567 -59.1695 616
      vertex 150.684 -40.3758 616
    endloop
  endfacet
  facet normal 0 0 1
    outer loop
      vertex 162.567 -59.1695 616
      vertex 146.592 -53.3551 616
      vertex 156.791 -73.113 616
    endloop
  endfacet
  facet normal -0 0 1
    outer loop
      vertex 141.384 -65.9285 616
      vertex 156.791 -73.113 616
      vertex 146.592 -53.3551 616
    endloop
  endfacet
  facet normal 0 0 1
    outer loop
      vertex 156.791 -73.113 616
      vertex 141.384 -65.9285 616
      vertex 149.822 -86.5 616
    endloop
  endfacet
  facet normal -0 0 1
    outer loop
      vertex 135.1 -78 616
      vertex 149.822 -86.5 616
      vertex 141.384 -65.9285 616
    endloop
  endfacet
  facet normal 0 0 1
    outer loop
      vertex 149.822 -86.5 616
      vertex 135.1 -78 616
      vertex 141.713 -99.2287 616
    endloop
  endfacet
  facet normal -0 0 1
    outer loop
      vertex 127.788 -89.4779 616
      vertex 141.713 -99.2287 616
      vertex 135.1 -78 616
    endloop
  endfacet
  facet normal 0 0 1
    outer loop
      vertex 141.713 -99.2287 616
      vertex 127.788 -89.4779 616
      vertex 132.526 -111.202 616
    endloop
  endfacet
  facet normal -0 0 1
    outer loop
      vertex 119.503 -100.275 616
      vertex 132.526 -111.202 616
      vertex 127.788 -89.4779 616
    endloop
  endfacet
  facet normal 0 0 1
    outer loop
      vertex 132.526 -111.202 616
      vertex 119.503 -100.275 616
      vertex 122.329 -122.329 616
    endloop
  endfacet
  facet normal -0 0 1
    outer loop
      vertex 110.309 -110.309 616
      vertex 122.329 -122.329 616
      vertex 119.503 -100.275 616
    endloop
  endfacet
  facet normal 0 0 1
    outer loop
      vertex 122.329 -122.329 616
      vertex 110.309 -110.309 616
      vertex 111.202 -132.526 616
    endloop
  endfacet
  facet normal -0 0 1
    outer loop
      vertex 100.275 -119.503 616
      vertex 111.202 -132.526 616
      vertex 110.309 -110.309 616
    endloop
  endfacet
  facet normal 0 0 1
    outer loop
      vertex 100.275 -119.503 616
      vertex 99.2287 -141.713 616
      vertex 111.202 -132.526 616
    endloop
  endfacet
  facet normal -0 0 1
    outer loop
      vertex 89.4779 -127.788 616
      vertex 99.2287 -141.713 616
      vertex 100.275 -119.503 616
    endloop
  endfacet
  facet normal 0 0 1
    outer loop
      vertex 89.4779 -127.788 616
      vertex 86.5 -149.822 616
      vertex 99.2287 -141.713 616
    endloop
  endfacet
  facet normal -0 0 1
    outer loop
      vertex 78 -135.1 616
      vertex 86.5 -149.822 616
      vertex 89.4779 -127.788 616
    endloop
  endfacet
  facet normal 0 0 1
    outer loop
      vertex 78 -135.1 616
      vertex 73.113 -156.791 616
      vertex 86.5 -149.822 616
    endloop
  endfacet
  facet normal -0 0 1
    outer loop
      vertex 65.9285 -141.384 616
      vertex 73.113 -156.791 616
      vertex 78 -135.1 616
    endloop
  endfacet
  facet normal 0 0 1
    outer loop
      vertex 65.9285 -141.384 616
      vertex 59.1695 -162.567 616
      vertex 73.113 -156.791 616
    endloop
  endfacet
  facet normal -0 0 1
    outer loop
      vertex 53.3551 -146.592 616
      vertex 59.1695 -162.567 616
      vertex 65.9285 -141.384 616
    endloop
  endfacet
  facet normal 0 0 1
    outer loop
      vertex 53.3551 -146.592 616
      vertex 44.7757 -167.105 616
      vertex 59.1695 -162.567 616
    endloop
  endfacet
  facet normal -0 0 1
    outer loop
      vertex 40.3758 -150.684 616
      vertex 44.7757 -167.105 616
      vertex 53.3551 -146.592 616
    endloop
  endfacet
  facet normal 0 0 1
    outer loop
      vertex 40.3758 -150.684 616
      vertex 30.0411 -170.372 616
      vertex 44.7757 -167.105 616
    endloop
  endfacet
  facet normal -0 0 1
    outer loop
      vertex 27.0891 -153.63 616
      vertex 30.0411 -170.372 616
      vertex 40.3758 -150.684 616
    endloop
  endfacet
  facet normal 0 0 1
    outer loop
      vertex 27.0891 -153.63 616
      vertex 15.0779 -172.342 616
      vertex 30.0411 -170.372 616
    endloop
  endfacet
  facet normal -0 0 1
    outer loop
      vertex 13.5963 -155.406 616
      vertex 15.0779 -172.342 616
      vertex 27.0891 -153.63 616
    endloop
  endfacet
  facet normal -0 0 1
    outer loop
      vertex 0 -156 616
      vertex 15.0779 -172.342 616
      vertex 13.5963 -155.406 616
    endloop
  endfacet
  facet normal 0 0 1
    outer loop
      vertex 0 -156 616
      vertex 0 -173 616
      vertex 15.0779 -172.342 616
    endloop
  endfacet
  facet normal 0 0 1
    outer loop
      vertex -13.5963 -155.406 616
      vertex 0 -173 616
      vertex 0 -156 616
    endloop
  endfacet
  facet normal 0 0 1
    outer loop
      vertex -13.5963 -155.406 616
      vertex -15.0779 -172.342 616
      vertex 0 -173 616
    endloop
  endfacet
  facet normal 0 0 1
    outer loop
      vertex -27.0891 -153.63 616
      vertex -15.0779 -172.342 616
      vertex -13.5963 -155.406 616
    endloop
  endfacet
  facet normal 0 0 1
    outer loop
      vertex -27.0891 -153.63 616
      vertex -30.0411 -170.372 616
      vertex -15.0779 -172.342 616
    endloop
  endfacet
  facet normal 0 0 1
    outer loop
      vertex -40.3758 -150.684 616
      vertex -30.0411 -170.372 616
      vertex -27.0891 -153.63 616
    endloop
  endfacet
  facet normal 0 0 1
    outer loop
      vertex -40.3758 -150.684 616
      vertex -44.7757 -167.105 616
      vertex -30.0411 -170.372 616
    endloop
  endfacet
  facet normal 0 0 1
    outer loop
      vertex -53.3551 -146.592 616
      vertex -44.7757 -167.105 616
      vertex -40.3758 -150.684 616
    endloop
  endfacet
  facet normal 0 0 1
    outer loop
      vertex -53.3551 -146.592 616
      vertex -59.1695 -162.567 616
      vertex -44.7757 -167.105 616
    endloop
  endfacet
  facet normal 0 0 1
    outer loop
      vertex -65.9285 -141.384 616
      vertex -59.1695 -162.567 616
      vertex -53.3551 -146.592 616
    endloop
  endfacet
  facet normal 0 0 1
    outer loop
      vertex -65.9285 -141.384 616
      vertex -73.113 -156.791 616
      vertex -59.1695 -162.567 616
    endloop
  endfacet
  facet normal 0 0 1
    outer loop
      vertex -78 -135.1 616
      vertex -73.113 -156.791 616
      vertex -65.9285 -141.384 616
    endloop
  endfacet
  facet normal 0 0 1
    outer loop
      vertex -78 -135.1 616
      vertex -86.5 -149.822 616
      vertex -73.113 -156.791 616
    endloop
  endfacet
  facet normal 0 0 1
    outer loop
      vertex -89.4779 -127.788 616
      vertex -86.5 -149.822 616
      vertex -78 -135.1 616
    endloop
  endfacet
  facet normal 0 0 1
    outer loop
      vertex -89.4779 -127.788 616
      vertex -99.2287 -141.713 616
      vertex -86.5 -149.822 616
    endloop
  endfacet
  facet normal 0 0 1
    outer loop
      vertex -100.275 -119.503 616
      vertex -99.2287 -141.713 616
      vertex -89.4779 -127.788 616
    endloop
  endfacet
  facet normal 0 0 1
    outer loop
      vertex -111.202 -132.526 616
      vertex -100.275 -119.503 616
      vertex -110.309 -110.309 616
    endloop
  endfacet
  facet normal 0 0 1
    outer loop
      vertex -100.275 -119.503 616
      vertex -111.202 -132.526 616
      vertex -99.2287 -141.713 616
    endloop
  endfacet
  facet normal 0 0 1
    outer loop
      vertex -122.329 -122.329 616
      vertex -110.309 -110.309 616
      vertex -119.503 -100.275 616
    endloop
  endfacet
  facet normal 0 0 1
    outer loop
      vertex -110.309 -110.309 616
      vertex -122.329 -122.329 616
      vertex -111.202 -132.526 616
    endloop
  endfacet
  facet normal 0 0 1
    outer loop
      vertex -132.526 -111.202 616
      vertex -119.503 -100.275 616
      vertex -127.788 -89.4779 616
    endloop
  endfacet
  facet normal 0 0 1
    outer loop
      vertex -119.503 -100.275 616
      vertex -132.526 -111.202 616
      vertex -122.329 -122.329 616
    endloop
  endfacet
  facet normal 0 0 1
    outer loop
      vertex -141.713 -99.2287 616
      vertex -127.788 -89.4779 616
      vertex -135.1 -78 616
    endloop
  endfacet
  facet normal 0 0 1
    outer loop
      vertex -149.822 -86.5 616
      vertex -135.1 -78 616
      vertex -141.384 -65.9285 616
    endloop
  endfacet
  facet normal 0 0 1
    outer loop
      vertex -127.788 -89.4779 616
      vertex -141.713 -99.2287 616
      vertex -132.526 -111.202 616
    endloop
  endfacet
  facet normal 0 0 1
    outer loop
      vertex -156.791 -73.113 616
      vertex -141.384 -65.9285 616
      vertex -146.592 -53.3551 616
    endloop
  endfacet
  facet normal 0 0 1
    outer loop
      vertex -135.1 -78 616
      vertex -149.822 -86.5 616
      vertex -141.713 -99.2287 616
    endloop
  endfacet
  facet normal 0 0 1
    outer loop
      vertex -162.567 -59.1695 616
      vertex -146.592 -53.3551 616
      vertex -150.684 -40.3758 616
    endloop
  endfacet
  facet normal 0 0 1
    outer loop
      vertex -167.105 -44.7757 616
      vertex -150.684 -40.3758 616
      vertex -153.63 -27.0891 616
    endloop
  endfacet
  facet normal 0 0 1
    outer loop
      vertex -170.372 -30.0411 616
      vertex -153.63 -27.0891 616
      vertex -155.406 -13.5963 616
    endloop
  endfacet
  facet normal 0 0 1
    outer loop
      vertex -141.384 -65.9285 616
      vertex -156.791 -73.113 616
      vertex -149.822 -86.5 616
    endloop
  endfacet
  facet normal 0 0 1
    outer loop
      vertex -172.342 -15.0779 616
      vertex -155.406 -13.5963 616
      vertex -156 0 616
    endloop
  endfacet
  facet normal -0 0 1
    outer loop
      vertex -170.372 30.0411 616
      vertex -153.63 27.0891 616
      vertex -167.105 44.7757 616
    endloop
  endfacet
  facet normal 0 0 1
    outer loop
      vertex -153.63 27.0891 616
      vertex -170.372 30.0411 616
      vertex -155.406 13.5963 616
    endloop
  endfacet
  facet normal 0 0 1
    outer loop
      vertex -146.592 -53.3551 616
      vertex -162.567 -59.1695 616
      vertex -156.791 -73.113 616
    endloop
  endfacet
  facet normal -0 0 1
    outer loop
      vertex -172.342 15.0779 616
      vertex -155.406 13.5963 616
      vertex -170.372 30.0411 616
    endloop
  endfacet
  facet normal 0 0 1
    outer loop
      vertex -150.684 -40.3758 616
      vertex -167.105 -44.7757 616
      vertex -162.567 -59.1695 616
    endloop
  endfacet
  facet normal 0 0 1
    outer loop
      vertex -155.406 13.5963 616
      vertex -172.342 15.0779 616
      vertex -156 0 616
    endloop
  endfacet
  facet normal 0 0 1
    outer loop
      vertex -153.63 -27.0891 616
      vertex -170.372 -30.0411 616
      vertex -167.105 -44.7757 616
    endloop
  endfacet
  facet normal 0 0 1
    outer loop
      vertex -173 0 616
      vertex -156 0 616
      vertex -172.342 15.0779 616
    endloop
  endfacet
  facet normal 0 0 1
    outer loop
      vertex -155.406 -13.5963 616
      vertex -172.342 -15.0779 616
      vertex -170.372 -30.0411 616
    endloop
  endfacet
  facet normal 0 0 1
    outer loop
      vertex -156 0 616
      vertex -173 0 616
      vertex -172.342 -15.0779 616
    endloop
  endfacet
  facet normal 0.92387 -0.382707 0
    outer loop
      vertex 156.791 -73.113 616
      vertex 162.567 -59.1695 604
      vertex 162.567 -59.1695 616
    endloop
  endfacet
  facet normal 0.92387 -0.382707 0
    outer loop
      vertex 162.567 -59.1695 604
      vertex 156.791 -73.113 616
      vertex 156.791 -73.113 604
    endloop
  endfacet
  facet normal 0.382707 -0.92387 0
    outer loop
      vertex 59.1695 -162.567 604
      vertex 73.113 -156.791 616
      vertex 59.1695 -162.567 616
    endloop
  endfacet
  facet normal 0.382707 -0.92387 0
    outer loop
      vertex 73.113 -156.791 616
      vertex 59.1695 -162.567 604
      vertex 73.113 -156.791 604
    endloop
  endfacet
  facet normal -0.675626 0.737245 0
    outer loop
      vertex -111.202 132.526 604
      vertex -122.329 122.329 616
      vertex -111.202 132.526 616
    endloop
  endfacet
  facet normal -0.675626 0.737245 0
    outer loop
      vertex -122.329 122.329 616
      vertex -111.202 132.526 604
      vertex -122.329 122.329 604
    endloop
  endfacet
  facet normal -0.999049 -0.0435985 0
    outer loop
      vertex -172.342 -15.0779 604
      vertex -173 0 616
      vertex -173 0 604
    endloop
  endfacet
  facet normal -0.999049 -0.0435985 0
    outer loop
      vertex -173 0 616
      vertex -172.342 -15.0779 604
      vertex -172.342 -15.0779 616
    endloop
  endfacet
  facet normal 0.0435985 0.999049 -0
    outer loop
      vertex 15.0779 172.342 604
      vertex 0 173 616
      vertex 15.0779 172.342 616
    endloop
  endfacet
  facet normal 0.0435985 0.999049 0
    outer loop
      vertex 0 173 616
      vertex 15.0779 172.342 604
      vertex 0 173 604
    endloop
  endfacet
  facet normal -0.843394 -0.537296 0
    outer loop
      vertex -141.713 -99.2287 604
      vertex -149.822 -86.5 616
      vertex -149.822 -86.5 604
    endloop
  endfacet
  facet normal -0.843394 -0.537296 0
    outer loop
      vertex -149.822 -86.5 616
      vertex -141.713 -99.2287 604
      vertex -141.713 -99.2287 616
    endloop
  endfacet
  facet normal -0.13053 0.991444 0
    outer loop
      vertex -15.0779 172.342 604
      vertex -30.0411 170.372 616
      vertex -15.0779 172.342 616
    endloop
  endfacet
  facet normal -0.13053 0.991444 0
    outer loop
      vertex -30.0411 170.372 616
      vertex -15.0779 172.342 604
      vertex -30.0411 170.372 604
    endloop
  endfacet
  facet normal 0.216466 -0.97629 0
    outer loop
      vertex 30.0411 -170.372 604
      vertex 44.7757 -167.105 616
      vertex 30.0411 -170.372 616
    endloop
  endfacet
  facet normal 0.216466 -0.97629 0
    outer loop
      vertex 44.7757 -167.105 616
      vertex 30.0411 -170.372 604
      vertex 44.7757 -167.105 604
    endloop
  endfacet
  facet normal -0.843394 0.537296 0
    outer loop
      vertex -149.822 86.5 604
      vertex -141.713 99.2287 616
      vertex -141.713 99.2287 604
    endloop
  endfacet
  facet normal -0.843394 0.537296 0
    outer loop
      vertex -141.713 99.2287 616
      vertex -149.822 86.5 604
      vertex -149.822 86.5 616
    endloop
  endfacet
  facet normal 0.843394 -0.537296 0
    outer loop
      vertex 141.713 -99.2287 616
      vertex 149.822 -86.5 604
      vertex 149.822 -86.5 616
    endloop
  endfacet
  facet normal 0.843394 -0.537296 0
    outer loop
      vertex 149.822 -86.5 604
      vertex 141.713 -99.2287 616
      vertex 141.713 -99.2287 604
    endloop
  endfacet
  facet normal -0.737245 -0.675626 0
    outer loop
      vertex -122.329 -122.329 604
      vertex -132.526 -111.202 616
      vertex -132.526 -111.202 604
    endloop
  endfacet
  facet normal -0.737245 -0.675626 0
    outer loop
      vertex -132.526 -111.202 616
      vertex -122.329 -122.329 604
      vertex -122.329 -122.329 616
    endloop
  endfacet
  facet normal 0.300685 0.953724 -0
    outer loop
      vertex 59.1695 162.567 604
      vertex 44.7757 167.105 616
      vertex 59.1695 162.567 616
    endloop
  endfacet
  facet normal 0.300685 0.953724 0
    outer loop
      vertex 44.7757 167.105 616
      vertex 59.1695 162.567 604
      vertex 44.7757 167.105 604
    endloop
  endfacet
  facet normal -0.953724 0.300685 0
    outer loop
      vertex -167.105 44.7757 604
      vertex -162.567 59.1695 616
      vertex -162.567 59.1695 604
    endloop
  endfacet
  facet normal -0.953724 0.300685 0
    outer loop
      vertex -162.567 59.1695 616
      vertex -167.105 44.7757 604
      vertex -167.105 44.7757 616
    endloop
  endfacet
  facet normal 0.216466 0.97629 -0
    outer loop
      vertex 44.7757 167.105 604
      vertex 30.0411 170.372 616
      vertex 44.7757 167.105 616
    endloop
  endfacet
  facet normal 0.216466 0.97629 0
    outer loop
      vertex 30.0411 170.372 616
      vertex 44.7757 167.105 604
      vertex 30.0411 170.372 604
    endloop
  endfacet
  facet normal -0.92387 0.382707 0
    outer loop
      vertex -162.567 59.1695 604
      vertex -156.791 73.113 616
      vertex -156.791 73.113 604
    endloop
  endfacet
  facet normal -0.92387 0.382707 0
    outer loop
      vertex -156.791 73.113 616
      vertex -162.567 59.1695 604
      vertex -162.567 59.1695 616
    endloop
  endfacet
  facet normal -0.382707 -0.92387 0
    outer loop
      vertex -73.113 -156.791 604
      vertex -59.1695 -162.567 616
      vertex -73.113 -156.791 616
    endloop
  endfacet
  facet normal -0.382707 -0.92387 -0
    outer loop
      vertex -59.1695 -162.567 616
      vertex -73.113 -156.791 604
      vertex -59.1695 -162.567 604
    endloop
  endfacet
  facet normal -0.461757 -0.887006 0
    outer loop
      vertex -86.5 -149.822 604
      vertex -73.113 -156.791 616
      vertex -86.5 -149.822 616
    endloop
  endfacet
  facet normal -0.461757 -0.887006 -0
    outer loop
      vertex -73.113 -156.791 616
      vertex -86.5 -149.822 604
      vertex -73.113 -156.791 604
    endloop
  endfacet
  facet normal 0.537296 -0.843394 0
    outer loop
      vertex 86.5 -149.822 604
      vertex 99.2287 -141.713 616
      vertex 86.5 -149.822 616
    endloop
  endfacet
  facet normal 0.537296 -0.843394 0
    outer loop
      vertex 99.2287 -141.713 616
      vertex 86.5 -149.822 604
      vertex 99.2287 -141.713 604
    endloop
  endfacet
  facet normal -0.461757 0.887006 0
    outer loop
      vertex -73.113 156.791 604
      vertex -86.5 149.822 616
      vertex -73.113 156.791 616
    endloop
  endfacet
  facet normal -0.461757 0.887006 0
    outer loop
      vertex -86.5 149.822 616
      vertex -73.113 156.791 604
      vertex -86.5 149.822 604
    endloop
  endfacet
  facet normal 0.97629 -0.216466 0
    outer loop
      vertex 167.105 -44.7757 616
      vertex 170.372 -30.0411 604
      vertex 170.372 -30.0411 616
    endloop
  endfacet
  facet normal 0.97629 -0.216466 0
    outer loop
      vertex 170.372 -30.0411 604
      vertex 167.105 -44.7757 616
      vertex 167.105 -44.7757 604
    endloop
  endfacet
  facet normal -0.97629 0.216466 0
    outer loop
      vertex -170.372 30.0411 604
      vertex -167.105 44.7757 616
      vertex -167.105 44.7757 604
    endloop
  endfacet
  facet normal -0.97629 0.216466 0
    outer loop
      vertex -167.105 44.7757 616
      vertex -170.372 30.0411 604
      vertex -170.372 30.0411 616
    endloop
  endfacet
  facet normal 0.887006 -0.461757 0
    outer loop
      vertex 149.822 -86.5 616
      vertex 156.791 -73.113 604
      vertex 156.791 -73.113 616
    endloop
  endfacet
  facet normal 0.887006 -0.461757 0
    outer loop
      vertex 156.791 -73.113 604
      vertex 149.822 -86.5 616
      vertex 149.822 -86.5 604
    endloop
  endfacet
  facet normal -0.537296 -0.843394 0
    outer loop
      vertex -99.2287 -141.713 604
      vertex -86.5 -149.822 616
      vertex -99.2287 -141.713 616
    endloop
  endfacet
  facet normal -0.537296 -0.843394 -0
    outer loop
      vertex -86.5 -149.822 616
      vertex -99.2287 -141.713 604
      vertex -86.5 -149.822 604
    endloop
  endfacet
  facet normal -0.537296 0.843394 0
    outer loop
      vertex -86.5 149.822 604
      vertex -99.2287 141.713 616
      vertex -86.5 149.822 616
    endloop
  endfacet
  facet normal -0.537296 0.843394 0
    outer loop
      vertex -99.2287 141.713 616
      vertex -86.5 149.822 604
      vertex -99.2287 141.713 604
    endloop
  endfacet
  facet normal -0.887006 0.461757 0
    outer loop
      vertex -156.791 73.113 604
      vertex -149.822 86.5 616
      vertex -149.822 86.5 604
    endloop
  endfacet
  facet normal -0.887006 0.461757 0
    outer loop
      vertex -149.822 86.5 616
      vertex -156.791 73.113 604
      vertex -156.791 73.113 616
    endloop
  endfacet
  facet normal 0 0 -1
    outer loop
      vertex 156 0 604
      vertex 173 0 604
      vertex 172.342 -15.0779 604
    endloop
  endfacet
  facet normal 0 0 -1
    outer loop
      vertex 155.406 -13.5963 604
      vertex 172.342 -15.0779 604
      vertex 170.372 -30.0411 604
    endloop
  endfacet
  facet normal 0 0 -1
    outer loop
      vertex 173 0 604
      vertex 156 0 604
      vertex 172.342 15.0779 604
    endloop
  endfacet
  facet normal 0 0 -1
    outer loop
      vertex 153.63 -27.0891 604
      vertex 170.372 -30.0411 604
      vertex 167.105 -44.7757 604
    endloop
  endfacet
  facet normal 0 0 -1
    outer loop
      vertex 155.406 13.5963 604
      vertex 172.342 15.0779 604
      vertex 156 0 604
    endloop
  endfacet
  facet normal 0 0 -1
    outer loop
      vertex 150.684 -40.3758 604
      vertex 167.105 -44.7757 604
      vertex 162.567 -59.1695 604
    endloop
  endfacet
  facet normal -0 0 -1
    outer loop
      vertex 172.342 15.0779 604
      vertex 155.406 13.5963 604
      vertex 170.372 30.0411 604
    endloop
  endfacet
  facet normal 0 0 -1
    outer loop
      vertex 146.592 -53.3551 604
      vertex 162.567 -59.1695 604
      vertex 156.791 -73.113 604
    endloop
  endfacet
  facet normal 0 0 -1
    outer loop
      vertex 153.63 27.0891 604
      vertex 170.372 30.0411 604
      vertex 155.406 13.5963 604
    endloop
  endfacet
  facet normal -0 0 -1
    outer loop
      vertex 170.372 30.0411 604
      vertex 153.63 27.0891 604
      vertex 167.105 44.7757 604
    endloop
  endfacet
  facet normal 0 0 -1
    outer loop
      vertex 172.342 -15.0779 604
      vertex 155.406 -13.5963 604
      vertex 156 0 604
    endloop
  endfacet
  facet normal 0 0 -1
    outer loop
      vertex 170.372 -30.0411 604
      vertex 153.63 -27.0891 604
      vertex 155.406 -13.5963 604
    endloop
  endfacet
  facet normal 0 0 -1
    outer loop
      vertex 167.105 -44.7757 604
      vertex 150.684 -40.3758 604
      vertex 153.63 -27.0891 604
    endloop
  endfacet
  facet normal 0 0 -1
    outer loop
      vertex 141.384 -65.9285 604
      vertex 156.791 -73.113 604
      vertex 149.822 -86.5 604
    endloop
  endfacet
  facet normal 0 0 -1
    outer loop
      vertex 162.567 -59.1695 604
      vertex 146.592 -53.3551 604
      vertex 150.684 -40.3758 604
    endloop
  endfacet
  facet normal 0 0 -1
    outer loop
      vertex 135.1 -78 604
      vertex 149.822 -86.5 604
      vertex 141.713 -99.2287 604
    endloop
  endfacet
  facet normal 0 0 -1
    outer loop
      vertex 156.791 -73.113 604
      vertex 141.384 -65.9285 604
      vertex 146.592 -53.3551 604
    endloop
  endfacet
  facet normal 0 0 -1
    outer loop
      vertex 149.822 -86.5 604
      vertex 135.1 -78 604
      vertex 141.384 -65.9285 604
    endloop
  endfacet
  facet normal 0 0 -1
    outer loop
      vertex 127.788 -89.4779 604
      vertex 141.713 -99.2287 604
      vertex 132.526 -111.202 604
    endloop
  endfacet
  facet normal 0 0 -1
    outer loop
      vertex 141.713 -99.2287 604
      vertex 127.788 -89.4779 604
      vertex 135.1 -78 604
    endloop
  endfacet
  facet normal 0 0 -1
    outer loop
      vertex 119.503 -100.275 604
      vertex 132.526 -111.202 604
      vertex 122.329 -122.329 604
    endloop
  endfacet
  facet normal 0 0 -1
    outer loop
      vertex 132.526 -111.202 604
      vertex 119.503 -100.275 604
      vertex 127.788 -89.4779 604
    endloop
  endfacet
  facet normal 0 0 -1
    outer loop
      vertex 110.309 -110.309 604
      vertex 122.329 -122.329 604
      vertex 111.202 -132.526 604
    endloop
  endfacet
  facet normal 0 0 -1
    outer loop
      vertex 122.329 -122.329 604
      vertex 110.309 -110.309 604
      vertex 119.503 -100.275 604
    endloop
  endfacet
  facet normal 0 0 -1
    outer loop
      vertex 111.202 -132.526 604
      vertex 100.275 -119.503 604
      vertex 110.309 -110.309 604
    endloop
  endfacet
  facet normal 0 0 -1
    outer loop
      vertex 99.2287 -141.713 604
      vertex 100.275 -119.503 604
      vertex 111.202 -132.526 604
    endloop
  endfacet
  facet normal 0 0 -1
    outer loop
      vertex 99.2287 -141.713 604
      vertex 89.4779 -127.788 604
      vertex 100.275 -119.503 604
    endloop
  endfacet
  facet normal 0 0 -1
    outer loop
      vertex 86.5 -149.822 604
      vertex 89.4779 -127.788 604
      vertex 99.2287 -141.713 604
    endloop
  endfacet
  facet normal 0 0 -1
    outer loop
      vertex 86.5 -149.822 604
      vertex 78 -135.1 604
      vertex 89.4779 -127.788 604
    endloop
  endfacet
  facet normal 0 0 -1
    outer loop
      vertex 73.113 -156.791 604
      vertex 78 -135.1 604
      vertex 86.5 -149.822 604
    endloop
  endfacet
  facet normal 0 0 -1
    outer loop
      vertex 73.113 -156.791 604
      vertex 65.9285 -141.384 604
      vertex 78 -135.1 604
    endloop
  endfacet
  facet normal 0 0 -1
    outer loop
      vertex 59.1695 -162.567 604
      vertex 65.9285 -141.384 604
      vertex 73.113 -156.791 604
    endloop
  endfacet
  facet normal 0 0 -1
    outer loop
      vertex 59.1695 -162.567 604
      vertex 53.3551 -146.592 604
      vertex 65.9285 -141.384 604
    endloop
  endfacet
  facet normal 0 0 -1
    outer loop
      vertex 44.7757 -167.105 604
      vertex 53.3551 -146.592 604
      vertex 59.1695 -162.567 604
    endloop
  endfacet
  facet normal 0 0 -1
    outer loop
      vertex 44.7757 -167.105 604
      vertex 40.3758 -150.684 604
      vertex 53.3551 -146.592 604
    endloop
  endfacet
  facet normal 0 0 -1
    outer loop
      vertex 30.0411 -170.372 604
      vertex 40.3758 -150.684 604
      vertex 44.7757 -167.105 604
    endloop
  endfacet
  facet normal 0 0 -1
    outer loop
      vertex 30.0411 -170.372 604
      vertex 27.0891 -153.63 604
      vertex 40.3758 -150.684 604
    endloop
  endfacet
  facet normal 0 0 -1
    outer loop
      vertex 15.0779 -172.342 604
      vertex 27.0891 -153.63 604
      vertex 30.0411 -170.372 604
    endloop
  endfacet
  facet normal 0 0 -1
    outer loop
      vertex 15.0779 -172.342 604
      vertex 13.5963 -155.406 604
      vertex 27.0891 -153.63 604
    endloop
  endfacet
  facet normal 0 0 -1
    outer loop
      vertex 0 -173 604
      vertex 13.5963 -155.406 604
      vertex 15.0779 -172.342 604
    endloop
  endfacet
  facet normal 0 0 -1
    outer loop
      vertex 0 -173 604
      vertex 0 -156 604
      vertex 13.5963 -155.406 604
    endloop
  endfacet
  facet normal 0 0 -1
    outer loop
      vertex 0 -173 604
      vertex -13.5963 -155.406 604
      vertex 0 -156 604
    endloop
  endfacet
  facet normal 0 0 -1
    outer loop
      vertex -15.0779 -172.342 604
      vertex -13.5963 -155.406 604
      vertex 0 -173 604
    endloop
  endfacet
  facet normal 0 0 -1
    outer loop
      vertex -15.0779 -172.342 604
      vertex -27.0891 -153.63 604
      vertex -13.5963 -155.406 604
    endloop
  endfacet
  facet normal 0 0 -1
    outer loop
      vertex -30.0411 -170.372 604
      vertex -27.0891 -153.63 604
      vertex -15.0779 -172.342 604
    endloop
  endfacet
  facet normal 0 0 -1
    outer loop
      vertex -30.0411 -170.372 604
      vertex -40.3758 -150.684 604
      vertex -27.0891 -153.63 604
    endloop
  endfacet
  facet normal 0 0 -1
    outer loop
      vertex -44.7757 -167.105 604
      vertex -40.3758 -150.684 604
      vertex -30.0411 -170.372 604
    endloop
  endfacet
  facet normal 0 0 -1
    outer loop
      vertex -44.7757 -167.105 604
      vertex -53.3551 -146.592 604
      vertex -40.3758 -150.684 604
    endloop
  endfacet
  facet normal 0 0 -1
    outer loop
      vertex -59.1695 -162.567 604
      vertex -53.3551 -146.592 604
      vertex -44.7757 -167.105 604
    endloop
  endfacet
  facet normal 0 0 -1
    outer loop
      vertex -59.1695 -162.567 604
      vertex -65.9285 -141.384 604
      vertex -53.3551 -146.592 604
    endloop
  endfacet
  facet normal 0 0 -1
    outer loop
      vertex -73.113 -156.791 604
      vertex -65.9285 -141.384 604
      vertex -59.1695 -162.567 604
    endloop
  endfacet
  facet normal 0 0 -1
    outer loop
      vertex -73.113 -156.791 604
      vertex -78 -135.1 604
      vertex -65.9285 -141.384 604
    endloop
  endfacet
  facet normal 0 0 -1
    outer loop
      vertex -86.5 -149.822 604
      vertex -78 -135.1 604
      vertex -73.113 -156.791 604
    endloop
  endfacet
  facet normal 0 0 -1
    outer loop
      vertex -86.5 -149.822 604
      vertex -89.4779 -127.788 604
      vertex -78 -135.1 604
    endloop
  endfacet
  facet normal 0 0 -1
    outer loop
      vertex -99.2287 -141.713 604
      vertex -89.4779 -127.788 604
      vertex -86.5 -149.822 604
    endloop
  endfacet
  facet normal 0 0 -1
    outer loop
      vertex -99.2287 -141.713 604
      vertex -100.275 -119.503 604
      vertex -89.4779 -127.788 604
    endloop
  endfacet
  facet normal 0 0 -1
    outer loop
      vertex -111.202 -132.526 604
      vertex -100.275 -119.503 604
      vertex -99.2287 -141.713 604
    endloop
  endfacet
  facet normal -0 0 -1
    outer loop
      vertex -100.275 -119.503 604
      vertex -111.202 -132.526 604
      vertex -110.309 -110.309 604
    endloop
  endfacet
  facet normal 0 0 -1
    outer loop
      vertex -122.329 -122.329 604
      vertex -110.309 -110.309 604
      vertex -111.202 -132.526 604
    endloop
  endfacet
  facet normal -0 0 -1
    outer loop
      vertex -110.309 -110.309 604
      vertex -122.329 -122.329 604
      vertex -119.503 -100.275 604
    endloop
  endfacet
  facet normal 0 0 -1
    outer loop
      vertex -132.526 -111.202 604
      vertex -119.503 -100.275 604
      vertex -122.329 -122.329 604
    endloop
  endfacet
  facet normal -0 0 -1
    outer loop
      vertex -119.503 -100.275 604
      vertex -132.526 -111.202 604
      vertex -127.788 -89.4779 604
    endloop
  endfacet
  facet normal 0 0 -1
    outer loop
      vertex -141.713 -99.2287 604
      vertex -127.788 -89.4779 604
      vertex -132.526 -111.202 604
    endloop
  endfacet
  facet normal -0 0 -1
    outer loop
      vertex -127.788 -89.4779 604
      vertex -141.713 -99.2287 604
      vertex -135.1 -78 604
    endloop
  endfacet
  facet normal 0 0 -1
    outer loop
      vertex -149.822 -86.5 604
      vertex -135.1 -78 604
      vertex -141.713 -99.2287 604
    endloop
  endfacet
  facet normal -0 0 -1
    outer loop
      vertex -135.1 -78 604
      vertex -149.822 -86.5 604
      vertex -141.384 -65.9285 604
    endloop
  endfacet
  facet normal 0 0 -1
    outer loop
      vertex -156.791 -73.113 604
      vertex -141.384 -65.9285 604
      vertex -149.822 -86.5 604
    endloop
  endfacet
  facet normal -0 0 -1
    outer loop
      vertex -141.384 -65.9285 604
      vertex -156.791 -73.113 604
      vertex -146.592 -53.3551 604
    endloop
  endfacet
  facet normal 0 0 -1
    outer loop
      vertex -162.567 -59.1695 604
      vertex -146.592 -53.3551 604
      vertex -156.791 -73.113 604
    endloop
  endfacet
  facet normal -0 0 -1
    outer loop
      vertex -146.592 -53.3551 604
      vertex -162.567 -59.1695 604
      vertex -150.684 -40.3758 604
    endloop
  endfacet
  facet normal -0 0 -1
    outer loop
      vertex -150.684 -40.3758 604
      vertex -167.105 -44.7757 604
      vertex -153.63 -27.0891 604
    endloop
  endfacet
  facet normal 0 0 -1
    outer loop
      vertex -167.105 -44.7757 604
      vertex -150.684 -40.3758 604
      vertex -162.567 -59.1695 604
    endloop
  endfacet
  facet normal 0 0 -1
    outer loop
      vertex 150.684 40.3758 604
      vertex 167.105 44.7757 604
      vertex 153.63 27.0891 604
    endloop
  endfacet
  facet normal -0 0 -1
    outer loop
      vertex 167.105 44.7757 604
      vertex 150.684 40.3758 604
      vertex 162.567 59.1695 604
    endloop
  endfacet
  facet normal 0 0 -1
    outer loop
      vertex 146.592 53.3551 604
      vertex 162.567 59.1695 604
      vertex 150.684 40.3758 604
    endloop
  endfacet
  facet normal -0 0 -1
    outer loop
      vertex 162.567 59.1695 604
      vertex 146.592 53.3551 604
      vertex 156.791 73.113 604
    endloop
  endfacet
  facet normal 0 0 -1
    outer loop
      vertex 141.384 65.9285 604
      vertex 156.791 73.113 604
      vertex 146.592 53.3551 604
    endloop
  endfacet
  facet normal -0 0 -1
    outer loop
      vertex 156.791 73.113 604
      vertex 141.384 65.9285 604
      vertex 149.822 86.5 604
    endloop
  endfacet
  facet normal 0 0 -1
    outer loop
      vertex 135.1 78 604
      vertex 149.822 86.5 604
      vertex 141.384 65.9285 604
    endloop
  endfacet
  facet normal -0 0 -1
    outer loop
      vertex 149.822 86.5 604
      vertex 135.1 78 604
      vertex 141.713 99.2287 604
    endloop
  endfacet
  facet normal 0 0 -1
    outer loop
      vertex 127.788 89.4779 604
      vertex 141.713 99.2287 604
      vertex 135.1 78 604
    endloop
  endfacet
  facet normal -0 0 -1
    outer loop
      vertex 141.713 99.2287 604
      vertex 127.788 89.4779 604
      vertex 132.526 111.202 604
    endloop
  endfacet
  facet normal 0 0 -1
    outer loop
      vertex 119.503 100.275 604
      vertex 132.526 111.202 604
      vertex 127.788 89.4779 604
    endloop
  endfacet
  facet normal -0 0 -1
    outer loop
      vertex 132.526 111.202 604
      vertex 119.503 100.275 604
      vertex 122.329 122.329 604
    endloop
  endfacet
  facet normal 0 0 -1
    outer loop
      vertex 110.309 110.309 604
      vertex 122.329 122.329 604
      vertex 119.503 100.275 604
    endloop
  endfacet
  facet normal -0 0 -1
    outer loop
      vertex 122.329 122.329 604
      vertex 110.309 110.309 604
      vertex 111.202 132.526 604
    endloop
  endfacet
  facet normal 0 0 -1
    outer loop
      vertex 100.275 119.503 604
      vertex 111.202 132.526 604
      vertex 110.309 110.309 604
    endloop
  endfacet
  facet normal 0 0 -1
    outer loop
      vertex 100.275 119.503 604
      vertex 99.2287 141.713 604
      vertex 111.202 132.526 604
    endloop
  endfacet
  facet normal 0 0 -1
    outer loop
      vertex 89.4779 127.788 604
      vertex 99.2287 141.713 604
      vertex 100.275 119.503 604
    endloop
  endfacet
  facet normal 0 0 -1
    outer loop
      vertex 89.4779 127.788 604
      vertex 86.5 149.822 604
      vertex 99.2287 141.713 604
    endloop
  endfacet
  facet normal 0 0 -1
    outer loop
      vertex 78 135.1 604
      vertex 86.5 149.822 604
      vertex 89.4779 127.788 604
    endloop
  endfacet
  facet normal 0 0 -1
    outer loop
      vertex 78 135.1 604
      vertex 73.113 156.791 604
      vertex 86.5 149.822 604
    endloop
  endfacet
  facet normal 0 0 -1
    outer loop
      vertex 65.9285 141.384 604
      vertex 73.113 156.791 604
      vertex 78 135.1 604
    endloop
  endfacet
  facet normal 0 0 -1
    outer loop
      vertex 65.9285 141.384 604
      vertex 59.1695 162.567 604
      vertex 73.113 156.791 604
    endloop
  endfacet
  facet normal 0 0 -1
    outer loop
      vertex 53.3551 146.592 604
      vertex 59.1695 162.567 604
      vertex 65.9285 141.384 604
    endloop
  endfacet
  facet normal 0 0 -1
    outer loop
      vertex 53.3551 146.592 604
      vertex 44.7757 167.105 604
      vertex 59.1695 162.567 604
    endloop
  endfacet
  facet normal 0 0 -1
    outer loop
      vertex 40.3758 150.684 604
      vertex 44.7757 167.105 604
      vertex 53.3551 146.592 604
    endloop
  endfacet
  facet normal 0 0 -1
    outer loop
      vertex 40.3758 150.684 604
      vertex 30.0411 170.372 604
      vertex 44.7757 167.105 604
    endloop
  endfacet
  facet normal 0 0 -1
    outer loop
      vertex 27.0891 153.63 604
      vertex 30.0411 170.372 604
      vertex 40.3758 150.684 604
    endloop
  endfacet
  facet normal 0 0 -1
    outer loop
      vertex 27.0891 153.63 604
      vertex 15.0779 172.342 604
      vertex 30.0411 170.372 604
    endloop
  endfacet
  facet normal 0 0 -1
    outer loop
      vertex 13.5963 155.406 604
      vertex 15.0779 172.342 604
      vertex 27.0891 153.63 604
    endloop
  endfacet
  facet normal 0 0 -1
    outer loop
      vertex 0 156 604
      vertex 15.0779 172.342 604
      vertex 13.5963 155.406 604
    endloop
  endfacet
  facet normal 0 0 -1
    outer loop
      vertex 0 156 604
      vertex 0 173 604
      vertex 15.0779 172.342 604
    endloop
  endfacet
  facet normal 0 0 -1
    outer loop
      vertex -13.5963 155.406 604
      vertex 0 173 604
      vertex 0 156 604
    endloop
  endfacet
  facet normal 0 0 -1
    outer loop
      vertex -13.5963 155.406 604
      vertex -15.0779 172.342 604
      vertex 0 173 604
    endloop
  endfacet
  facet normal 0 0 -1
    outer loop
      vertex -27.0891 153.63 604
      vertex -15.0779 172.342 604
      vertex -13.5963 155.406 604
    endloop
  endfacet
  facet normal 0 0 -1
    outer loop
      vertex -27.0891 153.63 604
      vertex -30.0411 170.372 604
      vertex -15.0779 172.342 604
    endloop
  endfacet
  facet normal 0 0 -1
    outer loop
      vertex -40.3758 150.684 604
      vertex -30.0411 170.372 604
      vertex -27.0891 153.63 604
    endloop
  endfacet
  facet normal 0 0 -1
    outer loop
      vertex -40.3758 150.684 604
      vertex -44.7757 167.105 604
      vertex -30.0411 170.372 604
    endloop
  endfacet
  facet normal 0 0 -1
    outer loop
      vertex -53.3551 146.592 604
      vertex -44.7757 167.105 604
      vertex -40.3758 150.684 604
    endloop
  endfacet
  facet normal 0 0 -1
    outer loop
      vertex -53.3551 146.592 604
      vertex -59.1695 162.567 604
      vertex -44.7757 167.105 604
    endloop
  endfacet
  facet normal 0 0 -1
    outer loop
      vertex -65.9285 141.384 604
      vertex -59.1695 162.567 604
      vertex -53.3551 146.592 604
    endloop
  endfacet
  facet normal 0 0 -1
    outer loop
      vertex -65.9285 141.384 604
      vertex -73.113 156.791 604
      vertex -59.1695 162.567 604
    endloop
  endfacet
  facet normal 0 0 -1
    outer loop
      vertex -78 135.1 604
      vertex -73.113 156.791 604
      vertex -65.9285 141.384 604
    endloop
  endfacet
  facet normal 0 0 -1
    outer loop
      vertex -78 135.1 604
      vertex -86.5 149.822 604
      vertex -73.113 156.791 604
    endloop
  endfacet
  facet normal 0 0 -1
    outer loop
      vertex -89.4779 127.788 604
      vertex -86.5 149.822 604
      vertex -78 135.1 604
    endloop
  endfacet
  facet normal 0 0 -1
    outer loop
      vertex -89.4779 127.788 604
      vertex -99.2287 141.713 604
      vertex -86.5 149.822 604
    endloop
  endfacet
  facet normal 0 0 -1
    outer loop
      vertex -100.275 119.503 604
      vertex -99.2287 141.713 604
      vertex -89.4779 127.788 604
    endloop
  endfacet
  facet normal 0 0 -1
    outer loop
      vertex -111.202 132.526 604
      vertex -100.275 119.503 604
      vertex -110.309 110.309 604
    endloop
  endfacet
  facet normal 0 0 -1
    outer loop
      vertex -100.275 119.503 604
      vertex -111.202 132.526 604
      vertex -99.2287 141.713 604
    endloop
  endfacet
  facet normal 0 0 -1
    outer loop
      vertex -122.329 122.329 604
      vertex -110.309 110.309 604
      vertex -119.503 100.275 604
    endloop
  endfacet
  facet normal 0 0 -1
    outer loop
      vertex -110.309 110.309 604
      vertex -122.329 122.329 604
      vertex -111.202 132.526 604
    endloop
  endfacet
  facet normal 0 0 -1
    outer loop
      vertex -132.526 111.202 604
      vertex -119.503 100.275 604
      vertex -127.788 89.4779 604
    endloop
  endfacet
  facet normal 0 0 -1
    outer loop
      vertex -119.503 100.275 604
      vertex -132.526 111.202 604
      vertex -122.329 122.329 604
    endloop
  endfacet
  facet normal 0 0 -1
    outer loop
      vertex -141.713 99.2287 604
      vertex -127.788 89.4779 604
      vertex -135.1 78 604
    endloop
  endfacet
  facet normal 0 0 -1
    outer loop
      vertex -149.822 86.5 604
      vertex -135.1 78 604
      vertex -141.384 65.9285 604
    endloop
  endfacet
  facet normal 0 0 -1
    outer loop
      vertex -127.788 89.4779 604
      vertex -141.713 99.2287 604
      vertex -132.526 111.202 604
    endloop
  endfacet
  facet normal 0 0 -1
    outer loop
      vertex -156.791 73.113 604
      vertex -141.384 65.9285 604
      vertex -146.592 53.3551 604
    endloop
  endfacet
  facet normal 0 0 -1
    outer loop
      vertex -135.1 78 604
      vertex -149.822 86.5 604
      vertex -141.713 99.2287 604
    endloop
  endfacet
  facet normal 0 0 -1
    outer loop
      vertex -162.567 59.1695 604
      vertex -146.592 53.3551 604
      vertex -150.684 40.3758 604
    endloop
  endfacet
  facet normal 0 0 -1
    outer loop
      vertex -167.105 44.7757 604
      vertex -150.684 40.3758 604
      vertex -153.63 27.0891 604
    endloop
  endfacet
  facet normal 0 0 -1
    outer loop
      vertex -170.372 30.0411 604
      vertex -153.63 27.0891 604
      vertex -155.406 13.5963 604
    endloop
  endfacet
  facet normal 0 0 -1
    outer loop
      vertex -141.384 65.9285 604
      vertex -156.791 73.113 604
      vertex -149.822 86.5 604
    endloop
  endfacet
  facet normal 0 0 -1
    outer loop
      vertex -172.342 15.0779 604
      vertex -155.406 13.5963 604
      vertex -156 0 604
    endloop
  endfacet
  facet normal 0 0 -1
    outer loop
      vertex -170.372 -30.0411 604
      vertex -153.63 -27.0891 604
      vertex -167.105 -44.7757 604
    endloop
  endfacet
  facet normal -0 0 -1
    outer loop
      vertex -153.63 -27.0891 604
      vertex -170.372 -30.0411 604
      vertex -155.406 -13.5963 604
    endloop
  endfacet
  facet normal 0 0 -1
    outer loop
      vertex -146.592 53.3551 604
      vertex -162.567 59.1695 604
      vertex -156.791 73.113 604
    endloop
  endfacet
  facet normal 0 0 -1
    outer loop
      vertex -172.342 -15.0779 604
      vertex -155.406 -13.5963 604
      vertex -170.372 -30.0411 604
    endloop
  endfacet
  facet normal 0 0 -1
    outer loop
      vertex -150.684 40.3758 604
      vertex -167.105 44.7757 604
      vertex -162.567 59.1695 604
    endloop
  endfacet
  facet normal -0 0 -1
    outer loop
      vertex -155.406 -13.5963 604
      vertex -172.342 -15.0779 604
      vertex -156 0 604
    endloop
  endfacet
  facet normal 0 0 -1
    outer loop
      vertex -153.63 27.0891 604
      vertex -170.372 30.0411 604
      vertex -167.105 44.7757 604
    endloop
  endfacet
  facet normal 0 0 -1
    outer loop
      vertex -173 0 604
      vertex -156 0 604
      vertex -172.342 -15.0779 604
    endloop
  endfacet
  facet normal 0 0 -1
    outer loop
      vertex -155.406 13.5963 604
      vertex -172.342 15.0779 604
      vertex -170.372 30.0411 604
    endloop
  endfacet
  facet normal 0 0 -1
    outer loop
      vertex -156 0 604
      vertex -173 0 604
      vertex -172.342 15.0779 604
    endloop
  endfacet
  facet normal -0.991448 -0.1305 0
    outer loop
      vertex 155.406 13.5963 604
      vertex 153.63 27.0891 616
      vertex 153.63 27.0891 604
    endloop
  endfacet
  facet normal -0.991448 -0.1305 0
    outer loop
      vertex 153.63 27.0891 616
      vertex 155.406 13.5963 604
      vertex 155.406 13.5963 616
    endloop
  endfacet
  facet normal -0.999047 -0.0436467 0
    outer loop
      vertex 156 0 604
      vertex 155.406 13.5963 616
      vertex 155.406 13.5963 604
    endloop
  endfacet
  facet normal -0.999047 -0.0436467 0
    outer loop
      vertex 155.406 13.5963 616
      vertex 156 0 604
      vertex 156 0 616
    endloop
  endfacet
  facet normal -0.97629 -0.216468 0
    outer loop
      vertex 153.63 27.0891 604
      vertex 150.684 40.3758 616
      vertex 150.684 40.3758 604
    endloop
  endfacet
  facet normal -0.97629 -0.216468 0
    outer loop
      vertex 150.684 40.3758 616
      vertex 153.63 27.0891 604
      vertex 153.63 27.0891 616
    endloop
  endfacet
  facet normal 0.1305 -0.991448 0
    outer loop
      vertex -27.0891 153.63 604
      vertex -13.5963 155.406 616
      vertex -27.0891 153.63 616
    endloop
  endfacet
  facet normal 0.1305 -0.991448 0
    outer loop
      vertex -13.5963 155.406 616
      vertex -27.0891 153.63 604
      vertex -13.5963 155.406 604
    endloop
  endfacet
  facet normal 0.953724 0.300682 0
    outer loop
      vertex -146.592 -53.3551 616
      vertex -150.684 -40.3758 604
      vertex -150.684 -40.3758 616
    endloop
  endfacet
  facet normal 0.953724 0.300682 0
    outer loop
      vertex -150.684 -40.3758 604
      vertex -146.592 -53.3551 616
      vertex -146.592 -53.3551 604
    endloop
  endfacet
  facet normal -0.608766 -0.79335 0
    outer loop
      vertex 89.4779 127.788 604
      vertex 100.275 119.503 616
      vertex 89.4779 127.788 616
    endloop
  endfacet
  facet normal -0.608766 -0.79335 -0
    outer loop
      vertex 100.275 119.503 616
      vertex 89.4779 127.788 604
      vertex 100.275 119.503 604
    endloop
  endfacet
  facet normal -0.382679 0.923881 0
    outer loop
      vertex 65.9285 -141.384 604
      vertex 53.3551 -146.592 616
      vertex 65.9285 -141.384 616
    endloop
  endfacet
  facet normal -0.382679 0.923881 0
    outer loop
      vertex 53.3551 -146.592 616
      vertex 65.9285 -141.384 604
      vertex 53.3551 -146.592 604
    endloop
  endfacet
  facet normal -0.537288 -0.843399 0
    outer loop
      vertex 78 135.1 604
      vertex 89.4779 127.788 616
      vertex 78 135.1 616
    endloop
  endfacet
  facet normal -0.537288 -0.843399 -0
    outer loop
      vertex 89.4779 127.788 616
      vertex 78 135.1 604
      vertex 89.4779 127.788 604
    endloop
  endfacet
  facet normal -0.216468 0.97629 0
    outer loop
      vertex 40.3758 -150.684 604
      vertex 27.0891 -153.63 616
      vertex 40.3758 -150.684 616
    endloop
  endfacet
  facet normal -0.216468 0.97629 0
    outer loop
      vertex 27.0891 -153.63 616
      vertex 40.3758 -150.684 604
      vertex 27.0891 -153.63 604
    endloop
  endfacet
  facet normal -0.1305 -0.991448 0
    outer loop
      vertex 13.5963 155.406 604
      vertex 27.0891 153.63 616
      vertex 13.5963 155.406 616
    endloop
  endfacet
  facet normal -0.1305 -0.991448 -0
    outer loop
      vertex 27.0891 153.63 616
      vertex 13.5963 155.406 604
      vertex 27.0891 153.63 604
    endloop
  endfacet
  facet normal 0.608766 -0.79335 0
    outer loop
      vertex -100.275 119.503 604
      vertex -89.4779 127.788 616
      vertex -100.275 119.503 616
    endloop
  endfacet
  facet normal 0.608766 -0.79335 0
    outer loop
      vertex -89.4779 127.788 616
      vertex -100.275 119.503 604
      vertex -89.4779 127.788 604
    endloop
  endfacet
  facet normal -0.0436467 0.999047 0
    outer loop
      vertex 13.5963 -155.406 604
      vertex 0 -156 616
      vertex 13.5963 -155.406 616
    endloop
  endfacet
  facet normal -0.0436467 0.999047 0
    outer loop
      vertex 0 -156 616
      vertex 13.5963 -155.406 604
      vertex 0 -156 604
    endloop
  endfacet
  facet normal 0.675572 0.737294 -0
    outer loop
      vertex -100.275 -119.503 604
      vertex -110.309 -110.309 616
      vertex -100.275 -119.503 616
    endloop
  endfacet
  facet normal 0.675572 0.737294 0
    outer loop
      vertex -110.309 -110.309 616
      vertex -100.275 -119.503 604
      vertex -110.309 -110.309 604
    endloop
  endfacet
  facet normal -0.537288 0.843399 0
    outer loop
      vertex 89.4779 -127.788 604
      vertex 78 -135.1 616
      vertex 89.4779 -127.788 616
    endloop
  endfacet
  facet normal -0.537288 0.843399 0
    outer loop
      vertex 78 -135.1 616
      vertex 89.4779 -127.788 604
      vertex 78 -135.1 604
    endloop
  endfacet
  facet normal -0.923881 -0.382679 0
    outer loop
      vertex 146.592 53.3551 604
      vertex 141.384 65.9285 616
      vertex 141.384 65.9285 604
    endloop
  endfacet
  facet normal -0.923881 -0.382679 0
    outer loop
      vertex 141.384 65.9285 616
      vertex 146.592 53.3551 604
      vertex 146.592 53.3551 616
    endloop
  endfacet
  facet normal 0.1305 0.991448 -0
    outer loop
      vertex -13.5963 -155.406 604
      vertex -27.0891 -153.63 616
      vertex -13.5963 -155.406 616
    endloop
  endfacet
  facet normal 0.1305 0.991448 0
    outer loop
      vertex -27.0891 -153.63 616
      vertex -13.5963 -155.406 604
      vertex -27.0891 -153.63 604
    endloop
  endfacet
  facet normal 0.923881 0.382679 0
    outer loop
      vertex -141.384 -65.9285 616
      vertex -146.592 -53.3551 604
      vertex -146.592 -53.3551 616
    endloop
  endfacet
  facet normal 0.923881 0.382679 0
    outer loop
      vertex -146.592 -53.3551 604
      vertex -141.384 -65.9285 616
      vertex -141.384 -65.9285 604
    endloop
  endfacet
  facet normal 0.97629 -0.216468 0
    outer loop
      vertex -153.63 27.0891 616
      vertex -150.684 40.3758 604
      vertex -150.684 40.3758 616
    endloop
  endfacet
  facet normal 0.97629 -0.216468 0
    outer loop
      vertex -150.684 40.3758 604
      vertex -153.63 27.0891 616
      vertex -153.63 27.0891 604
    endloop
  endfacet
  facet normal 0.923881 -0.382679 0
    outer loop
      vertex -146.592 53.3551 616
      vertex -141.384 65.9285 604
      vertex -141.384 65.9285 616
    endloop
  endfacet
  facet normal 0.923881 -0.382679 0
    outer loop
      vertex -141.384 65.9285 604
      vertex -146.592 53.3551 616
      vertex -146.592 53.3551 604
    endloop
  endfacet
  facet normal -0.737294 0.675572 0
    outer loop
      vertex 110.309 -110.309 604
      vertex 119.503 -100.275 616
      vertex 119.503 -100.275 604
    endloop
  endfacet
  facet normal -0.737294 0.675572 0
    outer loop
      vertex 119.503 -100.275 616
      vertex 110.309 -110.309 604
      vertex 110.309 -110.309 616
    endloop
  endfacet
  facet normal -0.461747 -0.887012 0
    outer loop
      vertex 65.9285 141.384 604
      vertex 78 135.1 616
      vertex 65.9285 141.384 616
    endloop
  endfacet
  facet normal -0.461747 -0.887012 -0
    outer loop
      vertex 78 135.1 616
      vertex 65.9285 141.384 604
      vertex 78 135.1 604
    endloop
  endfacet
  facet normal -0.843399 0.537288 0
    outer loop
      vertex 127.788 -89.4779 604
      vertex 135.1 -78 616
      vertex 135.1 -78 604
    endloop
  endfacet
  facet normal -0.843399 0.537288 0
    outer loop
      vertex 135.1 -78 616
      vertex 127.788 -89.4779 604
      vertex 127.788 -89.4779 616
    endloop
  endfacet
  facet normal -0.843399 -0.537288 0
    outer loop
      vertex 135.1 78 604
      vertex 127.788 89.4779 616
      vertex 127.788 89.4779 604
    endloop
  endfacet
  facet normal -0.843399 -0.537288 0
    outer loop
      vertex 127.788 89.4779 616
      vertex 135.1 78 604
      vertex 135.1 78 616
    endloop
  endfacet
  facet normal 0.79335 -0.608766 0
    outer loop
      vertex -127.788 89.4779 616
      vertex -119.503 100.275 604
      vertex -119.503 100.275 616
    endloop
  endfacet
  facet normal 0.79335 -0.608766 0
    outer loop
      vertex -119.503 100.275 604
      vertex -127.788 89.4779 616
      vertex -127.788 89.4779 604
    endloop
  endfacet
  facet normal 0.843399 -0.537288 0
    outer loop
      vertex -135.1 78 616
      vertex -127.788 89.4779 604
      vertex -127.788 89.4779 616
    endloop
  endfacet
  facet normal 0.843399 -0.537288 0
    outer loop
      vertex -127.788 89.4779 604
      vertex -135.1 78 616
      vertex -135.1 78 604
    endloop
  endfacet
  facet normal 0.0436467 -0.999047 0
    outer loop
      vertex -13.5963 155.406 604
      vertex 0 156 616
      vertex -13.5963 155.406 616
    endloop
  endfacet
  facet normal 0.0436467 -0.999047 0
    outer loop
      vertex 0 156 616
      vertex -13.5963 155.406 604
      vertex 0 156 604
    endloop
  endfacet
  facet normal 0.991448 -0.1305 0
    outer loop
      vertex -155.406 13.5963 616
      vertex -153.63 27.0891 604
      vertex -153.63 27.0891 616
    endloop
  endfacet
  facet normal 0.991448 -0.1305 0
    outer loop
      vertex -153.63 27.0891 604
      vertex -155.406 13.5963 616
      vertex -155.406 13.5963 604
    endloop
  endfacet
  facet normal -0.97629 0.216468 0
    outer loop
      vertex 150.684 -40.3758 604
      vertex 153.63 -27.0891 616
      vertex 153.63 -27.0891 604
    endloop
  endfacet
  facet normal -0.97629 0.216468 0
    outer loop
      vertex 153.63 -27.0891 616
      vertex 150.684 -40.3758 604
      vertex 150.684 -40.3758 616
    endloop
  endfacet
  facet normal 0.97629 0.216468 0
    outer loop
      vertex -150.684 -40.3758 616
      vertex -153.63 -27.0891 604
      vertex -153.63 -27.0891 616
    endloop
  endfacet
  facet normal 0.97629 0.216468 0
    outer loop
      vertex -153.63 -27.0891 604
      vertex -150.684 -40.3758 616
      vertex -150.684 -40.3758 604
    endloop
  endfacet
  facet normal 0.300682 -0.953724 0
    outer loop
      vertex -53.3551 146.592 604
      vertex -40.3758 150.684 616
      vertex -53.3551 146.592 616
    endloop
  endfacet
  facet normal 0.300682 -0.953724 0
    outer loop
      vertex -40.3758 150.684 616
      vertex -53.3551 146.592 604
      vertex -40.3758 150.684 604
    endloop
  endfacet
  facet normal -0.300682 -0.953724 0
    outer loop
      vertex 40.3758 150.684 604
      vertex 53.3551 146.592 616
      vertex 40.3758 150.684 616
    endloop
  endfacet
  facet normal -0.300682 -0.953724 -0
    outer loop
      vertex 53.3551 146.592 616
      vertex 40.3758 150.684 604
      vertex 53.3551 146.592 604
    endloop
  endfacet
  facet normal -0.461747 0.887012 0
    outer loop
      vertex 78 -135.1 604
      vertex 65.9285 -141.384 616
      vertex 78 -135.1 616
    endloop
  endfacet
  facet normal -0.461747 0.887012 0
    outer loop
      vertex 65.9285 -141.384 616
      vertex 78 -135.1 604
      vertex 65.9285 -141.384 604
    endloop
  endfacet
  facet normal 0.843399 0.537288 0
    outer loop
      vertex -127.788 -89.4779 616
      vertex -135.1 -78 604
      vertex -135.1 -78 616
    endloop
  endfacet
  facet normal 0.843399 0.537288 0
    outer loop
      vertex -135.1 -78 604
      vertex -127.788 -89.4779 616
      vertex -127.788 -89.4779 604
    endloop
  endfacet
  facet normal -0.923881 0.382679 0
    outer loop
      vertex 141.384 -65.9285 604
      vertex 146.592 -53.3551 616
      vertex 146.592 -53.3551 604
    endloop
  endfacet
  facet normal -0.923881 0.382679 0
    outer loop
      vertex 146.592 -53.3551 616
      vertex 141.384 -65.9285 604
      vertex 141.384 -65.9285 616
    endloop
  endfacet
  facet normal -0.1305 0.991448 0
    outer loop
      vertex 27.0891 -153.63 604
      vertex 13.5963 -155.406 616
      vertex 27.0891 -153.63 616
    endloop
  endfacet
  facet normal -0.1305 0.991448 0
    outer loop
      vertex 13.5963 -155.406 616
      vertex 27.0891 -153.63 604
      vertex 13.5963 -155.406 604
    endloop
  endfacet
  facet normal -0.953724 -0.300682 0
    outer loop
      vertex 150.684 40.3758 604
      vertex 146.592 53.3551 616
      vertex 146.592 53.3551 604
    endloop
  endfacet
  facet normal -0.953724 -0.300682 0
    outer loop
      vertex 146.592 53.3551 616
      vertex 150.684 40.3758 604
      vertex 150.684 40.3758 616
    endloop
  endfacet
  facet normal 0.737294 0.675572 0
    outer loop
      vertex -110.309 -110.309 616
      vertex -119.503 -100.275 604
      vertex -119.503 -100.275 616
    endloop
  endfacet
  facet normal 0.737294 0.675572 0
    outer loop
      vertex -119.503 -100.275 604
      vertex -110.309 -110.309 616
      vertex -110.309 -110.309 604
    endloop
  endfacet
  facet normal 0.737294 -0.675572 0
    outer loop
      vertex -119.503 100.275 616
      vertex -110.309 110.309 604
      vertex -110.309 110.309 616
    endloop
  endfacet
  facet normal 0.737294 -0.675572 0
    outer loop
      vertex -110.309 110.309 604
      vertex -119.503 100.275 616
      vertex -119.503 100.275 604
    endloop
  endfacet
  facet normal -0.382679 -0.923881 0
    outer loop
      vertex 53.3551 146.592 604
      vertex 65.9285 141.384 616
      vertex 53.3551 146.592 616
    endloop
  endfacet
  facet normal -0.382679 -0.923881 -0
    outer loop
      vertex 65.9285 141.384 616
      vertex 53.3551 146.592 604
      vertex 65.9285 141.384 604
    endloop
  endfacet
  facet normal 0.216468 -0.97629 0
    outer loop
      vertex -40.3758 150.684 604
      vertex -27.0891 153.63 616
      vertex -40.3758 150.684 616
    endloop
  endfacet
  facet normal 0.216468 -0.97629 0
    outer loop
      vertex -27.0891 153.63 616
      vertex -40.3758 150.684 604
      vertex -27.0891 153.63 604
    endloop
  endfacet
  facet normal -0.675572 -0.737294 0
    outer loop
      vertex 100.275 119.503 604
      vertex 110.309 110.309 616
      vertex 100.275 119.503 616
    endloop
  endfacet
  facet normal -0.675572 -0.737294 -0
    outer loop
      vertex 110.309 110.309 616
      vertex 100.275 119.503 604
      vertex 110.309 110.309 604
    endloop
  endfacet
  facet normal -0.953724 0.300682 0
    outer loop
      vertex 146.592 -53.3551 604
      vertex 150.684 -40.3758 616
      vertex 150.684 -40.3758 604
    endloop
  endfacet
  facet normal -0.953724 0.300682 0
    outer loop
      vertex 150.684 -40.3758 616
      vertex 146.592 -53.3551 604
      vertex 146.592 -53.3551 616
    endloop
  endfacet
  facet normal -0.79335 0.608766 0
    outer loop
      vertex 119.503 -100.275 604
      vertex 127.788 -89.4779 616
      vertex 127.788 -89.4779 604
    endloop
  endfacet
  facet normal -0.79335 0.608766 0
    outer loop
      vertex 127.788 -89.4779 616
      vertex 119.503 -100.275 604
      vertex 119.503 -100.275 616
    endloop
  endfacet
  facet normal 0.537288 0.843399 -0
    outer loop
      vertex -78 -135.1 604
      vertex -89.4779 -127.788 616
      vertex -78 -135.1 616
    endloop
  endfacet
  facet normal 0.537288 0.843399 0
    outer loop
      vertex -89.4779 -127.788 616
      vertex -78 -135.1 604
      vertex -89.4779 -127.788 604
    endloop
  endfacet
  facet normal 0.953724 -0.300682 0
    outer loop
      vertex -150.684 40.3758 616
      vertex -146.592 53.3551 604
      vertex -146.592 53.3551 616
    endloop
  endfacet
  facet normal 0.953724 -0.300682 0
    outer loop
      vertex -146.592 53.3551 604
      vertex -150.684 40.3758 616
      vertex -150.684 40.3758 604
    endloop
  endfacet
  facet normal -0.887012 -0.461747 0
    outer loop
      vertex 141.384 65.9285 604
      vertex 135.1 78 616
      vertex 135.1 78 604
    endloop
  endfacet
  facet normal -0.887012 -0.461747 0
    outer loop
      vertex 135.1 78 616
      vertex 141.384 65.9285 604
      vertex 141.384 65.9285 616
    endloop
  endfacet
  facet normal 0.382679 0.923881 -0
    outer loop
      vertex -53.3551 -146.592 604
      vertex -65.9285 -141.384 616
      vertex -53.3551 -146.592 616
    endloop
  endfacet
  facet normal 0.382679 0.923881 0
    outer loop
      vertex -65.9285 -141.384 616
      vertex -53.3551 -146.592 604
      vertex -65.9285 -141.384 604
    endloop
  endfacet
  facet normal -0.737294 -0.675572 0
    outer loop
      vertex 119.503 100.275 604
      vertex 110.309 110.309 616
      vertex 110.309 110.309 604
    endloop
  endfacet
  facet normal -0.737294 -0.675572 0
    outer loop
      vertex 110.309 110.309 616
      vertex 119.503 100.275 604
      vertex 119.503 100.275 616
    endloop
  endfacet
  facet normal 0.675572 -0.737294 0
    outer loop
      vertex -110.309 110.309 604
      vertex -100.275 119.503 616
      vertex -110.309 110.309 616
    endloop
  endfacet
  facet normal 0.675572 -0.737294 0
    outer loop
      vertex -100.275 119.503 616
      vertex -110.309 110.309 604
      vertex -100.275 119.503 604
    endloop
  endfacet
  facet normal 0.382679 -0.923881 0
    outer loop
      vertex -65.9285 141.384 604
      vertex -53.3551 146.592 616
      vertex -65.9285 141.384 616
    endloop
  endfacet
  facet normal 0.382679 -0.923881 0
    outer loop
      vertex -53.3551 146.592 616
      vertex -65.9285 141.384 604
      vertex -53.3551 146.592 604
    endloop
  endfacet
  facet normal 0.887012 0.461747 0
    outer loop
      vertex -135.1 -78 616
      vertex -141.384 -65.9285 604
      vertex -141.384 -65.9285 616
    endloop
  endfacet
  facet normal 0.887012 0.461747 0
    outer loop
      vertex -141.384 -65.9285 604
      vertex -135.1 -78 616
      vertex -135.1 -78 604
    endloop
  endfacet
  facet normal 0.991448 0.1305 0
    outer loop
      vertex -153.63 -27.0891 616
      vertex -155.406 -13.5963 604
      vertex -155.406 -13.5963 616
    endloop
  endfacet
  facet normal 0.991448 0.1305 0
    outer loop
      vertex -155.406 -13.5963 604
      vertex -153.63 -27.0891 616
      vertex -153.63 -27.0891 604
    endloop
  endfacet
  facet normal 0.79335 0.608766 0
    outer loop
      vertex -119.503 -100.275 616
      vertex -127.788 -89.4779 604
      vertex -127.788 -89.4779 616
    endloop
  endfacet
  facet normal 0.79335 0.608766 0
    outer loop
      vertex -127.788 -89.4779 604
      vertex -119.503 -100.275 616
      vertex -119.503 -100.275 604
    endloop
  endfacet
  facet normal -0.300682 0.953724 0
    outer loop
      vertex 53.3551 -146.592 604
      vertex 40.3758 -150.684 616
      vertex 53.3551 -146.592 616
    endloop
  endfacet
  facet normal -0.300682 0.953724 0
    outer loop
      vertex 40.3758 -150.684 616
      vertex 53.3551 -146.592 604
      vertex 40.3758 -150.684 604
    endloop
  endfacet
  facet normal -0.991448 0.1305 0
    outer loop
      vertex 153.63 -27.0891 604
      vertex 155.406 -13.5963 616
      vertex 155.406 -13.5963 604
    endloop
  endfacet
  facet normal -0.991448 0.1305 0
    outer loop
      vertex 155.406 -13.5963 616
      vertex 153.63 -27.0891 604
      vertex 153.63 -27.0891 616
    endloop
  endfacet
  facet normal -0.999047 0.0436467 0
    outer loop
      vertex 155.406 -13.5963 604
      vertex 156 0 616
      vertex 156 0 604
    endloop
  endfacet
  facet normal -0.999047 0.0436467 0
    outer loop
      vertex 156 0 616
      vertex 155.406 -13.5963 604
      vertex 155.406 -13.5963 616
    endloop
  endfacet
  facet normal 0.999047 0.0436467 0
    outer loop
      vertex -155.406 -13.5963 616
      vertex -156 0 604
      vertex -156 0 616
    endloop
  endfacet
  facet normal 0.999047 0.0436467 0
    outer loop
      vertex -156 0 604
      vertex -155.406 -13.5963 616
      vertex -155.406 -13.5963 604
    endloop
  endfacet
  facet normal -0.0436467 -0.999047 0
    outer loop
      vertex 0 156 604
      vertex 13.5963 155.406 616
      vertex 0 156 616
    endloop
  endfacet
  facet normal -0.0436467 -0.999047 -0
    outer loop
      vertex 13.5963 155.406 616
      vertex 0 156 604
      vertex 13.5963 155.406 604
    endloop
  endfacet
  facet normal 0.461747 0.887012 -0
    outer loop
      vertex -65.9285 -141.384 604
      vertex -78 -135.1 616
      vertex -65.9285 -141.384 616
    endloop
  endfacet
  facet normal 0.461747 0.887012 0
    outer loop
      vertex -78 -135.1 616
      vertex -65.9285 -141.384 604
      vertex -78 -135.1 604
    endloop
  endfacet
  facet normal 0.608766 0.79335 -0
    outer loop
      vertex -89.4779 -127.788 604
      vertex -100.275 -119.503 616
      vertex -89.4779 -127.788 616
    endloop
  endfacet
  facet normal 0.608766 0.79335 0
    outer loop
      vertex -100.275 -119.503 616
      vertex -89.4779 -127.788 604
      vertex -100.275 -119.503 604
    endloop
  endfacet
  facet normal -0.887012 0.461747 0
    outer loop
      vertex 135.1 -78 604
      vertex 141.384 -65.9285 616
      vertex 141.384 -65.9285 604
    endloop
  endfacet
  facet normal -0.887012 0.461747 0
    outer loop
      vertex 141.384 -65.9285 616
      vertex 135.1 -78 604
      vertex 135.1 -78 616
    endloop
  endfacet
  facet normal 0.887012 -0.461747 0
    outer loop
      vertex -141.384 65.9285 616
      vertex -135.1 78 604
      vertex -135.1 78 616
    endloop
  endfacet
  facet normal 0.887012 -0.461747 0
    outer loop
      vertex -135.1 78 604
      vertex -141.384 65.9285 616
      vertex -141.384 65.9285 604
    endloop
  endfacet
  facet normal -0.79335 -0.608766 0
    outer loop
      vertex 127.788 89.4779 604
      vertex 119.503 100.275 616
      vertex 119.503 100.275 604
    endloop
  endfacet
  facet normal -0.79335 -0.608766 0
    outer loop
      vertex 119.503 100.275 616
      vertex 127.788 89.4779 604
      vertex 127.788 89.4779 616
    endloop
  endfacet
  facet normal 0.537288 -0.843399 0
    outer loop
      vertex -89.4779 127.788 604
      vertex -78 135.1 616
      vertex -89.4779 127.788 616
    endloop
  endfacet
  facet normal 0.537288 -0.843399 0
    outer loop
      vertex -78 135.1 616
      vertex -89.4779 127.788 604
      vertex -78 135.1 604
    endloop
  endfacet
  facet normal 0.461747 -0.887012 0
    outer loop
      vertex -78 135.1 604
      vertex -65.9285 141.384 616
      vertex -78 135.1 616
    endloop
  endfacet
  facet normal 0.461747 -0.887012 0
    outer loop
      vertex -65.9285 141.384 616
      vertex -78 135.1 604
      vertex -65.9285 141.384 604
    endloop
  endfacet
  facet normal 0.999047 -0.0436467 0
    outer loop
      vertex -156 0 616
      vertex -155.406 13.5963 604
      vertex -155.406 13.5963 616
    endloop
  endfacet
  facet normal 0.999047 -0.0436467 0
    outer loop
      vertex -155.406 13.5963 604
      vertex -156 0 616
      vertex -156 0 604
    endloop
  endfacet
  facet normal 0.300682 0.953724 -0
    outer loop
      vertex -40.3758 -150.684 604
      vertex -53.3551 -146.592 616
      vertex -40.3758 -150.684 616
    endloop
  endfacet
  facet normal 0.300682 0.953724 0
    outer loop
      vertex -53.3551 -146.592 616
      vertex -40.3758 -150.684 604
      vertex -53.3551 -146.592 604
    endloop
  endfacet
  facet normal 0.216468 0.97629 -0
    outer loop
      vertex -27.0891 -153.63 604
      vertex -40.3758 -150.684 616
      vertex -27.0891 -153.63 616
    endloop
  endfacet
  facet normal 0.216468 0.97629 0
    outer loop
      vertex -40.3758 -150.684 616
      vertex -27.0891 -153.63 604
      vertex -40.3758 -150.684 604
    endloop
  endfacet
  facet normal 0.0436467 0.999047 -0
    outer loop
      vertex 0 -156 604
      vertex -13.5963 -155.406 616
      vertex 0 -156 616
    endloop
  endfacet
  facet normal 0.0436467 0.999047 0
    outer loop
      vertex -13.5963 -155.406 616
      vertex 0 -156 604
      vertex -13.5963 -155.406 604
    endloop
  endfacet
  facet normal -0.675572 0.737294 0
    outer loop
      vertex 110.309 -110.309 604
      vertex 100.275 -119.503 616
      vertex 110.309 -110.309 616
    endloop
  endfacet
  facet normal -0.675572 0.737294 0
    outer loop
      vertex 100.275 -119.503 616
      vertex 110.309 -110.309 604
      vertex 100.275 -119.503 604
    endloop
  endfacet
  facet normal -0.608766 0.79335 0
    outer loop
      vertex 100.275 -119.503 604
      vertex 89.4779 -127.788 616
      vertex 100.275 -119.503 616
    endloop
  endfacet
  facet normal -0.608766 0.79335 0
    outer loop
      vertex 89.4779 -127.788 616
      vertex 100.275 -119.503 604
      vertex 89.4779 -127.788 604
    endloop
  endfacet
  facet normal -0.216468 -0.97629 0
    outer loop
      vertex 27.0891 153.63 604
      vertex 40.3758 150.684 616
      vertex 27.0891 153.63 616
    endloop
  endfacet
  facet normal -0.216468 -0.97629 -0
    outer loop
      vertex 40.3758 150.684 616
      vertex 27.0891 153.63 604
      vertex 40.3758 150.684 604
    endloop
  endfacet
  facet normal 0.991443 0.130538 0
    outer loop
      vertex 182.304 15.9495 591
      vertex 180.22 31.7776 573
      vertex 180.22 31.7776 591
    endloop
  endfacet
  facet normal 0.991443 0.130538 0
    outer loop
      vertex 180.22 31.7776 573
      vertex 182.304 15.9495 591
      vertex 182.304 15.9495 573
    endloop
  endfacet
  facet normal 0.999049 0.0435962 0
    outer loop
      vertex 183 0 591
      vertex 182.304 15.9495 573
      vertex 182.304 15.9495 591
    endloop
  endfacet
  facet normal 0.999049 0.0435962 0
    outer loop
      vertex 182.304 15.9495 573
      vertex 183 0 591
      vertex 183 0 573
    endloop
  endfacet
  facet normal 0.976288 0.216475 0
    outer loop
      vertex 180.22 31.7776 591
      vertex 176.764 47.3639 573
      vertex 176.764 47.3639 591
    endloop
  endfacet
  facet normal 0.976288 0.216475 0
    outer loop
      vertex 176.764 47.3639 573
      vertex 180.22 31.7776 591
      vertex 180.22 31.7776 573
    endloop
  endfacet
  facet normal 0.216475 -0.976288 0
    outer loop
      vertex 31.7776 -180.22 573
      vertex 47.3639 -176.764 591
      vertex 31.7776 -180.22 591
    endloop
  endfacet
  facet normal 0.216475 -0.976288 0
    outer loop
      vertex 47.3639 -176.764 591
      vertex 31.7776 -180.22 573
      vertex 47.3639 -176.764 573
    endloop
  endfacet
  facet normal -0.976288 -0.216475 0
    outer loop
      vertex -176.764 -47.3639 573
      vertex -180.22 -31.7776 591
      vertex -180.22 -31.7776 573
    endloop
  endfacet
  facet normal -0.976288 -0.216475 0
    outer loop
      vertex -180.22 -31.7776 591
      vertex -176.764 -47.3639 573
      vertex -176.764 -47.3639 591
    endloop
  endfacet
  facet normal -0.216475 0.976288 0
    outer loop
      vertex -31.7776 180.22 573
      vertex -47.3639 176.764 591
      vertex -31.7776 180.22 591
    endloop
  endfacet
  facet normal -0.216475 0.976288 0
    outer loop
      vertex -47.3639 176.764 591
      vertex -31.7776 180.22 573
      vertex -47.3639 176.764 573
    endloop
  endfacet
  facet normal -0.887029 -0.461714 0
    outer loop
      vertex -158.483 -91.5 573
      vertex -165.854 -77.3391 591
      vertex -165.854 -77.3391 573
    endloop
  endfacet
  facet normal -0.887029 -0.461714 0
    outer loop
      vertex -165.854 -77.3391 591
      vertex -158.483 -91.5 573
      vertex -158.483 -91.5 591
    endloop
  endfacet
  facet normal -0.887029 0.461714 0
    outer loop
      vertex -165.854 77.3391 573
      vertex -158.483 91.5 591
      vertex -158.483 91.5 573
    endloop
  endfacet
  facet normal -0.887029 0.461714 0
    outer loop
      vertex -158.483 91.5 591
      vertex -165.854 77.3391 573
      vertex -165.854 77.3391 591
    endloop
  endfacet
  facet normal -0.537321 -0.843378 0
    outer loop
      vertex -104.964 -149.905 573
      vertex -91.5 -158.483 591
      vertex -104.964 -149.905 591
    endloop
  endfacet
  facet normal -0.537321 -0.843378 -0
    outer loop
      vertex -91.5 -158.483 591
      vertex -104.964 -149.905 573
      vertex -91.5 -158.483 573
    endloop
  endfacet
  facet normal -0.537321 0.843378 0
    outer loop
      vertex -91.5 158.483 573
      vertex -104.964 149.905 591
      vertex -91.5 158.483 591
    endloop
  endfacet
  facet normal -0.537321 0.843378 0
    outer loop
      vertex -104.964 149.905 591
      vertex -91.5 158.483 573
      vertex -104.964 149.905 573
    endloop
  endfacet
  facet normal 0.130538 -0.991443 0
    outer loop
      vertex 15.9495 -182.304 573
      vertex 31.7776 -180.22 591
      vertex 15.9495 -182.304 591
    endloop
  endfacet
  facet normal 0.130538 -0.991443 0
    outer loop
      vertex 31.7776 -180.22 591
      vertex 15.9495 -182.304 573
      vertex 31.7776 -180.22 573
    endloop
  endfacet
  facet normal -0.737313 0.675552 0
    outer loop
      vertex -140.186 117.63 573
      vertex -129.401 129.401 591
      vertex -129.401 129.401 573
    endloop
  endfacet
  facet normal -0.737313 0.675552 0
    outer loop
      vertex -129.401 129.401 591
      vertex -140.186 117.63 573
      vertex -140.186 117.63 591
    endloop
  endfacet
  facet normal 0.675552 0.737313 -0
    outer loop
      vertex 129.401 129.401 573
      vertex 117.63 140.186 591
      vertex 129.401 129.401 591
    endloop
  endfacet
  facet normal 0.675552 0.737313 0
    outer loop
      vertex 117.63 140.186 591
      vertex 129.401 129.401 573
      vertex 117.63 140.186 573
    endloop
  endfacet
  facet normal -0.923866 -0.382715 0
    outer loop
      vertex -165.854 -77.3391 573
      vertex -171.964 -62.5897 591
      vertex -171.964 -62.5897 573
    endloop
  endfacet
  facet normal -0.923866 -0.382715 0
    outer loop
      vertex -171.964 -62.5897 591
      vertex -165.854 -77.3391 573
      vertex -165.854 -77.3391 591
    endloop
  endfacet
  facet normal 0.737313 -0.675552 0
    outer loop
      vertex 129.401 -129.401 591
      vertex 140.186 -117.63 573
      vertex 140.186 -117.63 591
    endloop
  endfacet
  facet normal 0.737313 -0.675552 0
    outer loop
      vertex 140.186 -117.63 573
      vertex 129.401 -129.401 591
      vertex 129.401 -129.401 573
    endloop
  endfacet
  facet normal 0.843378 0.537321 0
    outer loop
      vertex 158.483 91.5 591
      vertex 149.905 104.964 573
      vertex 149.905 104.964 591
    endloop
  endfacet
  facet normal 0.843378 0.537321 0
    outer loop
      vertex 149.905 104.964 573
      vertex 158.483 91.5 591
      vertex 158.483 91.5 573
    endloop
  endfacet
  facet normal 0.887029 0.461714 0
    outer loop
      vertex 165.854 77.3391 591
      vertex 158.483 91.5 573
      vertex 158.483 91.5 591
    endloop
  endfacet
  facet normal 0.887029 0.461714 0
    outer loop
      vertex 158.483 91.5 573
      vertex 165.854 77.3391 591
      vertex 165.854 77.3391 573
    endloop
  endfacet
  facet normal 0.382715 0.923866 -0
    outer loop
      vertex 77.3391 165.854 573
      vertex 62.5897 171.964 591
      vertex 77.3391 165.854 591
    endloop
  endfacet
  facet normal 0.382715 0.923866 0
    outer loop
      vertex 62.5897 171.964 591
      vertex 77.3391 165.854 573
      vertex 62.5897 171.964 573
    endloop
  endfacet
  facet normal 0.793352 -0.608763 0
    outer loop
      vertex 140.186 -117.63 591
      vertex 149.905 -104.964 573
      vertex 149.905 -104.964 591
    endloop
  endfacet
  facet normal 0.793352 -0.608763 0
    outer loop
      vertex 149.905 -104.964 573
      vertex 140.186 -117.63 591
      vertex 140.186 -117.63 573
    endloop
  endfacet
  facet normal 0.976288 -0.216475 0
    outer loop
      vertex 176.764 -47.3639 591
      vertex 180.22 -31.7776 573
      vertex 180.22 -31.7776 591
    endloop
  endfacet
  facet normal 0.976288 -0.216475 0
    outer loop
      vertex 180.22 -31.7776 573
      vertex 176.764 -47.3639 591
      vertex 176.764 -47.3639 573
    endloop
  endfacet
  facet normal -0.793352 -0.608763 0
    outer loop
      vertex -140.186 -117.63 573
      vertex -149.905 -104.964 591
      vertex -149.905 -104.964 573
    endloop
  endfacet
  facet normal -0.793352 -0.608763 0
    outer loop
      vertex -149.905 -104.964 591
      vertex -140.186 -117.63 573
      vertex -140.186 -117.63 591
    endloop
  endfacet
  facet normal 0.537321 0.843378 -0
    outer loop
      vertex 104.964 149.905 573
      vertex 91.5 158.483 591
      vertex 104.964 149.905 591
    endloop
  endfacet
  facet normal 0.537321 0.843378 0
    outer loop
      vertex 91.5 158.483 591
      vertex 104.964 149.905 573
      vertex 91.5 158.483 573
    endloop
  endfacet
  facet normal 0.608763 0.793352 -0
    outer loop
      vertex 117.63 140.186 573
      vertex 104.964 149.905 591
      vertex 117.63 140.186 591
    endloop
  endfacet
  facet normal 0.608763 0.793352 0
    outer loop
      vertex 104.964 149.905 591
      vertex 117.63 140.186 573
      vertex 104.964 149.905 573
    endloop
  endfacet
  facet normal -0.608763 0.793352 0
    outer loop
      vertex -104.964 149.905 573
      vertex -117.63 140.186 591
      vertex -104.964 149.905 591
    endloop
  endfacet
  facet normal -0.608763 0.793352 0
    outer loop
      vertex -117.63 140.186 591
      vertex -104.964 149.905 573
      vertex -117.63 140.186 573
    endloop
  endfacet
  facet normal 0.953729 0.300667 0
    outer loop
      vertex 176.764 47.3639 591
      vertex 171.964 62.5897 573
      vertex 171.964 62.5897 591
    endloop
  endfacet
  facet normal 0.953729 0.300667 0
    outer loop
      vertex 171.964 62.5897 573
      vertex 176.764 47.3639 591
      vertex 176.764 47.3639 573
    endloop
  endfacet
  facet normal 0.923866 -0.382715 0
    outer loop
      vertex 165.854 -77.3391 591
      vertex 171.964 -62.5897 573
      vertex 171.964 -62.5897 591
    endloop
  endfacet
  facet normal 0.923866 -0.382715 0
    outer loop
      vertex 171.964 -62.5897 573
      vertex 165.854 -77.3391 591
      vertex 165.854 -77.3391 573
    endloop
  endfacet
  facet normal 0.461714 0.887029 -0
    outer loop
      vertex 91.5 158.483 573
      vertex 77.3391 165.854 591
      vertex 91.5 158.483 591
    endloop
  endfacet
  facet normal 0.461714 0.887029 0
    outer loop
      vertex 77.3391 165.854 591
      vertex 91.5 158.483 573
      vertex 77.3391 165.854 573
    endloop
  endfacet
  facet normal -0.793352 0.608763 0
    outer loop
      vertex -149.905 104.964 573
      vertex -140.186 117.63 591
      vertex -140.186 117.63 573
    endloop
  endfacet
  facet normal -0.793352 0.608763 0
    outer loop
      vertex -140.186 117.63 591
      vertex -149.905 104.964 573
      vertex -149.905 104.964 591
    endloop
  endfacet
  facet normal -0.991443 0.130538 0
    outer loop
      vertex -182.304 15.9495 573
      vertex -180.22 31.7776 591
      vertex -180.22 31.7776 573
    endloop
  endfacet
  facet normal -0.991443 0.130538 0
    outer loop
      vertex -180.22 31.7776 591
      vertex -182.304 15.9495 573
      vertex -182.304 15.9495 591
    endloop
  endfacet
  facet normal -0.608763 -0.793352 0
    outer loop
      vertex -117.63 -140.186 573
      vertex -104.964 -149.905 591
      vertex -117.63 -140.186 591
    endloop
  endfacet
  facet normal -0.608763 -0.793352 -0
    outer loop
      vertex -104.964 -149.905 591
      vertex -117.63 -140.186 573
      vertex -104.964 -149.905 573
    endloop
  endfacet
  facet normal 0.537321 -0.843378 0
    outer loop
      vertex 91.5 -158.483 573
      vertex 104.964 -149.905 591
      vertex 91.5 -158.483 591
    endloop
  endfacet
  facet normal 0.537321 -0.843378 0
    outer loop
      vertex 104.964 -149.905 591
      vertex 91.5 -158.483 573
      vertex 104.964 -149.905 573
    endloop
  endfacet
  facet normal 0.0435962 0.999049 -0
    outer loop
      vertex 15.9495 182.304 573
      vertex 0 183 591
      vertex 15.9495 182.304 591
    endloop
  endfacet
  facet normal 0.0435962 0.999049 0
    outer loop
      vertex 0 183 591
      vertex 15.9495 182.304 573
      vertex 0 183 573
    endloop
  endfacet
  facet normal 0.461714 -0.887029 0
    outer loop
      vertex 77.3391 -165.854 573
      vertex 91.5 -158.483 591
      vertex 77.3391 -165.854 591
    endloop
  endfacet
  facet normal 0.461714 -0.887029 0
    outer loop
      vertex 91.5 -158.483 591
      vertex 77.3391 -165.854 573
      vertex 91.5 -158.483 573
    endloop
  endfacet
  facet normal -0.216475 -0.976288 0
    outer loop
      vertex -47.3639 -176.764 573
      vertex -31.7776 -180.22 591
      vertex -47.3639 -176.764 591
    endloop
  endfacet
  facet normal -0.216475 -0.976288 -0
    outer loop
      vertex -31.7776 -180.22 591
      vertex -47.3639 -176.764 573
      vertex -31.7776 -180.22 573
    endloop
  endfacet
  facet normal 0.0435962 -0.999049 0
    outer loop
      vertex 0 -183 573
      vertex 15.9495 -182.304 591
      vertex 0 -183 591
    endloop
  endfacet
  facet normal 0.0435962 -0.999049 0
    outer loop
      vertex 15.9495 -182.304 591
      vertex 0 -183 573
      vertex 15.9495 -182.304 573
    endloop
  endfacet
  facet normal 0.953729 -0.300667 0
    outer loop
      vertex 171.964 -62.5897 591
      vertex 176.764 -47.3639 573
      vertex 176.764 -47.3639 591
    endloop
  endfacet
  facet normal 0.953729 -0.300667 0
    outer loop
      vertex 176.764 -47.3639 573
      vertex 171.964 -62.5897 591
      vertex 171.964 -62.5897 573
    endloop
  endfacet
  facet normal -0.923866 0.382715 0
    outer loop
      vertex -171.964 62.5897 573
      vertex -165.854 77.3391 591
      vertex -165.854 77.3391 573
    endloop
  endfacet
  facet normal -0.923866 0.382715 0
    outer loop
      vertex -165.854 77.3391 591
      vertex -171.964 62.5897 573
      vertex -171.964 62.5897 591
    endloop
  endfacet
  facet normal -0.130538 0.991443 0
    outer loop
      vertex -15.9495 182.304 573
      vertex -31.7776 180.22 591
      vertex -15.9495 182.304 591
    endloop
  endfacet
  facet normal -0.130538 0.991443 0
    outer loop
      vertex -31.7776 180.22 591
      vertex -15.9495 182.304 573
      vertex -31.7776 180.22 573
    endloop
  endfacet
  facet normal -0.130538 -0.991443 0
    outer loop
      vertex -31.7776 -180.22 573
      vertex -15.9495 -182.304 591
      vertex -31.7776 -180.22 591
    endloop
  endfacet
  facet normal -0.130538 -0.991443 -0
    outer loop
      vertex -15.9495 -182.304 591
      vertex -31.7776 -180.22 573
      vertex -15.9495 -182.304 573
    endloop
  endfacet
  facet normal -0.461714 -0.887029 0
    outer loop
      vertex -91.5 -158.483 573
      vertex -77.3391 -165.854 591
      vertex -91.5 -158.483 591
    endloop
  endfacet
  facet normal -0.461714 -0.887029 -0
    outer loop
      vertex -77.3391 -165.854 591
      vertex -91.5 -158.483 573
      vertex -77.3391 -165.854 573
    endloop
  endfacet
  facet normal -0.953729 -0.300667 0
    outer loop
      vertex -171.964 -62.5897 573
      vertex -176.764 -47.3639 591
      vertex -176.764 -47.3639 573
    endloop
  endfacet
  facet normal -0.953729 -0.300667 0
    outer loop
      vertex -176.764 -47.3639 591
      vertex -171.964 -62.5897 573
      vertex -171.964 -62.5897 591
    endloop
  endfacet
  facet normal 0.923866 0.382715 0
    outer loop
      vertex 171.964 62.5897 591
      vertex 165.854 77.3391 573
      vertex 165.854 77.3391 591
    endloop
  endfacet
  facet normal 0.923866 0.382715 0
    outer loop
      vertex 165.854 77.3391 573
      vertex 171.964 62.5897 591
      vertex 171.964 62.5897 573
    endloop
  endfacet
  facet normal 0.999049 -0.0435962 0
    outer loop
      vertex 182.304 -15.9495 591
      vertex 183 0 573
      vertex 183 0 591
    endloop
  endfacet
  facet normal 0.999049 -0.0435962 0
    outer loop
      vertex 183 0 573
      vertex 182.304 -15.9495 591
      vertex 182.304 -15.9495 573
    endloop
  endfacet
  facet normal -0.976288 0.216475 0
    outer loop
      vertex -180.22 31.7776 573
      vertex -176.764 47.3639 591
      vertex -176.764 47.3639 573
    endloop
  endfacet
  facet normal -0.976288 0.216475 0
    outer loop
      vertex -176.764 47.3639 591
      vertex -180.22 31.7776 573
      vertex -180.22 31.7776 591
    endloop
  endfacet
  facet normal 0.991443 -0.130538 0
    outer loop
      vertex 180.22 -31.7776 591
      vertex 182.304 -15.9495 573
      vertex 182.304 -15.9495 591
    endloop
  endfacet
  facet normal 0.991443 -0.130538 0
    outer loop
      vertex 182.304 -15.9495 573
      vertex 180.22 -31.7776 591
      vertex 180.22 -31.7776 573
    endloop
  endfacet
  facet normal -0.675552 0.737313 0
    outer loop
      vertex -117.63 140.186 573
      vertex -129.401 129.401 591
      vertex -117.63 140.186 591
    endloop
  endfacet
  facet normal -0.675552 0.737313 0
    outer loop
      vertex -129.401 129.401 591
      vertex -117.63 140.186 573
      vertex -129.401 129.401 573
    endloop
  endfacet
  facet normal -0.382715 0.923866 0
    outer loop
      vertex -62.5897 171.964 573
      vertex -77.3391 165.854 591
      vertex -62.5897 171.964 591
    endloop
  endfacet
  facet normal -0.382715 0.923866 0
    outer loop
      vertex -77.3391 165.854 591
      vertex -62.5897 171.964 573
      vertex -77.3391 165.854 573
    endloop
  endfacet
  facet normal -0.999049 -0.0435962 0
    outer loop
      vertex -182.304 -15.9495 573
      vertex -183 0 591
      vertex -183 0 573
    endloop
  endfacet
  facet normal -0.999049 -0.0435962 0
    outer loop
      vertex -183 0 591
      vertex -182.304 -15.9495 573
      vertex -182.304 -15.9495 591
    endloop
  endfacet
  facet normal -0.0435962 0.999049 0
    outer loop
      vertex 0 183 573
      vertex -15.9495 182.304 591
      vertex 0 183 591
    endloop
  endfacet
  facet normal -0.0435962 0.999049 0
    outer loop
      vertex -15.9495 182.304 591
      vertex 0 183 573
      vertex -15.9495 182.304 573
    endloop
  endfacet
  facet normal 0.130538 0.991443 -0
    outer loop
      vertex 31.7776 180.22 573
      vertex 15.9495 182.304 591
      vertex 31.7776 180.22 591
    endloop
  endfacet
  facet normal 0.130538 0.991443 0
    outer loop
      vertex 15.9495 182.304 591
      vertex 31.7776 180.22 573
      vertex 15.9495 182.304 573
    endloop
  endfacet
  facet normal 0.382715 -0.923866 0
    outer loop
      vertex 62.5897 -171.964 573
      vertex 77.3391 -165.854 591
      vertex 62.5897 -171.964 591
    endloop
  endfacet
  facet normal 0.382715 -0.923866 0
    outer loop
      vertex 77.3391 -165.854 591
      vertex 62.5897 -171.964 573
      vertex 77.3391 -165.854 573
    endloop
  endfacet
  facet normal -0.953729 0.300667 0
    outer loop
      vertex -176.764 47.3639 573
      vertex -171.964 62.5897 591
      vertex -171.964 62.5897 573
    endloop
  endfacet
  facet normal -0.953729 0.300667 0
    outer loop
      vertex -171.964 62.5897 591
      vertex -176.764 47.3639 573
      vertex -176.764 47.3639 591
    endloop
  endfacet
  facet normal -0.461714 0.887029 0
    outer loop
      vertex -77.3391 165.854 573
      vertex -91.5 158.483 591
      vertex -77.3391 165.854 591
    endloop
  endfacet
  facet normal -0.461714 0.887029 0
    outer loop
      vertex -91.5 158.483 591
      vertex -77.3391 165.854 573
      vertex -91.5 158.483 573
    endloop
  endfacet
  facet normal -0.737313 -0.675552 0
    outer loop
      vertex -129.401 -129.401 573
      vertex -140.186 -117.63 591
      vertex -140.186 -117.63 573
    endloop
  endfacet
  facet normal -0.737313 -0.675552 0
    outer loop
      vertex -140.186 -117.63 591
      vertex -129.401 -129.401 573
      vertex -129.401 -129.401 591
    endloop
  endfacet
  facet normal 0.737313 0.675552 0
    outer loop
      vertex 140.186 117.63 591
      vertex 129.401 129.401 573
      vertex 129.401 129.401 591
    endloop
  endfacet
  facet normal 0.737313 0.675552 0
    outer loop
      vertex 129.401 129.401 573
      vertex 140.186 117.63 591
      vertex 140.186 117.63 573
    endloop
  endfacet
  facet normal -0.991443 -0.130538 0
    outer loop
      vertex -180.22 -31.7776 573
      vertex -182.304 -15.9495 591
      vertex -182.304 -15.9495 573
    endloop
  endfacet
  facet normal -0.991443 -0.130538 0
    outer loop
      vertex -182.304 -15.9495 591
      vertex -180.22 -31.7776 573
      vertex -180.22 -31.7776 591
    endloop
  endfacet
  facet normal 0.216475 0.976288 -0
    outer loop
      vertex 47.3639 176.764 573
      vertex 31.7776 180.22 591
      vertex 47.3639 176.764 591
    endloop
  endfacet
  facet normal 0.216475 0.976288 0
    outer loop
      vertex 31.7776 180.22 591
      vertex 47.3639 176.764 573
      vertex 31.7776 180.22 573
    endloop
  endfacet
  facet normal 0.843378 -0.537321 0
    outer loop
      vertex 149.905 -104.964 591
      vertex 158.483 -91.5 573
      vertex 158.483 -91.5 591
    endloop
  endfacet
  facet normal 0.843378 -0.537321 0
    outer loop
      vertex 158.483 -91.5 573
      vertex 149.905 -104.964 591
      vertex 149.905 -104.964 573
    endloop
  endfacet
  facet normal 0.887029 -0.461714 0
    outer loop
      vertex 158.483 -91.5 591
      vertex 165.854 -77.3391 573
      vertex 165.854 -77.3391 591
    endloop
  endfacet
  facet normal 0.887029 -0.461714 0
    outer loop
      vertex 165.854 -77.3391 573
      vertex 158.483 -91.5 591
      vertex 158.483 -91.5 573
    endloop
  endfacet
  facet normal 0 0 -1
    outer loop
      vertex -162.276 43.4816 573
      vertex -172.752 39.6762 573
      vertex -172.749 39.6854 573
    endloop
  endfacet
  facet normal 0 0 -1
    outer loop
      vertex -180.22 -31.7776 573
      vertex -165.448 -29.1729 573
      vertex -174.236 -37.8614 573
    endloop
  endfacet
  facet normal 0 0 -1
    outer loop
      vertex -174.95 0.598249 573
      vertex -168 0 573
      vertex -174.629 -0.291441 573
    endloop
  endfacet
  facet normal 0 -0 -1
    outer loop
      vertex -176.728 -3.13595 573
      vertex -167.361 -14.6422 573
      vertex -182.304 -15.9495 573
    endloop
  endfacet
  facet normal 0 0 -1
    outer loop
      vertex -168 0 573
      vertex -172.98 38.7367 573
      vertex -172.752 39.6762 573
    endloop
  endfacet
  facet normal 0 0 -1
    outer loop
      vertex -174.961 0.62728 573
      vertex -168 0 573
      vertex -174.95 0.598249 573
    endloop
  endfacet
  facet normal -0 0 -1
    outer loop
      vertex -165.448 -29.1729 573
      vertex -180.22 -31.7776 573
      vertex -167.361 -14.6422 573
    endloop
  endfacet
  facet normal 0 0 -1
    outer loop
      vertex -180.22 -31.7776 573
      vertex -174.236 -37.8614 573
      vertex -174.245 -37.8597 573
    endloop
  endfacet
  facet normal 0 0 -1
    outer loop
      vertex -174.981 0.650107 573
      vertex -168 0 573
      vertex -174.961 0.62728 573
    endloop
  endfacet
  facet normal 0 0 -1
    outer loop
      vertex -168 0 573
      vertex -173.55 37.957 573
      vertex -172.98 38.7367 573
    endloop
  endfacet
  facet normal 0 0 -1
    outer loop
      vertex -168 0 573
      vertex -173.555 37.9493 573
      vertex -173.55 37.957 573
    endloop
  endfacet
  facet normal 0 0 -1
    outer loop
      vertex -175.619 1.34978 573
      vertex -168 0 573
      vertex -174.981 0.650107 573
    endloop
  endfacet
  facet normal 0 0 -1
    outer loop
      vertex -168 0 573
      vertex -174.63 -0.322348 573
      vertex -174.629 -0.291441 573
    endloop
  endfacet
  facet normal 0 0 -1
    outer loop
      vertex -168 0 573
      vertex -174.673 -1.26651 573
      vertex -174.63 -0.322348 573
    endloop
  endfacet
  facet normal 0 0 -1
    outer loop
      vertex -168 0 573
      vertex -174.686 -1.29456 573
      vertex -174.673 -1.26651 573
    endloop
  endfacet
  facet normal 0 0 -1
    outer loop
      vertex -168 0 573
      vertex -175.088 -2.14949 573
      vertex -174.686 -1.29456 573
    endloop
  endfacet
  facet normal 0 -0 -1
    outer loop
      vertex -175.111 -2.17035 573
      vertex -167.361 -14.6422 573
      vertex -175.81 -2.80595 573
    endloop
  endfacet
  facet normal 0 0 -1
    outer loop
      vertex -180.22 -31.7776 573
      vertex -174.245 -37.8597 573
      vertex -175.197 -37.6829 573
    endloop
  endfacet
  facet normal 0 0 -1
    outer loop
      vertex -180.22 -31.7776 573
      vertex -175.197 -37.6829 573
      vertex -175.206 -37.6848 573
    endloop
  endfacet
  facet normal 0 0 -1
    outer loop
      vertex -167.361 -14.6422 573
      vertex -175.088 -2.14949 573
      vertex -168 0 573
    endloop
  endfacet
  facet normal 0 0 -1
    outer loop
      vertex -180.22 -31.7776 573
      vertex -175.206 -37.6848 573
      vertex -176.153 -37.8852 573
    endloop
  endfacet
  facet normal 0 -0 -1
    outer loop
      vertex -175.088 -2.14949 573
      vertex -167.361 -14.6422 573
      vertex -175.111 -2.17035 573
    endloop
  endfacet
  facet normal 0 0 -1
    outer loop
      vertex -167.361 -14.6422 573
      vertex -176.699 -3.12549 573
      vertex -175.81 -2.80595 573
    endloop
  endfacet
  facet normal 0 0 -1
    outer loop
      vertex -167.361 -14.6422 573
      vertex -176.728 -3.13595 573
      vertex -176.699 -3.12549 573
    endloop
  endfacet
  facet normal 0 0 -1
    outer loop
      vertex -180.22 -31.7776 573
      vertex -176.153 -37.8852 573
      vertex -176.958 -38.4374 573
    endloop
  endfacet
  facet normal 0 0 -1
    outer loop
      vertex -180.22 -31.7776 573
      vertex -176.958 -38.4374 573
      vertex -177.489 -39.2554 573
    endloop
  endfacet
  facet normal 0 0 -1
    outer loop
      vertex -180.22 -31.7776 573
      vertex -177.489 -39.2554 573
      vertex -177.665 -40.206 573
    endloop
  endfacet
  facet normal 0 0 -1
    outer loop
      vertex -180.22 -31.7776 573
      vertex -177.665 -40.206 573
      vertex -177.666 -40.2148 573
    endloop
  endfacet
  facet normal 0 0 -1
    outer loop
      vertex -167.361 -14.6422 573
      vertex -180.22 -31.7776 573
      vertex -182.304 -15.9495 573
    endloop
  endfacet
  facet normal 0 0 -1
    outer loop
      vertex -172.9 40.6509 573
      vertex -162.276 43.4816 573
      vertex -172.749 39.6854 573
    endloop
  endfacet
  facet normal 0 0 -1
    outer loop
      vertex -173.408 41.4861 573
      vertex -162.276 43.4816 573
      vertex -172.9 40.6509 573
    endloop
  endfacet
  facet normal 0 0 -1
    outer loop
      vertex -173.416 41.4916 573
      vertex -162.276 43.4816 573
      vertex -173.408 41.4861 573
    endloop
  endfacet
  facet normal -0 0 -1
    outer loop
      vertex -162.276 43.4816 573
      vertex -173.416 41.4916 573
      vertex -176.764 47.3639 573
    endloop
  endfacet
  facet normal 0 0 -1
    outer loop
      vertex -176.764 47.3639 573
      vertex -173.416 41.4916 573
      vertex -174.197 42.0639 573
    endloop
  endfacet
  facet normal 0 0 -1
    outer loop
      vertex -176.764 47.3639 573
      vertex -174.197 42.0639 573
      vertex -175.137 42.2943 573
    endloop
  endfacet
  facet normal 0 0 -1
    outer loop
      vertex -176.764 47.3639 573
      vertex -175.137 42.2943 573
      vertex -175.146 42.2965 573
    endloop
  endfacet
  facet normal 0 0 -1
    outer loop
      vertex -176.764 47.3639 573
      vertex -175.146 42.2965 573
      vertex -175.155 42.2951 573
    endloop
  endfacet
  facet normal 0 0 -1
    outer loop
      vertex -176.764 47.3639 573
      vertex -175.155 42.2951 573
      vertex -176.111 42.1482 573
    endloop
  endfacet
  facet normal 0 0 -1
    outer loop
      vertex -162.276 43.4816 573
      vertex -176.764 47.3639 573
      vertex -171.964 62.5897 573
    endloop
  endfacet
  facet normal 0 0 -1
    outer loop
      vertex -176.937 41.6465 573
      vertex -176.764 47.3639 573
      vertex -176.111 42.1482 573
    endloop
  endfacet
  facet normal 0 0 -1
    outer loop
      vertex -176.945 41.6418 573
      vertex -176.764 47.3639 573
      vertex -176.937 41.6465 573
    endloop
  endfacet
  facet normal 0 0 -1
    outer loop
      vertex -177.52 40.8544 573
      vertex -176.764 47.3639 573
      vertex -176.945 41.6418 573
    endloop
  endfacet
  facet normal 0 0 -1
    outer loop
      vertex -177.751 39.9057 573
      vertex -176.764 47.3639 573
      vertex -177.52 40.8544 573
    endloop
  endfacet
  facet normal -0 0 -1
    outer loop
      vertex -177.092 38.105 573
      vertex -180.22 31.7776 573
      vertex -177.6 38.9402 573
    endloop
  endfacet
  facet normal 0 0 -1
    outer loop
      vertex -183 0 573
      vertex -179.119 0.826315 573
      vertex -179.132 0.798784 573
    endloop
  endfacet
  facet normal 0 0 -1
    outer loop
      vertex -183 0 573
      vertex -179.132 0.798784 573
      vertex -179.534 -0.0566634 573
    endloop
  endfacet
  facet normal 0 0 -1
    outer loop
      vertex -183 0 573
      vertex -179.534 -0.0566634 573
      vertex -179.577 -1.00125 573
    endloop
  endfacet
  facet normal 0 0 -1
    outer loop
      vertex -183 0 573
      vertex -179.577 -1.00125 573
      vertex -179.579 -1.03173 573
    endloop
  endfacet
  facet normal -0 0 -1
    outer loop
      vertex -177.751 39.9057 573
      vertex -180.22 31.7776 573
      vertex -176.764 47.3639 573
    endloop
  endfacet
  facet normal -0 0 -1
    outer loop
      vertex -177.6 38.9402 573
      vertex -180.22 31.7776 573
      vertex -177.751 39.9057 573
    endloop
  endfacet
  facet normal 0 0 -1
    outer loop
      vertex -179.247 -1.95046 573
      vertex -183 0 573
      vertex -179.257 -1.92164 573
    endloop
  endfacet
  facet normal 0 0 -1
    outer loop
      vertex -179.257 -1.92164 573
      vertex -183 0 573
      vertex -179.579 -1.03173 573
    endloop
  endfacet
  facet normal 0 0 -1
    outer loop
      vertex -179.119 0.826315 573
      vertex -182.304 15.9495 573
      vertex -180.22 31.7776 573
    endloop
  endfacet
  facet normal -0 0 -1
    outer loop
      vertex -179.119 0.826315 573
      vertex -183 0 573
      vertex -182.304 15.9495 573
    endloop
  endfacet
  facet normal 0 0 -1
    outer loop
      vertex -176.503 1.76607 573
      vertex -168 0 573
      vertex -175.619 1.34978 573
    endloop
  endfacet
  facet normal 0 0 -1
    outer loop
      vertex -168 0 573
      vertex -180.22 31.7776 573
      vertex -173.555 37.9493 573
    endloop
  endfacet
  facet normal 0 0 -1
    outer loop
      vertex -173.555 37.9493 573
      vertex -180.22 31.7776 573
      vertex -174.381 37.4478 573
    endloop
  endfacet
  facet normal 0 0 -1
    outer loop
      vertex -174.381 37.4478 573
      vertex -180.22 31.7776 573
      vertex -174.389 37.4429 573
    endloop
  endfacet
  facet normal 0 0 -1
    outer loop
      vertex -168 0 573
      vertex -176.503 1.76607 573
      vertex -180.22 31.7776 573
    endloop
  endfacet
  facet normal 0 0 -1
    outer loop
      vertex -174.389 37.4429 573
      vertex -180.22 31.7776 573
      vertex -174.399 37.4414 573
    endloop
  endfacet
  facet normal 0 0 -1
    outer loop
      vertex -180.22 31.7776 573
      vertex -176.503 1.76607 573
      vertex -177.449 1.81131 573
    endloop
  endfacet
  facet normal 0 0 -1
    outer loop
      vertex -180.22 31.7776 573
      vertex -177.449 1.81131 573
      vertex -177.479 1.81277 573
    endloop
  endfacet
  facet normal 0 0 -1
    outer loop
      vertex -174.399 37.4414 573
      vertex -180.22 31.7776 573
      vertex -175.354 37.2946 573
    endloop
  endfacet
  facet normal 0 0 -1
    outer loop
      vertex -180.22 31.7776 573
      vertex -177.479 1.81277 573
      vertex -177.508 1.80245 573
    endloop
  endfacet
  facet normal 0 0 -1
    outer loop
      vertex -180.22 31.7776 573
      vertex -177.508 1.80245 573
      vertex -178.398 1.48277 573
    endloop
  endfacet
  facet normal -0 0 -1
    outer loop
      vertex -175.354 37.2946 573
      vertex -180.22 31.7776 573
      vertex -176.303 37.5272 573
    endloop
  endfacet
  facet normal 0 0 -1
    outer loop
      vertex -180.22 31.7776 573
      vertex -178.398 1.48277 573
      vertex -179.119 0.826315 573
    endloop
  endfacet
  facet normal -0 0 -1
    outer loop
      vertex -176.303 37.5272 573
      vertex -180.22 31.7776 573
      vertex -177.092 38.105 573
    endloop
  endfacet
  facet normal 0 0 -1
    outer loop
      vertex -152.26 70.9999 573
      vertex -157.365 76.447 573
      vertex -157.362 76.4777 573
    endloop
  endfacet
  facet normal 0 0 -1
    outer loop
      vertex -152.26 70.9999 573
      vertex -157.461 75.5059 573
      vertex -157.365 76.447 573
    endloop
  endfacet
  facet normal 0 0 -1
    outer loop
      vertex -159.616 73.7529 573
      vertex -152.26 70.9999 573
      vertex -157.868 57.4594 573
    endloop
  endfacet
  facet normal 0 0 -1
    outer loop
      vertex -152.26 70.9999 573
      vertex -157.925 74.6468 573
      vertex -157.461 75.5059 573
    endloop
  endfacet
  facet normal 0 0 -1
    outer loop
      vertex -152.26 70.9999 573
      vertex -158.682 74.0312 573
      vertex -157.925 74.6468 573
    endloop
  endfacet
  facet normal 0 0 -1
    outer loop
      vertex -152.26 70.9999 573
      vertex -158.711 74.0224 573
      vertex -158.682 74.0312 573
    endloop
  endfacet
  facet normal 0 0 -1
    outer loop
      vertex -152.26 70.9999 573
      vertex -159.616 73.7529 573
      vertex -158.711 74.0224 573
    endloop
  endfacet
  facet normal 0 0 -1
    outer loop
      vertex -157.868 57.4594 573
      vertex -160.557 73.8509 573
      vertex -159.616 73.7529 573
    endloop
  endfacet
  facet normal 0 0 -1
    outer loop
      vertex -157.868 57.4594 573
      vertex -160.587 73.8541 573
      vertex -160.557 73.8509 573
    endloop
  endfacet
  facet normal 0 0 -1
    outer loop
      vertex -171.964 62.5897 573
      vertex -160.587 73.8541 573
      vertex -157.868 57.4594 573
    endloop
  endfacet
  facet normal -0 0 -1
    outer loop
      vertex -160.587 73.8541 573
      vertex -171.964 62.5897 573
      vertex -161.446 74.3196 573
    endloop
  endfacet
  facet normal 0 0 -1
    outer loop
      vertex -171.964 62.5897 573
      vertex -157.868 57.4594 573
      vertex -162.276 43.4816 573
    endloop
  endfacet
  facet normal 0 -0 -1
    outer loop
      vertex -165.854 77.3391 573
      vertex -161.446 74.3196 573
      vertex -171.964 62.5897 573
    endloop
  endfacet
  facet normal 0 0 -1
    outer loop
      vertex -161.446 74.3196 573
      vertex -165.854 77.3391 573
      vertex -162.062 75.0784 573
    endloop
  endfacet
  facet normal 0 0 -1
    outer loop
      vertex -172.752 39.6762 573
      vertex -162.276 43.4816 573
      vertex -165.448 29.1729 573
    endloop
  endfacet
  facet normal 0 0 -1
    outer loop
      vertex -156.826 -76.929 573
      vertex -152.26 -70.9999 573
      vertex -156.816 -77.9045 573
    endloop
  endfacet
  facet normal 0 0 -1
    outer loop
      vertex -157.208 -76.0311 573
      vertex -152.26 -70.9999 573
      vertex -156.826 -76.929 573
    endloop
  endfacet
  facet normal 0 0 -1
    outer loop
      vertex -157.906 -75.3474 573
      vertex -152.26 -70.9999 573
      vertex -157.208 -76.0311 573
    endloop
  endfacet
  facet normal 0 0 -1
    outer loop
      vertex -158.784 -74.9936 573
      vertex -152.26 -70.9999 573
      vertex -157.906 -75.3474 573
    endloop
  endfacet
  facet normal 0 0 -1
    outer loop
      vertex -158.813 -74.9821 573
      vertex -152.26 -70.9999 573
      vertex -158.784 -74.9936 573
    endloop
  endfacet
  facet normal 0 0 -1
    outer loop
      vertex -159.79 -74.9908 573
      vertex -152.26 -70.9999 573
      vertex -158.813 -74.9821 573
    endloop
  endfacet
  facet normal -0 0 -1
    outer loop
      vertex -152.26 -70.9999 573
      vertex -159.79 -74.9908 573
      vertex -157.868 -57.4594 573
    endloop
  endfacet
  facet normal 0 0 -1
    outer loop
      vertex -171.964 -62.5897 573
      vertex -159.79 -74.9908 573
      vertex -160.69 -75.3721 573
    endloop
  endfacet
  facet normal 0 0 -1
    outer loop
      vertex -165.854 -77.3391 573
      vertex -160.69 -75.3721 573
      vertex -161.374 -76.068 573
    endloop
  endfacet
  facet normal 0 0 -1
    outer loop
      vertex -165.854 -77.3391 573
      vertex -161.374 -76.068 573
      vertex -161.74 -76.9725 573
    endloop
  endfacet
  facet normal 0 0 -1
    outer loop
      vertex -159.79 -74.9908 573
      vertex -171.964 -62.5897 573
      vertex -157.868 -57.4594 573
    endloop
  endfacet
  facet normal 0 0 -1
    outer loop
      vertex -128.695 107.988 573
      vertex -138.423 110.708 573
      vertex -138.14 111.644 573
    endloop
  endfacet
  facet normal 0 0 -1
    outer loop
      vertex -128.695 107.988 573
      vertex -139.042 109.954 573
      vertex -138.423 110.708 573
    endloop
  endfacet
  facet normal 0 0 -1
    outer loop
      vertex -137.618 96.3608 573
      vertex -139.902 109.494 573
      vertex -139.042 109.954 573
    endloop
  endfacet
  facet normal 0 0 -1
    outer loop
      vertex -137.618 96.3608 573
      vertex -140.873 109.399 573
      vertex -139.902 109.494 573
    endloop
  endfacet
  facet normal 0 0 -1
    outer loop
      vertex -149.905 104.964 573
      vertex -140.873 109.399 573
      vertex -137.618 96.3608 573
    endloop
  endfacet
  facet normal -0 0 -1
    outer loop
      vertex -140.873 109.399 573
      vertex -149.905 104.964 573
      vertex -140.882 109.402 573
    endloop
  endfacet
  facet normal -0 0 -1
    outer loop
      vertex -140.882 109.402 573
      vertex -149.905 104.964 573
      vertex -141.807 109.685 573
    endloop
  endfacet
  facet normal -0 0 -1
    outer loop
      vertex -141.807 109.685 573
      vertex -149.905 104.964 573
      vertex -142.554 110.3 573
    endloop
  endfacet
  facet normal -0 0 -1
    outer loop
      vertex -142.554 110.3 573
      vertex -149.905 104.964 573
      vertex -142.561 110.306 573
    endloop
  endfacet
  facet normal 0 0 -1
    outer loop
      vertex -149.905 104.964 573
      vertex -143.022 111.178 573
      vertex -143.021 111.169 573
    endloop
  endfacet
  facet normal -0 0 -1
    outer loop
      vertex -142.561 110.306 573
      vertex -149.905 104.964 573
      vertex -143.021 111.169 573
    endloop
  endfacet
  facet normal 0 0 -1
    outer loop
      vertex -149.905 104.964 573
      vertex -137.618 96.3608 573
      vertex -145.492 84 573
    endloop
  endfacet
  facet normal 0 0 -1
    outer loop
      vertex -138.137 -111.089 573
      vertex -128.695 -107.988 573
      vertex -137.882 -112.021 573
    endloop
  endfacet
  facet normal 0 0 -1
    outer loop
      vertex -138.729 -110.325 573
      vertex -128.695 -107.988 573
      vertex -138.137 -111.089 573
    endloop
  endfacet
  facet normal 0 0 -1
    outer loop
      vertex -138.735 -110.317 573
      vertex -128.695 -107.988 573
      vertex -138.729 -110.325 573
    endloop
  endfacet
  facet normal 0 0 -1
    outer loop
      vertex -138.743 -110.313 573
      vertex -128.695 -107.988 573
      vertex -138.735 -110.317 573
    endloop
  endfacet
  facet normal -0 0 -1
    outer loop
      vertex -128.695 -107.988 573
      vertex -138.743 -110.313 573
      vertex -137.618 -96.3608 573
    endloop
  endfacet
  facet normal 0 0 -1
    outer loop
      vertex -139.583 -109.833 573
      vertex -137.618 -96.3608 573
      vertex -138.743 -110.313 573
    endloop
  endfacet
  facet normal 0 0 -1
    outer loop
      vertex -140.553 -109.71 573
      vertex -137.618 -96.3608 573
      vertex -139.583 -109.833 573
    endloop
  endfacet
  facet normal 0 0 -1
    outer loop
      vertex -149.905 -104.964 573
      vertex -140.553 -109.71 573
      vertex -141.497 -109.966 573
    endloop
  endfacet
  facet normal 0 0 -1
    outer loop
      vertex -149.905 -104.964 573
      vertex -141.497 -109.966 573
      vertex -141.504 -109.972 573
    endloop
  endfacet
  facet normal 0 0 -1
    outer loop
      vertex -149.905 -104.964 573
      vertex -141.504 -109.972 573
      vertex -142.27 -110.563 573
    endloop
  endfacet
  facet normal 0 0 -1
    outer loop
      vertex -149.905 -104.964 573
      vertex -142.27 -110.563 573
      vertex -142.752 -111.402 573
    endloop
  endfacet
  facet normal 0 0 -1
    outer loop
      vertex -149.905 -104.964 573
      vertex -142.752 -111.402 573
      vertex -142.756 -111.41 573
    endloop
  endfacet
  facet normal 0 0 -1
    outer loop
      vertex -140.553 -109.71 573
      vertex -149.905 -104.964 573
      vertex -137.618 -96.3608 573
    endloop
  endfacet
  facet normal 0 0 -1
    outer loop
      vertex -149.905 -104.964 573
      vertex -142.756 -111.41 573
      vertex -142.879 -112.369 573
    endloop
  endfacet
  facet normal 0 0 -1
    outer loop
      vertex -149.905 -104.964 573
      vertex -142.879 -112.369 573
      vertex -142.88 -112.378 573
    endloop
  endfacet
  facet normal -0 0 -1
    outer loop
      vertex -96.3608 137.618 573
      vertex -108.596 137.181 573
      vertex -108.441 138.146 573
    endloop
  endfacet
  facet normal 0 0 -1
    outer loop
      vertex -107.988 128.695 573
      vertex -109.107 136.348 573
      vertex -108.596 137.181 573
    endloop
  endfacet
  facet normal 0 0 -1
    outer loop
      vertex -107.988 128.695 573
      vertex -109.897 135.775 573
      vertex -109.107 136.348 573
    endloop
  endfacet
  facet normal 0 0 -1
    outer loop
      vertex -107.988 128.695 573
      vertex -109.927 135.768 573
      vertex -109.897 135.775 573
    endloop
  endfacet
  facet normal 0 0 -1
    outer loop
      vertex -107.988 128.695 573
      vertex -110.846 135.549 573
      vertex -109.927 135.768 573
    endloop
  endfacet
  facet normal 0 0 -1
    outer loop
      vertex -107.988 128.695 573
      vertex -111.779 135.699 573
      vertex -110.846 135.549 573
    endloop
  endfacet
  facet normal 0 0 -1
    outer loop
      vertex -107.988 128.695 573
      vertex -111.809 135.704 573
      vertex -111.779 135.699 573
    endloop
  endfacet
  facet normal 0 0 -1
    outer loop
      vertex -107.988 128.695 573
      vertex -112.64 136.217 573
      vertex -111.809 135.704 573
    endloop
  endfacet
  facet normal 0 0 -1
    outer loop
      vertex -118.794 118.794 573
      vertex -112.64 136.217 573
      vertex -107.988 128.695 573
    endloop
  endfacet
  facet normal 0 0 -1
    outer loop
      vertex -113.212 137.009 573
      vertex -117.63 140.186 573
      vertex -113.438 137.96 573
    endloop
  endfacet
  facet normal 0 0 -1
    outer loop
      vertex -129.401 129.401 573
      vertex -112.64 136.217 573
      vertex -118.794 118.794 573
    endloop
  endfacet
  facet normal -0 0 -1
    outer loop
      vertex -112.64 136.217 573
      vertex -129.401 129.401 573
      vertex -113.212 137.009 573
    endloop
  endfacet
  facet normal 0 0 -1
    outer loop
      vertex -138.695 113.48 573
      vertex -118.794 118.794 573
      vertex -128.695 107.988 573
    endloop
  endfacet
  facet normal -0 0 -1
    outer loop
      vertex -113.212 137.009 573
      vertex -129.401 129.401 573
      vertex -117.63 140.186 573
    endloop
  endfacet
  facet normal 0 0 -1
    outer loop
      vertex -139.042 109.954 573
      vertex -128.695 107.988 573
      vertex -137.618 96.3608 573
    endloop
  endfacet
  facet normal 0 0 -1
    outer loop
      vertex -138.235 112.617 573
      vertex -128.695 107.988 573
      vertex -138.14 111.644 573
    endloop
  endfacet
  facet normal 0 0 -1
    outer loop
      vertex -138.695 113.48 573
      vertex -128.695 107.988 573
      vertex -138.235 112.617 573
    endloop
  endfacet
  facet normal -0 0 -1
    outer loop
      vertex -118.794 118.794 573
      vertex -138.695 113.48 573
      vertex -129.401 129.401 573
    endloop
  endfacet
  facet normal 0 0 -1
    outer loop
      vertex -140.186 117.63 573
      vertex -138.695 113.48 573
      vertex -139.442 114.095 573
    endloop
  endfacet
  facet normal 0 0 -1
    outer loop
      vertex -140.186 117.63 573
      vertex -139.442 114.095 573
      vertex -139.449 114.101 573
    endloop
  endfacet
  facet normal 0 0 -1
    outer loop
      vertex -140.186 117.63 573
      vertex -139.449 114.101 573
      vertex -139.458 114.103 573
    endloop
  endfacet
  facet normal 0 0 -1
    outer loop
      vertex -138.695 113.48 573
      vertex -140.186 117.63 573
      vertex -129.401 129.401 573
    endloop
  endfacet
  facet normal 0 0 -1
    outer loop
      vertex -140.383 114.386 573
      vertex -140.186 117.63 573
      vertex -139.458 114.103 573
    endloop
  endfacet
  facet normal 0 0 -1
    outer loop
      vertex -141.345 114.292 573
      vertex -140.186 117.63 573
      vertex -140.383 114.386 573
    endloop
  endfacet
  facet normal 0 0 -1
    outer loop
      vertex -141.354 114.291 573
      vertex -140.186 117.63 573
      vertex -141.345 114.292 573
    endloop
  endfacet
  facet normal 0 0 -1
    outer loop
      vertex -142.214 113.832 573
      vertex -140.186 117.63 573
      vertex -141.354 114.291 573
    endloop
  endfacet
  facet normal 0 0 -1
    outer loop
      vertex -142.22 113.825 573
      vertex -140.186 117.63 573
      vertex -142.214 113.832 573
    endloop
  endfacet
  facet normal 0 0 -1
    outer loop
      vertex -142.833 113.077 573
      vertex -140.186 117.63 573
      vertex -142.22 113.825 573
    endloop
  endfacet
  facet normal -0 0 -1
    outer loop
      vertex -142.833 113.077 573
      vertex -149.905 104.964 573
      vertex -140.186 117.63 573
    endloop
  endfacet
  facet normal -0 0 -1
    outer loop
      vertex -143.114 112.15 573
      vertex -149.905 104.964 573
      vertex -142.833 113.077 573
    endloop
  endfacet
  facet normal -0 0 -1
    outer loop
      vertex -143.117 112.142 573
      vertex -149.905 104.964 573
      vertex -143.114 112.15 573
    endloop
  endfacet
  facet normal -0 0 -1
    outer loop
      vertex -143.022 111.178 573
      vertex -149.905 104.964 573
      vertex -143.117 112.142 573
    endloop
  endfacet
  facet normal 0 0 -1
    outer loop
      vertex -157.362 76.4777 573
      vertex -145.492 84 573
      vertex -152.26 70.9999 573
    endloop
  endfacet
  facet normal 0 0 -1
    outer loop
      vertex -145.492 84 573
      vertex -157.362 76.4777 573
      vertex -157.371 76.5073 573
    endloop
  endfacet
  facet normal 0 0 -1
    outer loop
      vertex -145.492 84 573
      vertex -157.371 76.5073 573
      vertex -157.642 77.4143 573
    endloop
  endfacet
  facet normal 0 0 -1
    outer loop
      vertex -158.238 78.1493 573
      vertex -145.492 84 573
      vertex -157.642 77.4143 573
    endloop
  endfacet
  facet normal 0 0 -1
    outer loop
      vertex -158.258 78.1731 573
      vertex -145.492 84 573
      vertex -158.238 78.1493 573
    endloop
  endfacet
  facet normal -0 0 -1
    outer loop
      vertex -145.492 84 573
      vertex -158.258 78.1731 573
      vertex -158.483 91.5 573
    endloop
  endfacet
  facet normal 0 0 -1
    outer loop
      vertex -145.492 84 573
      vertex -158.483 91.5 573
      vertex -149.905 104.964 573
    endloop
  endfacet
  facet normal 0 0 -1
    outer loop
      vertex -159.117 78.6386 573
      vertex -158.483 91.5 573
      vertex -158.258 78.1731 573
    endloop
  endfacet
  facet normal 0 0 -1
    outer loop
      vertex -159.147 78.6417 573
      vertex -158.483 91.5 573
      vertex -159.117 78.6386 573
    endloop
  endfacet
  facet normal 0 0 -1
    outer loop
      vertex -160.088 78.7398 573
      vertex -158.483 91.5 573
      vertex -159.147 78.6417 573
    endloop
  endfacet
  facet normal 0 0 -1
    outer loop
      vertex -160.117 78.7312 573
      vertex -158.483 91.5 573
      vertex -160.088 78.7398 573
    endloop
  endfacet
  facet normal 0 0 -1
    outer loop
      vertex -161.022 78.4615 573
      vertex -158.483 91.5 573
      vertex -160.117 78.7312 573
    endloop
  endfacet
  facet normal 0 0 -1
    outer loop
      vertex -165.854 77.3391 573
      vertex -161.022 78.4615 573
      vertex -161.756 77.8651 573
    endloop
  endfacet
  facet normal 0 0 -1
    outer loop
      vertex -165.854 77.3391 573
      vertex -161.756 77.8651 573
      vertex -161.779 77.8459 573
    endloop
  endfacet
  facet normal 0 0 -1
    outer loop
      vertex -165.854 77.3391 573
      vertex -161.779 77.8459 573
      vertex -161.794 77.8191 573
    endloop
  endfacet
  facet normal 0 0 -1
    outer loop
      vertex -165.854 77.3391 573
      vertex -161.794 77.8191 573
      vertex -162.243 76.9868 573
    endloop
  endfacet
  facet normal 0 0 -1
    outer loop
      vertex -165.854 77.3391 573
      vertex -162.339 76.0455 573
      vertex -162.342 76.015 573
    endloop
  endfacet
  facet normal -0 0 -1
    outer loop
      vertex -161.022 78.4615 573
      vertex -165.854 77.3391 573
      vertex -158.483 91.5 573
    endloop
  endfacet
  facet normal 0 0 -1
    outer loop
      vertex -162.339 76.0455 573
      vertex -165.854 77.3391 573
      vertex -162.243 76.9868 573
    endloop
  endfacet
  facet normal 0 0 -1
    outer loop
      vertex -162.062 75.0784 573
      vertex -165.854 77.3391 573
      vertex -162.333 75.9856 573
    endloop
  endfacet
  facet normal 0 0 -1
    outer loop
      vertex -172.752 39.6762 573
      vertex -165.448 29.1729 573
      vertex -167.361 14.6422 573
    endloop
  endfacet
  facet normal 0 0 -1
    outer loop
      vertex -172.752 39.6762 573
      vertex -167.361 14.6422 573
      vertex -168 0 573
    endloop
  endfacet
  facet normal 0 0 -1
    outer loop
      vertex -173.415 -38.3933 573
      vertex -165.448 -29.1729 573
      vertex -172.861 -39.1978 573
    endloop
  endfacet
  facet normal 0 0 -1
    outer loop
      vertex -174.236 -37.8614 573
      vertex -165.448 -29.1729 573
      vertex -173.415 -38.3933 573
    endloop
  endfacet
  facet normal 0 0 -1
    outer loop
      vertex -162.333 75.9856 573
      vertex -165.854 77.3391 573
      vertex -162.342 76.015 573
    endloop
  endfacet
  facet normal 0 0 -1
    outer loop
      vertex -171.964 -62.5897 573
      vertex -172.658 -40.1618 573
      vertex -172.656 -40.1524 573
    endloop
  endfacet
  facet normal 0 0 -1
    outer loop
      vertex -171.964 -62.5897 573
      vertex -172.834 -41.1117 573
      vertex -172.658 -40.1618 573
    endloop
  endfacet
  facet normal 0 0 -1
    outer loop
      vertex -171.964 -62.5897 573
      vertex -173.36 -41.9218 573
      vertex -172.834 -41.1117 573
    endloop
  endfacet
  facet normal 0 0 -1
    outer loop
      vertex -171.964 -62.5897 573
      vertex -173.365 -41.9298 573
      vertex -173.36 -41.9218 573
    endloop
  endfacet
  facet normal 0 0 -1
    outer loop
      vertex -176.764 -47.3639 573
      vertex -173.365 -41.9298 573
      vertex -171.964 -62.5897 573
    endloop
  endfacet
  facet normal 0 0 -1
    outer loop
      vertex -173.365 -41.9298 573
      vertex -176.764 -47.3639 573
      vertex -173.373 -41.9352 573
    endloop
  endfacet
  facet normal 0 0 -1
    outer loop
      vertex -173.373 -41.9352 573
      vertex -176.764 -47.3639 573
      vertex -174.17 -42.4819 573
    endloop
  endfacet
  facet normal 0 0 -1
    outer loop
      vertex -174.17 -42.4819 573
      vertex -176.764 -47.3639 573
      vertex -175.117 -42.6823 573
    endloop
  endfacet
  facet normal 0 0 -1
    outer loop
      vertex -175.117 -42.6823 573
      vertex -176.764 -47.3639 573
      vertex -175.126 -42.6842 573
    endloop
  endfacet
  facet normal -0 0 -1
    outer loop
      vertex -175.126 -42.6842 573
      vertex -176.764 -47.3639 573
      vertex -176.087 -42.5058 573
    endloop
  endfacet
  facet normal 0 0 -1
    outer loop
      vertex -176.764 -47.3639 573
      vertex -176.908 -41.9739 573
      vertex -176.087 -42.5058 573
    endloop
  endfacet
  facet normal 0 0 -1
    outer loop
      vertex -176.764 -47.3639 573
      vertex -177.462 -41.1693 573
      vertex -176.908 -41.9739 573
    endloop
  endfacet
  facet normal 0 0 -1
    outer loop
      vertex -176.764 -47.3639 573
      vertex -177.665 -40.2235 573
      vertex -177.462 -41.1693 573
    endloop
  endfacet
  facet normal 0 0 1
    outer loop
      vertex -176.764 -47.3639 573
      vertex -177.666 -40.2148 573
      vertex -177.665 -40.2235 573
    endloop
  endfacet
  facet normal -0 0 -1
    outer loop
      vertex -176.728 -3.13595 573
      vertex -182.304 -15.9495 573
      vertex -176.759 -3.13447 573
    endloop
  endfacet
  facet normal -0 0 -1
    outer loop
      vertex -176.759 -3.13447 573
      vertex -182.304 -15.9495 573
      vertex -177.704 -3.08925 573
    endloop
  endfacet
  facet normal -0 0 -1
    outer loop
      vertex -177.704 -3.08925 573
      vertex -182.304 -15.9495 573
      vertex -178.588 -2.67296 573
    endloop
  endfacet
  facet normal 0 0 -1
    outer loop
      vertex -183 0 573
      vertex -178.588 -2.67296 573
      vertex -182.304 -15.9495 573
    endloop
  endfacet
  facet normal 0 0 -1
    outer loop
      vertex -178.588 -2.67296 573
      vertex -183 0 573
      vertex -179.226 -1.97312 573
    endloop
  endfacet
  facet normal 0 0 -1
    outer loop
      vertex -179.226 -1.97312 573
      vertex -183 0 573
      vertex -179.247 -1.95046 573
    endloop
  endfacet
  facet normal 0 0 -1
    outer loop
      vertex -180.22 -31.7776 573
      vertex -177.666 -40.2148 573
      vertex -176.764 -47.3639 573
    endloop
  endfacet
  facet normal 0 0 -1
    outer loop
      vertex -96.3608 -137.618 573
      vertex -107.737 -140.127 573
      vertex -107.422 -139.203 573
    endloop
  endfacet
  facet normal 0 0 -1
    outer loop
      vertex -104.964 -149.905 573
      vertex -108.381 -140.861 573
      vertex -107.737 -140.127 573
    endloop
  endfacet
  facet normal 0 0 -1
    outer loop
      vertex -104.964 -149.905 573
      vertex -109.258 -141.293 573
      vertex -108.381 -140.861 573
    endloop
  endfacet
  facet normal 0 0 -1
    outer loop
      vertex -104.964 -149.905 573
      vertex -110.234 -141.357 573
      vertex -109.258 -141.293 573
    endloop
  endfacet
  facet normal 0 0 -1
    outer loop
      vertex -104.964 -149.905 573
      vertex -111.13 -141.053 573
      vertex -110.234 -141.357 573
    endloop
  endfacet
  facet normal 0 0 -1
    outer loop
      vertex -104.964 -149.905 573
      vertex -111.159 -141.044 573
      vertex -111.13 -141.053 573
    endloop
  endfacet
  facet normal 0 0 -1
    outer loop
      vertex -117.63 -140.186 573
      vertex -111.159 -141.044 573
      vertex -104.964 -149.905 573
    endloop
  endfacet
  facet normal -0 0 -1
    outer loop
      vertex -112.327 -139.496 573
      vertex -117.63 -140.186 573
      vertex -112.388 -138.553 573
    endloop
  endfacet
  facet normal -0 0 -1
    outer loop
      vertex -112.325 -139.526 573
      vertex -117.63 -140.186 573
      vertex -112.327 -139.496 573
    endloop
  endfacet
  facet normal 0 0 -1
    outer loop
      vertex -111.893 -140.401 573
      vertex -117.63 -140.186 573
      vertex -112.325 -139.526 573
    endloop
  endfacet
  facet normal 0 0 -1
    outer loop
      vertex -111.159 -141.044 573
      vertex -117.63 -140.186 573
      vertex -111.893 -140.401 573
    endloop
  endfacet
  facet normal 0 0 -1
    outer loop
      vertex -70.9999 152.26 573
      vertex -76.0192 160.524 573
      vertex -75.6831 161.442 573
    endloop
  endfacet
  facet normal 0 0 -1
    outer loop
      vertex -70.9999 152.26 573
      vertex -76.0256 160.517 573
      vertex -76.0192 160.524 573
    endloop
  endfacet
  facet normal 0 0 -1
    outer loop
      vertex -70.9999 152.26 573
      vertex -76.6802 159.804 573
      vertex -76.0256 160.517 573
    endloop
  endfacet
  facet normal 0 0 -1
    outer loop
      vertex -70.9999 152.26 573
      vertex -77.5654 159.393 573
      vertex -76.6802 159.804 573
    endloop
  endfacet
  facet normal 0 0 -1
    outer loop
      vertex -70.9999 152.26 573
      vertex -78.54 159.352 573
      vertex -77.5654 159.393 573
    endloop
  endfacet
  facet normal 0 0 -1
    outer loop
      vertex -84 145.492 573
      vertex -78.54 159.352 573
      vertex -70.9999 152.26 573
    endloop
  endfacet
  facet normal 0 0 -1
    outer loop
      vertex -91.5 158.483 573
      vertex -79.4629 159.695 573
      vertex -79.4558 159.688 573
    endloop
  endfacet
  facet normal 0 0 -1
    outer loop
      vertex -91.5 158.483 573
      vertex -80.5793 161.229 573
      vertex -80.1733 160.35 573
    endloop
  endfacet
  facet normal 0 0 -1
    outer loop
      vertex -91.5 158.483 573
      vertex -80.5836 161.246 573
      vertex -80.5832 161.237 573
    endloop
  endfacet
  facet normal -0 0 -1
    outer loop
      vertex -80.5793 161.229 573
      vertex -91.5 158.483 573
      vertex -80.5832 161.237 573
    endloop
  endfacet
  facet normal -0 0 -1
    outer loop
      vertex -79.4629 159.695 573
      vertex -91.5 158.483 573
      vertex -80.1733 160.35 573
    endloop
  endfacet
  facet normal 0 0 -1
    outer loop
      vertex -91.5 158.483 573
      vertex -79.4558 159.688 573
      vertex -84 145.492 573
    endloop
  endfacet
  facet normal -0 0 -1
    outer loop
      vertex -78.54 159.352 573
      vertex -84 145.492 573
      vertex -79.4558 159.688 573
    endloop
  endfacet
  facet normal 0 0 -1
    outer loop
      vertex -75.6145 -160.768 573
      vertex -70.9999 -152.26 573
      vertex -75.3093 -161.685 573
    endloop
  endfacet
  facet normal 0 0 -1
    outer loop
      vertex -75.6175 -160.759 573
      vertex -70.9999 -152.26 573
      vertex -75.6145 -160.768 573
    endloop
  endfacet
  facet normal 0 0 -1
    outer loop
      vertex -75.6238 -160.752 573
      vertex -70.9999 -152.26 573
      vertex -75.6175 -160.759 573
    endloop
  endfacet
  facet normal 0 0 -1
    outer loop
      vertex -76.2571 -160.023 573
      vertex -70.9999 -152.26 573
      vertex -75.6238 -160.752 573
    endloop
  endfacet
  facet normal 0 0 -1
    outer loop
      vertex -76.2656 -160.019 573
      vertex -70.9999 -152.26 573
      vertex -76.2571 -160.023 573
    endloop
  endfacet
  facet normal 0 0 -1
    outer loop
      vertex -77.1308 -159.587 573
      vertex -70.9999 -152.26 573
      vertex -76.2656 -160.019 573
    endloop
  endfacet
  facet normal 0 0 -1
    outer loop
      vertex -78.1055 -159.519 573
      vertex -70.9999 -152.26 573
      vertex -77.1308 -159.587 573
    endloop
  endfacet
  facet normal 0 0 -1
    outer loop
      vertex -84 -145.492 573
      vertex -78.1055 -159.519 573
      vertex -79.0241 -159.826 573
    endloop
  endfacet
  facet normal 0 0 -1
    outer loop
      vertex -84 -145.492 573
      vertex -79.0241 -159.826 573
      vertex -79.0329 -159.829 573
    endloop
  endfacet
  facet normal 0 0 -1
    outer loop
      vertex -91.5 -158.483 573
      vertex -79.0329 -159.829 573
      vertex -79.7718 -160.469 573
    endloop
  endfacet
  facet normal 0 0 -1
    outer loop
      vertex -91.5 -158.483 573
      vertex -79.7759 -160.478 573
      vertex -80.2096 -161.343 573
    endloop
  endfacet
  facet normal 0 0 -1
    outer loop
      vertex -78.1055 -159.519 573
      vertex -84 -145.492 573
      vertex -70.9999 -152.26 573
    endloop
  endfacet
  facet normal 0 0 -1
    outer loop
      vertex -79.7759 -160.478 573
      vertex -91.5 -158.483 573
      vertex -79.7718 -160.469 573
    endloop
  endfacet
  facet normal 0 0 -1
    outer loop
      vertex -91.5 -158.483 573
      vertex -80.2096 -161.343 573
      vertex -80.2792 -162.308 573
    endloop
  endfacet
  facet normal 0 0 -1
    outer loop
      vertex -91.5 -158.483 573
      vertex -80.2792 -162.308 573
      vertex -80.2798 -162.317 573
    endloop
  endfacet
  facet normal 0 0 -1
    outer loop
      vertex -31.7776 -180.22 573
      vertex -36.5311 -173.936 573
      vertex -36.2684 -172.995 573
    endloop
  endfacet
  facet normal 0 0 -1
    outer loop
      vertex -31.7776 -180.22 573
      vertex -37.1148 -174.681 573
      vertex -36.5311 -173.936 573
    endloop
  endfacet
  facet normal 0 0 -1
    outer loop
      vertex -31.7776 -180.22 573
      vertex -37.1337 -174.706 573
      vertex -37.1148 -174.681 573
    endloop
  endfacet
  facet normal 0 0 -1
    outer loop
      vertex -31.7776 -180.22 573
      vertex -37.1605 -174.721 573
      vertex -37.1337 -174.706 573
    endloop
  endfacet
  facet normal 0 0 -1
    outer loop
      vertex -31.7776 -180.22 573
      vertex -37.9846 -175.187 573
      vertex -37.1605 -174.721 573
    endloop
  endfacet
  facet normal 0 0 -1
    outer loop
      vertex -31.7776 -180.22 573
      vertex -38.9239 -175.302 573
      vertex -37.9846 -175.187 573
    endloop
  endfacet
  facet normal 0 0 -1
    outer loop
      vertex -31.7776 -180.22 573
      vertex -38.9542 -175.306 573
      vertex -38.9239 -175.302 573
    endloop
  endfacet
  facet normal 0 0 -1
    outer loop
      vertex -47.3639 -176.764 573
      vertex -38.9542 -175.306 573
      vertex -31.7776 -180.22 573
    endloop
  endfacet
  facet normal -0 0 -1
    outer loop
      vertex -38.9542 -175.306 573
      vertex -47.3639 -176.764 573
      vertex -39.8655 -175.054 573
    endloop
  endfacet
  facet normal 0 0 -1
    outer loop
      vertex -47.3639 -176.764 573
      vertex -41.2602 -172.626 573
      vertex -41.2565 -172.656 573
    endloop
  endfacet
  facet normal 0 0 -1
    outer loop
      vertex -47.3639 -176.764 573
      vertex -41.2565 -172.656 573
      vertex -41.1428 -173.595 573
    endloop
  endfacet
  facet normal -0 0 -1
    outer loop
      vertex -39.8655 -175.054 573
      vertex -47.3639 -176.764 573
      vertex -39.8949 -175.045 573
    endloop
  endfacet
  facet normal 0 0 -1
    outer loop
      vertex -47.3639 -176.764 573
      vertex -40.6634 -174.445 573
      vertex -39.8949 -175.045 573
    endloop
  endfacet
  facet normal 0 0 -1
    outer loop
      vertex -47.3639 -176.764 573
      vertex -40.6784 -174.418 573
      vertex -40.6634 -174.445 573
    endloop
  endfacet
  facet normal 0 0 -1
    outer loop
      vertex -47.3639 -176.764 573
      vertex -41.1428 -173.595 573
      vertex -40.6784 -174.418 573
    endloop
  endfacet
  facet normal -0 0 -1
    outer loop
      vertex -41.2602 -172.626 573
      vertex -47.3639 -176.764 573
      vertex -43.4816 -162.276 573
    endloop
  endfacet
  facet normal 0 0 -1
    outer loop
      vertex -47.3639 -176.764 573
      vertex -57.4594 -157.868 573
      vertex -43.4816 -162.276 573
    endloop
  endfacet
  facet normal 0 0 -1
    outer loop
      vertex -62.5897 -171.964 573
      vertex -57.4594 -157.868 573
      vertex -47.3639 -176.764 573
    endloop
  endfacet
  facet normal 0 0 -1
    outer loop
      vertex -75.3093 -161.685 573
      vertex -57.4594 -157.868 573
      vertex -62.5897 -171.964 573
    endloop
  endfacet
  facet normal -0 0 -1
    outer loop
      vertex -57.4594 -157.868 573
      vertex -75.3093 -161.685 573
      vertex -70.9999 -152.26 573
    endloop
  endfacet
  facet normal 0 0 -1
    outer loop
      vertex -62.5897 -171.964 573
      vertex -75.3788 -162.649 573
      vertex -75.3093 -161.685 573
    endloop
  endfacet
  facet normal 0 0 -1
    outer loop
      vertex -62.5897 -171.964 573
      vertex -75.3795 -162.659 573
      vertex -75.3788 -162.649 573
    endloop
  endfacet
  facet normal 0 0 -1
    outer loop
      vertex -62.5897 -171.964 573
      vertex -75.3838 -162.667 573
      vertex -75.3795 -162.659 573
    endloop
  endfacet
  facet normal 0 0 -1
    outer loop
      vertex -62.5897 -171.964 573
      vertex -75.8174 -163.532 573
      vertex -75.3838 -162.667 573
    endloop
  endfacet
  facet normal 0 0 -1
    outer loop
      vertex -77.3391 -165.854 573
      vertex -75.8174 -163.532 573
      vertex -62.5897 -171.964 573
    endloop
  endfacet
  facet normal 0 0 -1
    outer loop
      vertex -75.8174 -163.532 573
      vertex -77.3391 -165.854 573
      vertex -75.8245 -163.538 573
    endloop
  endfacet
  facet normal 0 0 -1
    outer loop
      vertex -75.8245 -163.538 573
      vertex -77.3391 -165.854 573
      vertex -76.5563 -164.173 573
    endloop
  endfacet
  facet normal 0 0 -1
    outer loop
      vertex -77.3391 -165.854 573
      vertex -77.4837 -164.482 573
      vertex -76.5563 -164.173 573
    endloop
  endfacet
  facet normal 0 0 -1
    outer loop
      vertex -77.3391 -165.854 573
      vertex -78.4494 -164.415 573
      vertex -77.4837 -164.482 573
    endloop
  endfacet
  facet normal 0 0 -1
    outer loop
      vertex -77.3391 -165.854 573
      vertex -78.4584 -164.414 573
      vertex -78.4494 -164.415 573
    endloop
  endfacet
  facet normal 0 0 -1
    outer loop
      vertex -77.3391 -165.854 573
      vertex -78.4665 -164.41 573
      vertex -78.4584 -164.414 573
    endloop
  endfacet
  facet normal 0 0 -1
    outer loop
      vertex -77.3391 -165.854 573
      vertex -79.3321 -163.979 573
      vertex -78.4665 -164.41 573
    endloop
  endfacet
  facet normal 0 0 -1
    outer loop
      vertex -91.5 -158.483 573
      vertex -79.3321 -163.979 573
      vertex -77.3391 -165.854 573
    endloop
  endfacet
  facet normal 0 0 -1
    outer loop
      vertex -91.5 -158.483 573
      vertex -79.9658 -163.249 573
      vertex -79.3321 -163.979 573
    endloop
  endfacet
  facet normal 0 0 -1
    outer loop
      vertex -91.5 -158.483 573
      vertex -79.9717 -163.242 573
      vertex -79.9658 -163.249 573
    endloop
  endfacet
  facet normal 0 0 -1
    outer loop
      vertex -91.5 -158.483 573
      vertex -80.277 -162.325 573
      vertex -79.9717 -163.242 573
    endloop
  endfacet
  facet normal 0 0 -1
    outer loop
      vertex -91.5 -158.483 573
      vertex -80.2798 -162.317 573
      vertex -80.277 -162.325 573
    endloop
  endfacet
  facet normal 0 0 -1
    outer loop
      vertex -79.0329 -159.829 573
      vertex -91.5 -158.483 573
      vertex -84 -145.492 573
    endloop
  endfacet
  facet normal 0 0 -1
    outer loop
      vertex -91.5 -158.483 573
      vertex -96.3608 -137.618 573
      vertex -84 -145.492 573
    endloop
  endfacet
  facet normal 0 0 -1
    outer loop
      vertex -104.964 -149.905 573
      vertex -96.3608 -137.618 573
      vertex -91.5 -158.483 573
    endloop
  endfacet
  facet normal 0 0 -1
    outer loop
      vertex -107.737 -140.127 573
      vertex -96.3608 -137.618 573
      vertex -104.964 -149.905 573
    endloop
  endfacet
  facet normal 0 0 -1
    outer loop
      vertex -107.424 -139.172 573
      vertex -96.3608 -137.618 573
      vertex -107.422 -139.203 573
    endloop
  endfacet
  facet normal 0 0 -1
    outer loop
      vertex -107.485 -138.23 573
      vertex -96.3608 -137.618 573
      vertex -107.424 -139.172 573
    endloop
  endfacet
  facet normal 0 0 -1
    outer loop
      vertex -107.917 -137.355 573
      vertex -96.3608 -137.618 573
      vertex -107.485 -138.23 573
    endloop
  endfacet
  facet normal 0 0 -1
    outer loop
      vertex -107.988 -128.695 573
      vertex -107.917 -137.355 573
      vertex -107.94 -137.334 573
    endloop
  endfacet
  facet normal 0 0 -1
    outer loop
      vertex -107.917 -137.355 573
      vertex -107.988 -128.695 573
      vertex -96.3608 -137.618 573
    endloop
  endfacet
  facet normal 0 0 -1
    outer loop
      vertex -108.651 -136.712 573
      vertex -107.988 -128.695 573
      vertex -107.94 -137.334 573
    endloop
  endfacet
  facet normal 0 0 -1
    outer loop
      vertex -109.547 -136.409 573
      vertex -107.988 -128.695 573
      vertex -108.651 -136.712 573
    endloop
  endfacet
  facet normal 0 0 -1
    outer loop
      vertex -109.577 -136.399 573
      vertex -107.988 -128.695 573
      vertex -109.547 -136.409 573
    endloop
  endfacet
  facet normal 0 0 -1
    outer loop
      vertex -109.607 -136.401 573
      vertex -107.988 -128.695 573
      vertex -109.577 -136.399 573
    endloop
  endfacet
  facet normal 0 0 -1
    outer loop
      vertex -110.552 -136.463 573
      vertex -107.988 -128.695 573
      vertex -109.607 -136.401 573
    endloop
  endfacet
  facet normal 0 0 -1
    outer loop
      vertex -111.401 -136.881 573
      vertex -107.988 -128.695 573
      vertex -110.552 -136.463 573
    endloop
  endfacet
  facet normal 0 0 -1
    outer loop
      vertex -111.429 -136.895 573
      vertex -107.988 -128.695 573
      vertex -111.401 -136.881 573
    endloop
  endfacet
  facet normal 0 0 -1
    outer loop
      vertex -117.63 -140.186 573
      vertex -111.429 -136.895 573
      vertex -112.074 -137.629 573
    endloop
  endfacet
  facet normal 0 0 -1
    outer loop
      vertex -117.63 -140.186 573
      vertex -112.074 -137.629 573
      vertex -112.388 -138.553 573
    endloop
  endfacet
  facet normal -0 0 -1
    outer loop
      vertex -111.429 -136.895 573
      vertex -117.63 -140.186 573
      vertex -129.401 -129.401 573
    endloop
  endfacet
  facet normal 0 0 -1
    outer loop
      vertex -111.429 -136.895 573
      vertex -118.794 -118.794 573
      vertex -107.988 -128.695 573
    endloop
  endfacet
  facet normal 0 0 -1
    outer loop
      vertex -111.429 -136.895 573
      vertex -129.401 -129.401 573
      vertex -118.794 -118.794 573
    endloop
  endfacet
  facet normal 0 0 -1
    outer loop
      vertex -138.485 -113.836 573
      vertex -118.794 -118.794 573
      vertex -129.401 -129.401 573
    endloop
  endfacet
  facet normal 0 0 -1
    outer loop
      vertex -118.794 -118.794 573
      vertex -138.004 -112.998 573
      vertex -128.695 -107.988 573
    endloop
  endfacet
  facet normal 0 0 -1
    outer loop
      vertex -137.882 -112.021 573
      vertex -128.695 -107.988 573
      vertex -137.88 -112.03 573
    endloop
  endfacet
  facet normal 0 0 -1
    outer loop
      vertex -128.695 -107.988 573
      vertex -137.881 -112.04 573
      vertex -137.88 -112.03 573
    endloop
  endfacet
  facet normal 0 0 -1
    outer loop
      vertex -128.695 -107.988 573
      vertex -138.004 -112.998 573
      vertex -137.881 -112.04 573
    endloop
  endfacet
  facet normal 0 0 -1
    outer loop
      vertex -118.794 -118.794 573
      vertex -138.485 -113.836 573
      vertex -138.004 -112.998 573
    endloop
  endfacet
  facet normal 0 0 -1
    outer loop
      vertex -129.401 -129.401 573
      vertex -138.49 -113.844 573
      vertex -138.485 -113.836 573
    endloop
  endfacet
  facet normal 0 0 -1
    outer loop
      vertex -140.186 -117.63 573
      vertex -138.49 -113.844 573
      vertex -129.401 -129.401 573
    endloop
  endfacet
  facet normal 0 0 -1
    outer loop
      vertex -138.49 -113.844 573
      vertex -140.186 -117.63 573
      vertex -138.497 -113.85 573
    endloop
  endfacet
  facet normal 0 0 -1
    outer loop
      vertex -138.497 -113.85 573
      vertex -140.186 -117.63 573
      vertex -139.263 -114.441 573
    endloop
  endfacet
  facet normal 0 0 -1
    outer loop
      vertex -140.186 -117.63 573
      vertex -140.198 -114.695 573
      vertex -139.263 -114.441 573
    endloop
  endfacet
  facet normal 0 0 -1
    outer loop
      vertex -140.186 -117.63 573
      vertex -140.207 -114.698 573
      vertex -140.198 -114.695 573
    endloop
  endfacet
  facet normal 0 0 -1
    outer loop
      vertex -140.186 -117.63 573
      vertex -140.216 -114.697 573
      vertex -140.207 -114.698 573
    endloop
  endfacet
  facet normal 0 0 -1
    outer loop
      vertex -140.186 -117.63 573
      vertex -141.177 -114.575 573
      vertex -140.216 -114.697 573
    endloop
  endfacet
  facet normal 0 0 -1
    outer loop
      vertex -140.186 -117.63 573
      vertex -142.017 -114.095 573
      vertex -141.177 -114.575 573
    endloop
  endfacet
  facet normal 0 0 -1
    outer loop
      vertex -140.186 -117.63 573
      vertex -142.025 -114.09 573
      vertex -142.017 -114.095 573
    endloop
  endfacet
  facet normal 0 0 -1
    outer loop
      vertex -140.186 -117.63 573
      vertex -142.623 -113.319 573
      vertex -142.025 -114.09 573
    endloop
  endfacet
  facet normal 0 0 -1
    outer loop
      vertex -149.905 -104.964 573
      vertex -142.623 -113.319 573
      vertex -140.186 -117.63 573
    endloop
  endfacet
  facet normal 0 0 -1
    outer loop
      vertex -149.905 -104.964 573
      vertex -142.88 -112.378 573
      vertex -142.623 -113.319 573
    endloop
  endfacet
  facet normal -0 0 -1
    outer loop
      vertex -137.618 -96.3608 573
      vertex -149.905 -104.964 573
      vertex -145.492 -84 573
    endloop
  endfacet
  facet normal 0 0 -1
    outer loop
      vertex -158.483 -91.5 573
      vertex -145.492 -84 573
      vertex -149.905 -104.964 573
    endloop
  endfacet
  facet normal 0 0 -1
    outer loop
      vertex -145.492 -84 573
      vertex -156.816 -77.9045 573
      vertex -152.26 -70.9999 573
    endloop
  endfacet
  facet normal 0 0 -1
    outer loop
      vertex -145.492 -84 573
      vertex -157.182 -78.809 573
      vertex -156.816 -77.9045 573
    endloop
  endfacet
  facet normal 0 -0 -1
    outer loop
      vertex -157.866 -79.5049 573
      vertex -145.492 -84 573
      vertex -158.483 -91.5 573
    endloop
  endfacet
  facet normal 0 0 -1
    outer loop
      vertex -145.492 -84 573
      vertex -157.866 -79.5049 573
      vertex -157.182 -78.809 573
    endloop
  endfacet
  facet normal 0 0 -1
    outer loop
      vertex -158.483 -91.5 573
      vertex -158.737 -79.8742 573
      vertex -157.866 -79.5049 573
    endloop
  endfacet
  facet normal 0 0 -1
    outer loop
      vertex -158.483 -91.5 573
      vertex -158.765 -79.8862 573
      vertex -158.737 -79.8742 573
    endloop
  endfacet
  facet normal 0 0 -1
    outer loop
      vertex -158.483 -91.5 573
      vertex -159.743 -79.8949 573
      vertex -158.765 -79.8862 573
    endloop
  endfacet
  facet normal 0 0 -1
    outer loop
      vertex -158.483 -91.5 573
      vertex -160.65 -79.5296 573
      vertex -159.743 -79.8949 573
    endloop
  endfacet
  facet normal 0 0 -1
    outer loop
      vertex -165.854 -77.3391 573
      vertex -160.65 -79.5296 573
      vertex -158.483 -91.5 573
    endloop
  endfacet
  facet normal 0 0 -1
    outer loop
      vertex -160.65 -79.5296 573
      vertex -165.854 -77.3391 573
      vertex -161.326 -78.8673 573
    endloop
  endfacet
  facet normal 0 0 -1
    outer loop
      vertex -161.326 -78.8673 573
      vertex -165.854 -77.3391 573
      vertex -161.347 -78.8459 573
    endloop
  endfacet
  facet normal 0 0 -1
    outer loop
      vertex -161.347 -78.8459 573
      vertex -165.854 -77.3391 573
      vertex -161.359 -78.8178 573
    endloop
  endfacet
  facet normal 0 0 -1
    outer loop
      vertex -165.854 -77.3391 573
      vertex -161.74 -76.9725 573
      vertex -161.73 -77.948 573
    endloop
  endfacet
  facet normal -0 0 -1
    outer loop
      vertex -157.868 -57.4594 573
      vertex -171.964 -62.5897 573
      vertex -162.276 -43.4816 573
    endloop
  endfacet
  facet normal 0 0 -1
    outer loop
      vertex -161.359 -78.8178 573
      vertex -165.854 -77.3391 573
      vertex -161.73 -77.948 573
    endloop
  endfacet
  facet normal -0 0 -1
    outer loop
      vertex -160.69 -75.3721 573
      vertex -165.854 -77.3391 573
      vertex -171.964 -62.5897 573
    endloop
  endfacet
  facet normal 0 0 -1
    outer loop
      vertex -172.656 -40.1524 573
      vertex -162.276 -43.4816 573
      vertex -171.964 -62.5897 573
    endloop
  endfacet
  facet normal 0 0 -1
    outer loop
      vertex -172.861 -39.1978 573
      vertex -162.276 -43.4816 573
      vertex -172.656 -40.1524 573
    endloop
  endfacet
  facet normal 0 0 -1
    outer loop
      vertex -162.276 -43.4816 573
      vertex -172.861 -39.1978 573
      vertex -165.448 -29.1729 573
    endloop
  endfacet
  facet normal 0 0 -1
    outer loop
      vertex -37.5593 172.501 573
      vertex -31.7776 180.22 573
      vertex -37.5539 172.471 573
    endloop
  endfacet
  facet normal 0 0 -1
    outer loop
      vertex -37.7255 173.433 573
      vertex -31.7776 180.22 573
      vertex -37.5593 172.501 573
    endloop
  endfacet
  facet normal 0 0 -1
    outer loop
      vertex -38.2517 174.255 573
      vertex -31.7776 180.22 573
      vertex -37.7255 173.433 573
    endloop
  endfacet
  facet normal 0 0 -1
    outer loop
      vertex -39.0273 174.795 573
      vertex -31.7776 180.22 573
      vertex -38.2517 174.255 573
    endloop
  endfacet
  facet normal 0 0 -1
    outer loop
      vertex -39.0522 174.812 573
      vertex -31.7776 180.22 573
      vertex -39.0273 174.795 573
    endloop
  endfacet
  facet normal 0 0 -1
    outer loop
      vertex -40.0054 175.02 573
      vertex -31.7776 180.22 573
      vertex -39.0522 174.812 573
    endloop
  endfacet
  facet normal 0 0 -1
    outer loop
      vertex -47.3639 176.764 573
      vertex -40.0054 175.02 573
      vertex -40.9359 174.852 573
    endloop
  endfacet
  facet normal 0 0 -1
    outer loop
      vertex -47.3639 176.764 573
      vertex -40.9359 174.852 573
      vertex -40.9659 174.847 573
    endloop
  endfacet
  facet normal 0 0 -1
    outer loop
      vertex -40.0054 175.02 573
      vertex -47.3639 176.764 573
      vertex -31.7776 180.22 573
    endloop
  endfacet
  facet normal 0 0 -1
    outer loop
      vertex -41.7877 174.319 573
      vertex -47.3639 176.764 573
      vertex -40.9659 174.847 573
    endloop
  endfacet
  facet normal 0 0 -1
    outer loop
      vertex -42.3456 173.516 573
      vertex -47.3639 176.764 573
      vertex -41.7877 174.319 573
    endloop
  endfacet
  facet normal 0 0 -1
    outer loop
      vertex -42.5547 172.561 573
      vertex -47.3639 176.764 573
      vertex -42.3456 173.516 573
    endloop
  endfacet
  facet normal 0 0 -1
    outer loop
      vertex -42.5492 172.531 573
      vertex -47.3639 176.764 573
      vertex -42.5547 172.561 573
    endloop
  endfacet
  facet normal 0 0 -1
    outer loop
      vertex -57.4594 157.868 573
      vertex -47.3639 176.764 573
      vertex -43.4816 162.276 573
    endloop
  endfacet
  facet normal 0 0 -1
    outer loop
      vertex -57.4594 157.868 573
      vertex -62.5897 171.964 573
      vertex -47.3639 176.764 573
    endloop
  endfacet
  facet normal 0 0 -1
    outer loop
      vertex -75.6831 161.442 573
      vertex -57.4594 157.868 573
      vertex -70.9999 152.26 573
    endloop
  endfacet
  facet normal 0 0 -1
    outer loop
      vertex -75.6835 161.451 573
      vertex -57.4594 157.868 573
      vertex -75.6831 161.442 573
    endloop
  endfacet
  facet normal 0 0 -1
    outer loop
      vertex -75.7231 162.419 573
      vertex -57.4594 157.868 573
      vertex -75.6835 161.451 573
    endloop
  endfacet
  facet normal 0 0 -1
    outer loop
      vertex -57.4594 157.868 573
      vertex -75.7231 162.419 573
      vertex -62.5897 171.964 573
    endloop
  endfacet
  facet normal 0 0 -1
    outer loop
      vertex -76.1293 163.298 573
      vertex -62.5897 171.964 573
      vertex -75.7231 162.419 573
    endloop
  endfacet
  facet normal 0 0 -1
    outer loop
      vertex -76.133 163.306 573
      vertex -62.5897 171.964 573
      vertex -76.1293 163.298 573
    endloop
  endfacet
  facet normal 0 0 -1
    outer loop
      vertex -77.3391 165.854 573
      vertex -76.133 163.306 573
      vertex -76.1397 163.312 573
    endloop
  endfacet
  facet normal 0 0 -1
    outer loop
      vertex -77.3391 165.854 573
      vertex -76.1397 163.312 573
      vertex -76.8505 163.968 573
    endloop
  endfacet
  facet normal 0 0 -1
    outer loop
      vertex -76.133 163.306 573
      vertex -77.3391 165.854 573
      vertex -62.5897 171.964 573
    endloop
  endfacet
  facet normal 0 0 -1
    outer loop
      vertex -77.7663 164.304 573
      vertex -77.3391 165.854 573
      vertex -76.8505 163.968 573
    endloop
  endfacet
  facet normal 0 0 -1
    outer loop
      vertex -78.741 164.263 573
      vertex -77.3391 165.854 573
      vertex -77.7663 164.304 573
    endloop
  endfacet
  facet normal 0 0 -1
    outer loop
      vertex -79.6262 163.852 573
      vertex -77.3391 165.854 573
      vertex -78.741 164.263 573
    endloop
  endfacet
  facet normal 0 0 -1
    outer loop
      vertex -91.5 158.483 573
      vertex -80.2903 163.124 573
      vertex -80.6232 162.214 573
    endloop
  endfacet
  facet normal -0 0 -1
    outer loop
      vertex -79.6262 163.852 573
      vertex -91.5 158.483 573
      vertex -77.3391 165.854 573
    endloop
  endfacet
  facet normal -0 0 -1
    outer loop
      vertex -80.2871 163.132 573
      vertex -91.5 158.483 573
      vertex -79.6262 163.852 573
    endloop
  endfacet
  facet normal -0 0 -1
    outer loop
      vertex -80.2903 163.124 573
      vertex -91.5 158.483 573
      vertex -80.2871 163.132 573
    endloop
  endfacet
  facet normal -0 0 -1
    outer loop
      vertex -80.5836 161.246 573
      vertex -91.5 158.483 573
      vertex -80.6232 162.214 573
    endloop
  endfacet
  facet normal 0 0 -1
    outer loop
      vertex -96.3608 137.618 573
      vertex -91.5 158.483 573
      vertex -84 145.492 573
    endloop
  endfacet
  facet normal 0 0 -1
    outer loop
      vertex -96.3608 137.618 573
      vertex -104.964 149.905 573
      vertex -91.5 158.483 573
    endloop
  endfacet
  facet normal 0 0 -1
    outer loop
      vertex -108.596 137.181 573
      vertex -96.3608 137.618 573
      vertex -107.988 128.695 573
    endloop
  endfacet
  facet normal 0 0 -1
    outer loop
      vertex -108.667 139.097 573
      vertex -96.3608 137.618 573
      vertex -108.441 138.146 573
    endloop
  endfacet
  facet normal 0 0 -1
    outer loop
      vertex -96.3608 137.618 573
      vertex -108.667 139.097 573
      vertex -104.964 149.905 573
    endloop
  endfacet
  facet normal 0 0 -1
    outer loop
      vertex -109.239 139.889 573
      vertex -104.964 149.905 573
      vertex -108.667 139.097 573
    endloop
  endfacet
  facet normal 0 0 -1
    outer loop
      vertex -110.07 140.402 573
      vertex -104.964 149.905 573
      vertex -109.239 139.889 573
    endloop
  endfacet
  facet normal 0 0 -1
    outer loop
      vertex -111.033 140.556 573
      vertex -104.964 149.905 573
      vertex -110.07 140.402 573
    endloop
  endfacet
  facet normal 0 0 -1
    outer loop
      vertex -111.063 140.549 573
      vertex -104.964 149.905 573
      vertex -111.033 140.556 573
    endloop
  endfacet
  facet normal 0 0 -1
    outer loop
      vertex -111.982 140.33 573
      vertex -104.964 149.905 573
      vertex -111.063 140.549 573
    endloop
  endfacet
  facet normal 0 0 -1
    outer loop
      vertex -117.63 140.186 573
      vertex -111.982 140.33 573
      vertex -112.748 139.775 573
    endloop
  endfacet
  facet normal 0 0 -1
    outer loop
      vertex -117.63 140.186 573
      vertex -112.748 139.775 573
      vertex -112.772 139.757 573
    endloop
  endfacet
  facet normal -0 0 -1
    outer loop
      vertex -111.982 140.33 573
      vertex -117.63 140.186 573
      vertex -104.964 149.905 573
    endloop
  endfacet
  facet normal 0 0 -1
    outer loop
      vertex -113.283 138.925 573
      vertex -117.63 140.186 573
      vertex -112.772 139.757 573
    endloop
  endfacet
  facet normal 0 0 -1
    outer loop
      vertex -117.63 140.186 573
      vertex -113.283 138.925 573
      vertex -113.438 137.96 573
    endloop
  endfacet
  facet normal 0 0 -1
    outer loop
      vertex 15.9495 182.304 573
      vertex 2.24683 179.19 573
      vertex 2.26234 180.167 573
    endloop
  endfacet
  facet normal 0 0 -1
    outer loop
      vertex 14.6422 167.361 573
      vertex 1.85897 178.292 573
      vertex 2.24683 179.19 573
    endloop
  endfacet
  facet normal 0 0 -1
    outer loop
      vertex 14.6422 167.361 573
      vertex 1.85233 178.286 573
      vertex 1.85897 178.292 573
    endloop
  endfacet
  facet normal 0 0 -1
    outer loop
      vertex 0 168 573
      vertex 1.85233 178.286 573
      vertex 14.6422 167.361 573
    endloop
  endfacet
  facet normal 0 0 -1
    outer loop
      vertex 1.85233 178.286 573
      vertex 0 168 573
      vertex 1.1578 177.611 573
    endloop
  endfacet
  facet normal 0 0 -1
    outer loop
      vertex 1.1578 177.611 573
      vertex 0 168 573
      vertex 1.14909 177.607 573
    endloop
  endfacet
  facet normal 0 0 -1
    outer loop
      vertex 1.14909 177.607 573
      vertex 0 168 573
      vertex 0.250067 177.249 573
    endloop
  endfacet
  facet normal 0 0 -1
    outer loop
      vertex 0 168 573
      vertex -0.716492 177.262 573
      vertex 0.250067 177.249 573
    endloop
  endfacet
  facet normal 0 0 -1
    outer loop
      vertex 0 168 573
      vertex -0.726033 177.262 573
      vertex -0.716492 177.262 573
    endloop
  endfacet
  facet normal 0 0 -1
    outer loop
      vertex 0 168 573
      vertex -1.6219 177.648 573
      vertex -0.726033 177.262 573
    endloop
  endfacet
  facet normal 0 0 -1
    outer loop
      vertex -14.6422 167.361 573
      vertex -1.6219 177.648 573
      vertex 0 168 573
    endloop
  endfacet
  facet normal -0 0 -1
    outer loop
      vertex -1.6219 177.648 573
      vertex -14.6422 167.361 573
      vertex -2.2945 178.342 573
    endloop
  endfacet
  facet normal -0 0 -1
    outer loop
      vertex -2.2945 178.342 573
      vertex -14.6422 167.361 573
      vertex -2.30114 178.349 573
    endloop
  endfacet
  facet normal 0 0 -1
    outer loop
      vertex -15.9495 182.304 573
      vertex -2.30114 178.349 573
      vertex -14.6422 167.361 573
    endloop
  endfacet
  facet normal 0 0 -1
    outer loop
      vertex 15.9495 -182.304 573
      vertex 2.30114 -178.349 573
      vertex 14.6422 -167.361 573
    endloop
  endfacet
  facet normal 0 0 -1
    outer loop
      vertex 2.2945 -178.342 573
      vertex 14.6422 -167.361 573
      vertex 2.30114 -178.349 573
    endloop
  endfacet
  facet normal 0 0 -1
    outer loop
      vertex 1.6219 -177.648 573
      vertex 14.6422 -167.361 573
      vertex 2.2945 -178.342 573
    endloop
  endfacet
  facet normal 0 0 -1
    outer loop
      vertex 0 -168 573
      vertex 1.6219 -177.648 573
      vertex 0.726033 -177.262 573
    endloop
  endfacet
  facet normal 0 0 -1
    outer loop
      vertex 0 -168 573
      vertex 0.726033 -177.262 573
      vertex 0.716492 -177.262 573
    endloop
  endfacet
  facet normal 0 0 -1
    outer loop
      vertex 1.6219 -177.648 573
      vertex 0 -168 573
      vertex 14.6422 -167.361 573
    endloop
  endfacet
  facet normal 0 0 -1
    outer loop
      vertex -0.250067 -177.249 573
      vertex 0 -168 573
      vertex 0.716492 -177.262 573
    endloop
  endfacet
  facet normal 0 0 -1
    outer loop
      vertex -1.14909 -177.607 573
      vertex 0 -168 573
      vertex -0.250067 -177.249 573
    endloop
  endfacet
  facet normal 0 0 -1
    outer loop
      vertex -1.1578 -177.611 573
      vertex 0 -168 573
      vertex -1.14909 -177.607 573
    endloop
  endfacet
  facet normal 0 0 -1
    outer loop
      vertex -1.85233 -178.286 573
      vertex 0 -168 573
      vertex -1.1578 -177.611 573
    endloop
  endfacet
  facet normal 0 0 -1
    outer loop
      vertex -14.6422 -167.361 573
      vertex -1.85233 -178.286 573
      vertex -1.85897 -178.292 573
    endloop
  endfacet
  facet normal 0 0 -1
    outer loop
      vertex -14.6422 -167.361 573
      vertex -1.85897 -178.292 573
      vertex -2.24683 -179.19 573
    endloop
  endfacet
  facet normal 0 0 -1
    outer loop
      vertex -1.85233 -178.286 573
      vertex -14.6422 -167.361 573
      vertex 0 -168 573
    endloop
  endfacet
  facet normal 0 0 -1
    outer loop
      vertex -15.9495 -182.304 573
      vertex -2.24683 -179.19 573
      vertex -2.26234 -180.167 573
    endloop
  endfacet
  facet normal 0 0 -1
    outer loop
      vertex 47.3639 176.764 573
      vertex 41.2519 172.597 573
      vertex 41.2602 172.626 573
    endloop
  endfacet
  facet normal 0 0 -1
    outer loop
      vertex 47.3639 176.764 573
      vertex 40.9975 171.685 573
      vertex 41.2519 172.597 573
    endloop
  endfacet
  facet normal 0 0 -1
    outer loop
      vertex 43.4816 162.276 573
      vertex 40.9786 171.661 573
      vertex 40.9975 171.685 573
    endloop
  endfacet
  facet normal 0 0 -1
    outer loop
      vertex 43.4816 162.276 573
      vertex 40.3948 170.916 573
      vertex 40.9786 171.661 573
    endloop
  endfacet
  facet normal 0 0 -1
    outer loop
      vertex 43.4816 162.276 573
      vertex 39.5708 170.45 573
      vertex 40.3948 170.916 573
    endloop
  endfacet
  facet normal 0 0 -1
    outer loop
      vertex 43.4816 162.276 573
      vertex 39.544 170.434 573
      vertex 39.5708 170.45 573
    endloop
  endfacet
  facet normal 0 0 -1
    outer loop
      vertex 43.4816 162.276 573
      vertex 39.5133 170.431 573
      vertex 39.544 170.434 573
    endloop
  endfacet
  facet normal 0 0 -1
    outer loop
      vertex 43.4816 162.276 573
      vertex 38.5744 170.315 573
      vertex 39.5133 170.431 573
    endloop
  endfacet
  facet normal 0 0 -1
    outer loop
      vertex 43.4816 162.276 573
      vertex 38.5446 170.323 573
      vertex 38.5744 170.315 573
    endloop
  endfacet
  facet normal 0 0 -1
    outer loop
      vertex 29.1729 165.448 573
      vertex 38.5446 170.323 573
      vertex 43.4816 162.276 573
    endloop
  endfacet
  facet normal -0 0 -1
    outer loop
      vertex 38.5446 170.323 573
      vertex 29.1729 165.448 573
      vertex 37.6337 170.576 573
    endloop
  endfacet
  facet normal 0 0 -1
    outer loop
      vertex 29.1729 165.448 573
      vertex 36.382 172.057 573
      vertex 36.3857 172.026 573
    endloop
  endfacet
  facet normal -0 0 -1
    outer loop
      vertex 36.382 172.057 573
      vertex 29.1729 165.448 573
      vertex 36.2684 172.995 573
    endloop
  endfacet
  facet normal -0 0 -1
    outer loop
      vertex 37.6337 170.576 573
      vertex 29.1729 165.448 573
      vertex 36.8652 171.177 573
    endloop
  endfacet
  facet normal 0 0 -1
    outer loop
      vertex 29.1729 165.448 573
      vertex 36.401 171.999 573
      vertex 36.8652 171.177 573
    endloop
  endfacet
  facet normal 0 0 -1
    outer loop
      vertex 29.1729 165.448 573
      vertex 36.3857 172.026 573
      vertex 36.401 171.999 573
    endloop
  endfacet
  facet normal -0 0 -1
    outer loop
      vertex 36.2684 172.995 573
      vertex 29.1729 165.448 573
      vertex 31.7776 180.22 573
    endloop
  endfacet
  facet normal 0 0 -1
    outer loop
      vertex 29.1729 165.448 573
      vertex 15.9495 182.304 573
      vertex 31.7776 180.22 573
    endloop
  endfacet
  facet normal 0 0 -1
    outer loop
      vertex 14.6422 167.361 573
      vertex 15.9495 182.304 573
      vertex 29.1729 165.448 573
    endloop
  endfacet
  facet normal 0 0 -1
    outer loop
      vertex 2.24683 179.19 573
      vertex 15.9495 182.304 573
      vertex 14.6422 167.361 573
    endloop
  endfacet
  facet normal 0 0 -1
    outer loop
      vertex 1.90313 181.074 573
      vertex 15.9495 182.304 573
      vertex 2.26234 180.167 573
    endloop
  endfacet
  facet normal 0 0 -1
    outer loop
      vertex 1.22388 181.774 573
      vertex 15.9495 182.304 573
      vertex 1.90313 181.074 573
    endloop
  endfacet
  facet normal 0 0 -1
    outer loop
      vertex 0 183 573
      vertex 1.22388 181.774 573
      vertex 1.2157 181.778 573
    endloop
  endfacet
  facet normal 0 0 -1
    outer loop
      vertex 0 183 573
      vertex 1.2157 181.778 573
      vertex 0.328019 182.161 573
    endloop
  endfacet
  facet normal 0 0 -1
    outer loop
      vertex 1.22388 181.774 573
      vertex 0 183 573
      vertex 15.9495 182.304 573
    endloop
  endfacet
  facet normal 0 0 -1
    outer loop
      vertex -0.639066 182.174 573
      vertex 0 183 573
      vertex 0.328019 182.161 573
    endloop
  endfacet
  facet normal 0 0 -1
    outer loop
      vertex -0.648081 182.174 573
      vertex 0 183 573
      vertex -0.639066 182.174 573
    endloop
  endfacet
  facet normal 0 0 -1
    outer loop
      vertex -1.55581 181.812 573
      vertex 0 183 573
      vertex -0.648081 182.174 573
    endloop
  endfacet
  facet normal 0 0 -1
    outer loop
      vertex -15.9495 182.304 573
      vertex -2.64113 180.242 573
      vertex -2.64485 180.233 573
    endloop
  endfacet
  facet normal 0 0 -1
    outer loop
      vertex -2.30114 178.349 573
      vertex -15.9495 182.304 573
      vertex -2.66035 179.256 573
    endloop
  endfacet
  facet normal 0 0 -1
    outer loop
      vertex -2.66035 179.256 573
      vertex -15.9495 182.304 573
      vertex -2.64485 180.233 573
    endloop
  endfacet
  facet normal 0 0 -1
    outer loop
      vertex -1.55581 181.812 573
      vertex -15.9495 182.304 573
      vertex 0 183 573
    endloop
  endfacet
  facet normal 0 0 -1
    outer loop
      vertex -2.25699 181.131 573
      vertex -15.9495 182.304 573
      vertex -1.55581 181.812 573
    endloop
  endfacet
  facet normal 0 0 -1
    outer loop
      vertex -2.64113 180.242 573
      vertex -15.9495 182.304 573
      vertex -2.25699 181.131 573
    endloop
  endfacet
  facet normal 0 0 -1
    outer loop
      vertex -29.1729 165.448 573
      vertex -15.9495 182.304 573
      vertex -14.6422 167.361 573
    endloop
  endfacet
  facet normal 0 0 -1
    outer loop
      vertex -29.1729 165.448 573
      vertex -31.7776 180.22 573
      vertex -15.9495 182.304 573
    endloop
  endfacet
  facet normal 0 0 -1
    outer loop
      vertex -29.1729 165.448 573
      vertex -37.5539 172.471 573
      vertex -31.7776 180.22 573
    endloop
  endfacet
  facet normal 0 0 -1
    outer loop
      vertex -29.1729 165.448 573
      vertex -37.5605 172.441 573
      vertex -37.5539 172.471 573
    endloop
  endfacet
  facet normal 0 0 -1
    outer loop
      vertex -29.1729 165.448 573
      vertex -37.763 171.516 573
      vertex -37.5605 172.441 573
    endloop
  endfacet
  facet normal 0 0 -1
    outer loop
      vertex -29.1729 165.448 573
      vertex -38.3032 170.739 573
      vertex -37.763 171.516 573
    endloop
  endfacet
  facet normal 0 0 -1
    outer loop
      vertex -29.1729 165.448 573
      vertex -38.3209 170.714 573
      vertex -38.3032 170.739 573
    endloop
  endfacet
  facet normal 0 0 -1
    outer loop
      vertex -29.1729 165.448 573
      vertex -38.3468 170.697 573
      vertex -38.3209 170.714 573
    endloop
  endfacet
  facet normal 0 0 -1
    outer loop
      vertex -29.1729 165.448 573
      vertex -39.1426 170.185 573
      vertex -38.3468 170.697 573
    endloop
  endfacet
  facet normal 0 0 -1
    outer loop
      vertex -43.4816 162.276 573
      vertex -39.1426 170.185 573
      vertex -29.1729 165.448 573
    endloop
  endfacet
  facet normal 0 0 -1
    outer loop
      vertex -39.1426 170.185 573
      vertex -43.4816 162.276 573
      vertex -40.0727 170.018 573
    endloop
  endfacet
  facet normal 0 0 -1
    outer loop
      vertex -40.0727 170.018 573
      vertex -43.4816 162.276 573
      vertex -40.1032 170.012 573
    endloop
  endfacet
  facet normal 0 0 -1
    outer loop
      vertex -47.3639 176.764 573
      vertex -42.3831 171.6 573
      vertex -43.4816 162.276 573
    endloop
  endfacet
  facet normal 0 0 -1
    outer loop
      vertex -42.3831 171.6 573
      vertex -47.3639 176.764 573
      vertex -42.5492 172.531 573
    endloop
  endfacet
  facet normal -0 0 -1
    outer loop
      vertex -41.8569 170.777 573
      vertex -43.4816 162.276 573
      vertex -42.3831 171.6 573
    endloop
  endfacet
  facet normal -0 0 -1
    outer loop
      vertex -41.0818 170.238 573
      vertex -43.4816 162.276 573
      vertex -41.8569 170.777 573
    endloop
  endfacet
  facet normal -0 0 -1
    outer loop
      vertex -41.0564 170.22 573
      vertex -43.4816 162.276 573
      vertex -41.0818 170.238 573
    endloop
  endfacet
  facet normal -0 0 -1
    outer loop
      vertex -40.1032 170.012 573
      vertex -43.4816 162.276 573
      vertex -41.0564 170.22 573
    endloop
  endfacet
  facet normal 0 0 -1
    outer loop
      vertex 42.3831 -171.6 573
      vertex 47.3639 -176.764 573
      vertex 42.5492 -172.531 573
    endloop
  endfacet
  facet normal 0 0 -1
    outer loop
      vertex 47.3639 -176.764 573
      vertex 42.3831 -171.6 573
      vertex 43.4816 -162.276 573
    endloop
  endfacet
  facet normal 0 0 -1
    outer loop
      vertex 41.8569 -170.777 573
      vertex 43.4816 -162.276 573
      vertex 42.3831 -171.6 573
    endloop
  endfacet
  facet normal 0 0 -1
    outer loop
      vertex 41.0818 -170.238 573
      vertex 43.4816 -162.276 573
      vertex 41.8569 -170.777 573
    endloop
  endfacet
  facet normal 0 0 -1
    outer loop
      vertex 41.0564 -170.22 573
      vertex 43.4816 -162.276 573
      vertex 41.0818 -170.238 573
    endloop
  endfacet
  facet normal 0 0 -1
    outer loop
      vertex 40.1032 -170.012 573
      vertex 43.4816 -162.276 573
      vertex 41.0564 -170.22 573
    endloop
  endfacet
  facet normal 0 0 -1
    outer loop
      vertex 40.0727 -170.018 573
      vertex 43.4816 -162.276 573
      vertex 40.1032 -170.012 573
    endloop
  endfacet
  facet normal 0 0 -1
    outer loop
      vertex 39.1426 -170.185 573
      vertex 43.4816 -162.276 573
      vertex 40.0727 -170.018 573
    endloop
  endfacet
  facet normal 0 0 -1
    outer loop
      vertex 29.1729 -165.448 573
      vertex 39.1426 -170.185 573
      vertex 38.3468 -170.697 573
    endloop
  endfacet
  facet normal 0 0 -1
    outer loop
      vertex 29.1729 -165.448 573
      vertex 38.3468 -170.697 573
      vertex 38.3209 -170.714 573
    endloop
  endfacet
  facet normal 0 0 -1
    outer loop
      vertex 29.1729 -165.448 573
      vertex 38.3209 -170.714 573
      vertex 38.3032 -170.739 573
    endloop
  endfacet
  facet normal 0 0 -1
    outer loop
      vertex 29.1729 -165.448 573
      vertex 38.3032 -170.739 573
      vertex 37.763 -171.516 573
    endloop
  endfacet
  facet normal 0 0 -1
    outer loop
      vertex 29.1729 -165.448 573
      vertex 37.5539 -172.471 573
      vertex 31.7776 -180.22 573
    endloop
  endfacet
  facet normal 0 0 -1
    outer loop
      vertex 37.5539 -172.471 573
      vertex 29.1729 -165.448 573
      vertex 37.5605 -172.441 573
    endloop
  endfacet
  facet normal 0 0 -1
    outer loop
      vertex 37.5605 -172.441 573
      vertex 29.1729 -165.448 573
      vertex 37.763 -171.516 573
    endloop
  endfacet
  facet normal 0 0 -1
    outer loop
      vertex 39.1426 -170.185 573
      vertex 29.1729 -165.448 573
      vertex 43.4816 -162.276 573
    endloop
  endfacet
  facet normal 0 0 -1
    outer loop
      vertex 15.9495 -182.304 573
      vertex 29.1729 -165.448 573
      vertex 31.7776 -180.22 573
    endloop
  endfacet
  facet normal 0 0 -1
    outer loop
      vertex 15.9495 -182.304 573
      vertex 14.6422 -167.361 573
      vertex 29.1729 -165.448 573
    endloop
  endfacet
  facet normal 0 0 -1
    outer loop
      vertex 2.30114 -178.349 573
      vertex 15.9495 -182.304 573
      vertex 2.66035 -179.256 573
    endloop
  endfacet
  facet normal 0 0 -1
    outer loop
      vertex 15.9495 -182.304 573
      vertex 2.64485 -180.233 573
      vertex 2.66035 -179.256 573
    endloop
  endfacet
  facet normal 0 0 -1
    outer loop
      vertex 15.9495 -182.304 573
      vertex 2.64113 -180.242 573
      vertex 2.64485 -180.233 573
    endloop
  endfacet
  facet normal 0 0 -1
    outer loop
      vertex 15.9495 -182.304 573
      vertex 2.25699 -181.131 573
      vertex 2.64113 -180.242 573
    endloop
  endfacet
  facet normal 0 0 -1
    outer loop
      vertex 15.9495 -182.304 573
      vertex 1.55581 -181.812 573
      vertex 2.25699 -181.131 573
    endloop
  endfacet
  facet normal 0 0 -1
    outer loop
      vertex 0 -183 573
      vertex 1.55581 -181.812 573
      vertex 15.9495 -182.304 573
    endloop
  endfacet
  facet normal 0 0 -1
    outer loop
      vertex 1.55581 -181.812 573
      vertex 0 -183 573
      vertex 0.648081 -182.174 573
    endloop
  endfacet
  facet normal 0 0 -1
    outer loop
      vertex 0 -183 573
      vertex 0.639066 -182.174 573
      vertex 0.648081 -182.174 573
    endloop
  endfacet
  facet normal 0 0 -1
    outer loop
      vertex 0 -183 573
      vertex -0.328019 -182.161 573
      vertex 0.639066 -182.174 573
    endloop
  endfacet
  facet normal 0 0 -1
    outer loop
      vertex 0 -183 573
      vertex -1.2157 -181.778 573
      vertex -0.328019 -182.161 573
    endloop
  endfacet
  facet normal 0 0 -1
    outer loop
      vertex 0 -183 573
      vertex -1.22388 -181.774 573
      vertex -1.2157 -181.778 573
    endloop
  endfacet
  facet normal 0 0 -1
    outer loop
      vertex -15.9495 -182.304 573
      vertex -2.26234 -180.167 573
      vertex -1.90313 -181.074 573
    endloop
  endfacet
  facet normal 0 0 -1
    outer loop
      vertex -15.9495 -182.304 573
      vertex -1.22388 -181.774 573
      vertex 0 -183 573
    endloop
  endfacet
  facet normal 0 0 -1
    outer loop
      vertex -15.9495 -182.304 573
      vertex -1.90313 -181.074 573
      vertex -1.22388 -181.774 573
    endloop
  endfacet
  facet normal -0 0 -1
    outer loop
      vertex -2.24683 -179.19 573
      vertex -15.9495 -182.304 573
      vertex -14.6422 -167.361 573
    endloop
  endfacet
  facet normal 0 0 -1
    outer loop
      vertex -15.9495 -182.304 573
      vertex -29.1729 -165.448 573
      vertex -14.6422 -167.361 573
    endloop
  endfacet
  facet normal 0 0 -1
    outer loop
      vertex -31.7776 -180.22 573
      vertex -29.1729 -165.448 573
      vertex -15.9495 -182.304 573
    endloop
  endfacet
  facet normal 0 0 -1
    outer loop
      vertex -36.2684 -172.995 573
      vertex -29.1729 -165.448 573
      vertex -31.7776 -180.22 573
    endloop
  endfacet
  facet normal 0 0 -1
    outer loop
      vertex -36.382 -172.057 573
      vertex -29.1729 -165.448 573
      vertex -36.2684 -172.995 573
    endloop
  endfacet
  facet normal 0 0 -1
    outer loop
      vertex -36.3857 -172.026 573
      vertex -29.1729 -165.448 573
      vertex -36.382 -172.057 573
    endloop
  endfacet
  facet normal 0 0 -1
    outer loop
      vertex -36.401 -171.999 573
      vertex -29.1729 -165.448 573
      vertex -36.3857 -172.026 573
    endloop
  endfacet
  facet normal 0 0 -1
    outer loop
      vertex -36.8652 -171.177 573
      vertex -29.1729 -165.448 573
      vertex -36.401 -171.999 573
    endloop
  endfacet
  facet normal 0 0 -1
    outer loop
      vertex -37.6337 -170.576 573
      vertex -29.1729 -165.448 573
      vertex -36.8652 -171.177 573
    endloop
  endfacet
  facet normal 0 0 -1
    outer loop
      vertex -38.5446 -170.323 573
      vertex -29.1729 -165.448 573
      vertex -37.6337 -170.576 573
    endloop
  endfacet
  facet normal 0 0 -1
    outer loop
      vertex -43.4816 -162.276 573
      vertex -38.5446 -170.323 573
      vertex -38.5744 -170.315 573
    endloop
  endfacet
  facet normal 0 0 -1
    outer loop
      vertex -43.4816 -162.276 573
      vertex -38.5744 -170.315 573
      vertex -39.5133 -170.431 573
    endloop
  endfacet
  facet normal 0 0 -1
    outer loop
      vertex -43.4816 -162.276 573
      vertex -39.5133 -170.431 573
      vertex -39.544 -170.434 573
    endloop
  endfacet
  facet normal 0 0 -1
    outer loop
      vertex -43.4816 -162.276 573
      vertex -39.5708 -170.45 573
      vertex -40.3948 -170.916 573
    endloop
  endfacet
  facet normal 0 0 -1
    outer loop
      vertex -38.5446 -170.323 573
      vertex -43.4816 -162.276 573
      vertex -29.1729 -165.448 573
    endloop
  endfacet
  facet normal 0 0 -1
    outer loop
      vertex -39.5708 -170.45 573
      vertex -43.4816 -162.276 573
      vertex -39.544 -170.434 573
    endloop
  endfacet
  facet normal 0 0 -1
    outer loop
      vertex -40.9786 -171.661 573
      vertex -43.4816 -162.276 573
      vertex -40.3948 -170.916 573
    endloop
  endfacet
  facet normal 0 0 -1
    outer loop
      vertex -40.9975 -171.685 573
      vertex -43.4816 -162.276 573
      vertex -40.9786 -171.661 573
    endloop
  endfacet
  facet normal 0 0 -1
    outer loop
      vertex -41.2519 -172.597 573
      vertex -43.4816 -162.276 573
      vertex -40.9975 -171.685 573
    endloop
  endfacet
  facet normal 0 0 -1
    outer loop
      vertex -43.4816 -162.276 573
      vertex -41.2519 -172.597 573
      vertex -41.2602 -172.626 573
    endloop
  endfacet
  facet normal 0 0 -1
    outer loop
      vertex 91.5 158.483 573
      vertex 80.2792 162.308 573
      vertex 80.2798 162.317 573
    endloop
  endfacet
  facet normal 0 0 -1
    outer loop
      vertex 91.5 158.483 573
      vertex 80.2096 161.343 573
      vertex 80.2792 162.308 573
    endloop
  endfacet
  facet normal 0 0 -1
    outer loop
      vertex 91.5 158.483 573
      vertex 79.7759 160.478 573
      vertex 80.2096 161.343 573
    endloop
  endfacet
  facet normal 0 0 -1
    outer loop
      vertex 91.5 158.483 573
      vertex 79.7718 160.469 573
      vertex 79.7759 160.478 573
    endloop
  endfacet
  facet normal 0 0 -1
    outer loop
      vertex 91.5 158.483 573
      vertex 79.0329 159.829 573
      vertex 79.7718 160.469 573
    endloop
  endfacet
  facet normal 0 0 -1
    outer loop
      vertex 84 145.492 573
      vertex 79.0241 159.826 573
      vertex 79.0329 159.829 573
    endloop
  endfacet
  facet normal 0 0 -1
    outer loop
      vertex 84 145.492 573
      vertex 78.1055 159.519 573
      vertex 79.0241 159.826 573
    endloop
  endfacet
  facet normal 0 0 -1
    outer loop
      vertex 70.9999 152.26 573
      vertex 78.1055 159.519 573
      vertex 84 145.492 573
    endloop
  endfacet
  facet normal -0 0 -1
    outer loop
      vertex 78.1055 159.519 573
      vertex 70.9999 152.26 573
      vertex 77.1308 159.587 573
    endloop
  endfacet
  facet normal -0 0 -1
    outer loop
      vertex 77.1308 159.587 573
      vertex 70.9999 152.26 573
      vertex 76.2656 160.019 573
    endloop
  endfacet
  facet normal -0 0 -1
    outer loop
      vertex 76.2656 160.019 573
      vertex 70.9999 152.26 573
      vertex 76.2571 160.023 573
    endloop
  endfacet
  facet normal -0 0 -1
    outer loop
      vertex 76.2571 160.023 573
      vertex 70.9999 152.26 573
      vertex 75.6238 160.752 573
    endloop
  endfacet
  facet normal -0 0 -1
    outer loop
      vertex 75.6145 160.768 573
      vertex 70.9999 152.26 573
      vertex 75.3093 161.685 573
    endloop
  endfacet
  facet normal -0 0 -1
    outer loop
      vertex 75.6175 160.759 573
      vertex 70.9999 152.26 573
      vertex 75.6145 160.768 573
    endloop
  endfacet
  facet normal -0 0 -1
    outer loop
      vertex 75.6238 160.752 573
      vertex 70.9999 152.26 573
      vertex 75.6175 160.759 573
    endloop
  endfacet
  facet normal 0 0 -1
    outer loop
      vertex 117.63 -140.186 573
      vertex 113.283 -138.925 573
      vertex 113.438 -137.96 573
    endloop
  endfacet
  facet normal 0 0 -1
    outer loop
      vertex 117.63 -140.186 573
      vertex 112.772 -139.757 573
      vertex 113.283 -138.925 573
    endloop
  endfacet
  facet normal 0 0 -1
    outer loop
      vertex 117.63 -140.186 573
      vertex 112.748 -139.775 573
      vertex 112.772 -139.757 573
    endloop
  endfacet
  facet normal -0 0 -1
    outer loop
      vertex 117.63 -140.186 573
      vertex 111.982 -140.33 573
      vertex 112.748 -139.775 573
    endloop
  endfacet
  facet normal 0 0 -1
    outer loop
      vertex 104.964 -149.905 573
      vertex 111.982 -140.33 573
      vertex 117.63 -140.186 573
    endloop
  endfacet
  facet normal 0 0 -1
    outer loop
      vertex 111.982 -140.33 573
      vertex 104.964 -149.905 573
      vertex 111.063 -140.549 573
    endloop
  endfacet
  facet normal 0 0 -1
    outer loop
      vertex 111.063 -140.549 573
      vertex 104.964 -149.905 573
      vertex 111.033 -140.556 573
    endloop
  endfacet
  facet normal 0 0 -1
    outer loop
      vertex 104.964 -149.905 573
      vertex 110.07 -140.402 573
      vertex 111.033 -140.556 573
    endloop
  endfacet
  facet normal 0 0 -1
    outer loop
      vertex 104.964 -149.905 573
      vertex 109.239 -139.889 573
      vertex 110.07 -140.402 573
    endloop
  endfacet
  facet normal 0 0 -1
    outer loop
      vertex 104.964 -149.905 573
      vertex 108.667 -139.097 573
      vertex 109.239 -139.889 573
    endloop
  endfacet
  facet normal 0 0 -1
    outer loop
      vertex 96.3608 -137.618 573
      vertex 108.667 -139.097 573
      vertex 104.964 -149.905 573
    endloop
  endfacet
  facet normal 0 0 -1
    outer loop
      vertex 108.667 -139.097 573
      vertex 96.3608 -137.618 573
      vertex 108.441 -138.146 573
    endloop
  endfacet
  facet normal 0 0 -1
    outer loop
      vertex 108.441 -138.146 573
      vertex 96.3608 -137.618 573
      vertex 107.988 -128.695 573
    endloop
  endfacet
  facet normal 0 0 -1
    outer loop
      vertex 91.5 -158.483 573
      vertex 96.3608 -137.618 573
      vertex 104.964 -149.905 573
    endloop
  endfacet
  facet normal 0 0 -1
    outer loop
      vertex 91.5 -158.483 573
      vertex 84 -145.492 573
      vertex 96.3608 -137.618 573
    endloop
  endfacet
  facet normal 0 0 -1
    outer loop
      vertex 80.5836 -161.246 573
      vertex 91.5 -158.483 573
      vertex 80.6232 -162.214 573
    endloop
  endfacet
  facet normal 0 0 -1
    outer loop
      vertex 91.5 -158.483 573
      vertex 80.2903 -163.124 573
      vertex 80.6232 -162.214 573
    endloop
  endfacet
  facet normal 0 0 -1
    outer loop
      vertex 91.5 -158.483 573
      vertex 80.2871 -163.132 573
      vertex 80.2903 -163.124 573
    endloop
  endfacet
  facet normal 0 0 -1
    outer loop
      vertex 91.5 -158.483 573
      vertex 79.6262 -163.852 573
      vertex 80.2871 -163.132 573
    endloop
  endfacet
  facet normal 0 0 -1
    outer loop
      vertex 77.3391 -165.854 573
      vertex 79.6262 -163.852 573
      vertex 91.5 -158.483 573
    endloop
  endfacet
  facet normal 0 0 -1
    outer loop
      vertex 79.6262 -163.852 573
      vertex 77.3391 -165.854 573
      vertex 78.741 -164.263 573
    endloop
  endfacet
  facet normal 0 0 -1
    outer loop
      vertex 77.3391 -165.854 573
      vertex 77.7663 -164.304 573
      vertex 78.741 -164.263 573
    endloop
  endfacet
  facet normal 0 0 -1
    outer loop
      vertex 77.3391 -165.854 573
      vertex 76.8505 -163.968 573
      vertex 77.7663 -164.304 573
    endloop
  endfacet
  facet normal 0 0 -1
    outer loop
      vertex 77.3391 -165.854 573
      vertex 76.1397 -163.312 573
      vertex 76.8505 -163.968 573
    endloop
  endfacet
  facet normal 0 0 -1
    outer loop
      vertex 77.3391 -165.854 573
      vertex 76.133 -163.306 573
      vertex 76.1397 -163.312 573
    endloop
  endfacet
  facet normal 0 0 -1
    outer loop
      vertex 57.4594 -157.868 573
      vertex 75.6835 -161.451 573
      vertex 75.7231 -162.419 573
    endloop
  endfacet
  facet normal 0 0 -1
    outer loop
      vertex 75.6835 -161.451 573
      vertex 57.4594 -157.868 573
      vertex 75.6831 -161.442 573
    endloop
  endfacet
  facet normal 0 0 -1
    outer loop
      vertex 62.5897 -171.964 573
      vertex 75.7231 -162.419 573
      vertex 76.1293 -163.298 573
    endloop
  endfacet
  facet normal 0 0 -1
    outer loop
      vertex 62.5897 -171.964 573
      vertex 76.1293 -163.298 573
      vertex 76.133 -163.306 573
    endloop
  endfacet
  facet normal 0 0 -1
    outer loop
      vertex 62.5897 -171.964 573
      vertex 76.133 -163.306 573
      vertex 77.3391 -165.854 573
    endloop
  endfacet
  facet normal -0 0 -1
    outer loop
      vertex 75.7231 -162.419 573
      vertex 62.5897 -171.964 573
      vertex 57.4594 -157.868 573
    endloop
  endfacet
  facet normal 0 0 -1
    outer loop
      vertex 75.6831 -161.442 573
      vertex 57.4594 -157.868 573
      vertex 70.9999 -152.26 573
    endloop
  endfacet
  facet normal 0 0 -1
    outer loop
      vertex 47.3639 -176.764 573
      vertex 57.4594 -157.868 573
      vertex 62.5897 -171.964 573
    endloop
  endfacet
  facet normal 0 0 -1
    outer loop
      vertex 47.3639 -176.764 573
      vertex 43.4816 -162.276 573
      vertex 57.4594 -157.868 573
    endloop
  endfacet
  facet normal 0 0 -1
    outer loop
      vertex 42.5492 -172.531 573
      vertex 47.3639 -176.764 573
      vertex 42.5547 -172.561 573
    endloop
  endfacet
  facet normal 0 0 -1
    outer loop
      vertex 47.3639 -176.764 573
      vertex 42.3456 -173.516 573
      vertex 42.5547 -172.561 573
    endloop
  endfacet
  facet normal 0 0 -1
    outer loop
      vertex 47.3639 -176.764 573
      vertex 41.7877 -174.319 573
      vertex 42.3456 -173.516 573
    endloop
  endfacet
  facet normal 0 0 -1
    outer loop
      vertex 47.3639 -176.764 573
      vertex 40.9659 -174.847 573
      vertex 41.7877 -174.319 573
    endloop
  endfacet
  facet normal 0 0 -1
    outer loop
      vertex 47.3639 -176.764 573
      vertex 40.9359 -174.852 573
      vertex 40.9659 -174.847 573
    endloop
  endfacet
  facet normal 0 0 -1
    outer loop
      vertex 47.3639 -176.764 573
      vertex 40.0054 -175.02 573
      vertex 40.9359 -174.852 573
    endloop
  endfacet
  facet normal 0 0 -1
    outer loop
      vertex 31.7776 -180.22 573
      vertex 40.0054 -175.02 573
      vertex 47.3639 -176.764 573
    endloop
  endfacet
  facet normal -0 0 -1
    outer loop
      vertex 37.5593 -172.501 573
      vertex 31.7776 -180.22 573
      vertex 37.5539 -172.471 573
    endloop
  endfacet
  facet normal -0 0 -1
    outer loop
      vertex 37.7255 -173.433 573
      vertex 31.7776 -180.22 573
      vertex 37.5593 -172.501 573
    endloop
  endfacet
  facet normal -0 0 -1
    outer loop
      vertex 38.2517 -174.255 573
      vertex 31.7776 -180.22 573
      vertex 37.7255 -173.433 573
    endloop
  endfacet
  facet normal -0 0 -1
    outer loop
      vertex 39.0273 -174.795 573
      vertex 31.7776 -180.22 573
      vertex 38.2517 -174.255 573
    endloop
  endfacet
  facet normal -0 0 -1
    outer loop
      vertex 39.0522 -174.812 573
      vertex 31.7776 -180.22 573
      vertex 39.0273 -174.795 573
    endloop
  endfacet
  facet normal -0 0 -1
    outer loop
      vertex 40.0054 -175.02 573
      vertex 31.7776 -180.22 573
      vertex 39.0522 -174.812 573
    endloop
  endfacet
  facet normal 0 0 -1
    outer loop
      vertex 112.327 139.496 573
      vertex 117.63 140.186 573
      vertex 112.388 138.553 573
    endloop
  endfacet
  facet normal 0 0 -1
    outer loop
      vertex 112.325 139.526 573
      vertex 117.63 140.186 573
      vertex 112.327 139.496 573
    endloop
  endfacet
  facet normal 0 0 -1
    outer loop
      vertex 111.893 140.401 573
      vertex 117.63 140.186 573
      vertex 112.325 139.526 573
    endloop
  endfacet
  facet normal 0 0 -1
    outer loop
      vertex 111.159 141.044 573
      vertex 117.63 140.186 573
      vertex 111.893 140.401 573
    endloop
  endfacet
  facet normal 0 0 -1
    outer loop
      vertex 104.964 149.905 573
      vertex 111.159 141.044 573
      vertex 111.13 141.053 573
    endloop
  endfacet
  facet normal 0 0 -1
    outer loop
      vertex 104.964 149.905 573
      vertex 111.13 141.053 573
      vertex 110.234 141.357 573
    endloop
  endfacet
  facet normal 0 0 -1
    outer loop
      vertex 111.159 141.044 573
      vertex 104.964 149.905 573
      vertex 117.63 140.186 573
    endloop
  endfacet
  facet normal 0 0 -1
    outer loop
      vertex 109.258 141.293 573
      vertex 104.964 149.905 573
      vertex 110.234 141.357 573
    endloop
  endfacet
  facet normal 0 0 -1
    outer loop
      vertex 108.381 140.861 573
      vertex 104.964 149.905 573
      vertex 109.258 141.293 573
    endloop
  endfacet
  facet normal 0 0 -1
    outer loop
      vertex 107.737 140.127 573
      vertex 104.964 149.905 573
      vertex 108.381 140.861 573
    endloop
  endfacet
  facet normal 0 0 -1
    outer loop
      vertex 96.3608 137.618 573
      vertex 107.737 140.127 573
      vertex 107.422 139.203 573
    endloop
  endfacet
  facet normal 0 0 -1
    outer loop
      vertex 80.5832 -161.237 573
      vertex 91.5 -158.483 573
      vertex 80.5836 -161.246 573
    endloop
  endfacet
  facet normal 0 0 -1
    outer loop
      vertex 80.5793 -161.229 573
      vertex 91.5 -158.483 573
      vertex 80.5832 -161.237 573
    endloop
  endfacet
  facet normal 0 0 -1
    outer loop
      vertex 80.1733 -160.35 573
      vertex 91.5 -158.483 573
      vertex 80.5793 -161.229 573
    endloop
  endfacet
  facet normal 0 0 -1
    outer loop
      vertex 79.4629 -159.695 573
      vertex 91.5 -158.483 573
      vertex 80.1733 -160.35 573
    endloop
  endfacet
  facet normal 0 0 -1
    outer loop
      vertex 79.4558 -159.688 573
      vertex 91.5 -158.483 573
      vertex 79.4629 -159.695 573
    endloop
  endfacet
  facet normal -0 0 -1
    outer loop
      vertex 91.5 -158.483 573
      vertex 79.4558 -159.688 573
      vertex 84 -145.492 573
    endloop
  endfacet
  facet normal 0 0 -1
    outer loop
      vertex 78.54 -159.352 573
      vertex 84 -145.492 573
      vertex 79.4558 -159.688 573
    endloop
  endfacet
  facet normal 0 0 -1
    outer loop
      vertex 70.9999 -152.26 573
      vertex 78.54 -159.352 573
      vertex 77.5654 -159.393 573
    endloop
  endfacet
  facet normal 0 0 -1
    outer loop
      vertex 70.9999 -152.26 573
      vertex 77.5654 -159.393 573
      vertex 76.6802 -159.804 573
    endloop
  endfacet
  facet normal 0 0 -1
    outer loop
      vertex 70.9999 -152.26 573
      vertex 76.6802 -159.804 573
      vertex 76.0256 -160.517 573
    endloop
  endfacet
  facet normal 0 0 -1
    outer loop
      vertex 70.9999 -152.26 573
      vertex 76.0256 -160.517 573
      vertex 76.0192 -160.524 573
    endloop
  endfacet
  facet normal 0 0 -1
    outer loop
      vertex 78.54 -159.352 573
      vertex 70.9999 -152.26 573
      vertex 84 -145.492 573
    endloop
  endfacet
  facet normal 0 0 -1
    outer loop
      vertex 70.9999 -152.26 573
      vertex 76.0192 -160.524 573
      vertex 75.6831 -161.442 573
    endloop
  endfacet
  facet normal 0 0 -1
    outer loop
      vertex 149.905 104.964 573
      vertex 142.879 112.369 573
      vertex 142.88 112.378 573
    endloop
  endfacet
  facet normal 0 0 -1
    outer loop
      vertex 149.905 104.964 573
      vertex 142.756 111.41 573
      vertex 142.879 112.369 573
    endloop
  endfacet
  facet normal 0 0 -1
    outer loop
      vertex 149.905 104.964 573
      vertex 142.752 111.402 573
      vertex 142.756 111.41 573
    endloop
  endfacet
  facet normal 0 0 -1
    outer loop
      vertex 149.905 104.964 573
      vertex 142.27 110.563 573
      vertex 142.752 111.402 573
    endloop
  endfacet
  facet normal 0 -0 -1
    outer loop
      vertex 140.553 109.71 573
      vertex 149.905 104.964 573
      vertex 137.618 96.3608 573
    endloop
  endfacet
  facet normal 0 0 -1
    outer loop
      vertex 149.905 104.964 573
      vertex 141.504 109.972 573
      vertex 142.27 110.563 573
    endloop
  endfacet
  facet normal 0 0 -1
    outer loop
      vertex 149.905 104.964 573
      vertex 141.497 109.966 573
      vertex 141.504 109.972 573
    endloop
  endfacet
  facet normal 0 0 -1
    outer loop
      vertex 149.905 104.964 573
      vertex 140.553 109.71 573
      vertex 141.497 109.966 573
    endloop
  endfacet
  facet normal -0 0 -1
    outer loop
      vertex 140.553 109.71 573
      vertex 137.618 96.3608 573
      vertex 139.583 109.833 573
    endloop
  endfacet
  facet normal -0 0 -1
    outer loop
      vertex 139.583 109.833 573
      vertex 137.618 96.3608 573
      vertex 138.743 110.313 573
    endloop
  endfacet
  facet normal 0 0 -1
    outer loop
      vertex 128.695 107.988 573
      vertex 138.743 110.313 573
      vertex 137.618 96.3608 573
    endloop
  endfacet
  facet normal -0 0 -1
    outer loop
      vertex 138.743 110.313 573
      vertex 128.695 107.988 573
      vertex 138.735 110.317 573
    endloop
  endfacet
  facet normal -0 0 -1
    outer loop
      vertex 138.735 110.317 573
      vertex 128.695 107.988 573
      vertex 138.729 110.325 573
    endloop
  endfacet
  facet normal -0 0 -1
    outer loop
      vertex 138.729 110.325 573
      vertex 128.695 107.988 573
      vertex 138.137 111.089 573
    endloop
  endfacet
  facet normal -0 0 -1
    outer loop
      vertex 138.137 111.089 573
      vertex 128.695 107.988 573
      vertex 137.882 112.021 573
    endloop
  endfacet
  facet normal 0 0 -1
    outer loop
      vertex 143.021 -111.169 573
      vertex 149.905 -104.964 573
      vertex 143.022 -111.178 573
    endloop
  endfacet
  facet normal 0 0 -1
    outer loop
      vertex 142.561 -110.306 573
      vertex 149.905 -104.964 573
      vertex 143.021 -111.169 573
    endloop
  endfacet
  facet normal 0 0 -1
    outer loop
      vertex 142.554 -110.3 573
      vertex 149.905 -104.964 573
      vertex 142.561 -110.306 573
    endloop
  endfacet
  facet normal 0 0 -1
    outer loop
      vertex 141.807 -109.685 573
      vertex 149.905 -104.964 573
      vertex 142.554 -110.3 573
    endloop
  endfacet
  facet normal 0 0 -1
    outer loop
      vertex 140.882 -109.402 573
      vertex 149.905 -104.964 573
      vertex 141.807 -109.685 573
    endloop
  endfacet
  facet normal 0 0 -1
    outer loop
      vertex 140.873 -109.399 573
      vertex 149.905 -104.964 573
      vertex 140.882 -109.402 573
    endloop
  endfacet
  facet normal -0 0 -1
    outer loop
      vertex 149.905 -104.964 573
      vertex 140.873 -109.399 573
      vertex 137.618 -96.3608 573
    endloop
  endfacet
  facet normal 0 0 -1
    outer loop
      vertex 137.618 -96.3608 573
      vertex 140.873 -109.399 573
      vertex 139.902 -109.494 573
    endloop
  endfacet
  facet normal 0 0 -1
    outer loop
      vertex 137.618 -96.3608 573
      vertex 139.902 -109.494 573
      vertex 139.042 -109.954 573
    endloop
  endfacet
  facet normal 0 0 -1
    outer loop
      vertex 128.695 -107.988 573
      vertex 139.042 -109.954 573
      vertex 138.423 -110.708 573
    endloop
  endfacet
  facet normal 0 0 -1
    outer loop
      vertex 128.695 -107.988 573
      vertex 138.423 -110.708 573
      vertex 138.14 -111.644 573
    endloop
  endfacet
  facet normal 0 0 -1
    outer loop
      vertex 149.905 -104.964 573
      vertex 137.618 -96.3608 573
      vertex 145.492 -84 573
    endloop
  endfacet
  facet normal 0 0 -1
    outer loop
      vertex 165.854 77.3391 573
      vertex 161.374 76.068 573
      vertex 161.74 76.9725 573
    endloop
  endfacet
  facet normal 0 -0 -1
    outer loop
      vertex 159.79 74.9908 573
      vertex 171.964 62.5897 573
      vertex 157.868 57.4594 573
    endloop
  endfacet
  facet normal 0 0 -1
    outer loop
      vertex 171.964 62.5897 573
      vertex 160.69 75.3721 573
      vertex 161.374 76.068 573
    endloop
  endfacet
  facet normal 0 0 -1
    outer loop
      vertex 171.964 62.5897 573
      vertex 159.79 74.9908 573
      vertex 160.69 75.3721 573
    endloop
  endfacet
  facet normal 0 0 -1
    outer loop
      vertex 152.26 70.9999 573
      vertex 159.79 74.9908 573
      vertex 157.868 57.4594 573
    endloop
  endfacet
  facet normal 0 0 -1
    outer loop
      vertex 159.79 74.9908 573
      vertex 152.26 70.9999 573
      vertex 158.813 74.9821 573
    endloop
  endfacet
  facet normal -0 0 -1
    outer loop
      vertex 158.813 74.9821 573
      vertex 152.26 70.9999 573
      vertex 158.784 74.9936 573
    endloop
  endfacet
  facet normal -0 0 -1
    outer loop
      vertex 158.784 74.9936 573
      vertex 152.26 70.9999 573
      vertex 157.906 75.3474 573
    endloop
  endfacet
  facet normal -0 0 -1
    outer loop
      vertex 157.906 75.3474 573
      vertex 152.26 70.9999 573
      vertex 157.208 76.0311 573
    endloop
  endfacet
  facet normal -0 0 -1
    outer loop
      vertex 156.826 76.929 573
      vertex 152.26 70.9999 573
      vertex 156.816 77.9045 573
    endloop
  endfacet
  facet normal -0 0 -1
    outer loop
      vertex 157.208 76.0311 573
      vertex 152.26 70.9999 573
      vertex 156.826 76.929 573
    endloop
  endfacet
  facet normal 0 0 -1
    outer loop
      vertex 162.276 43.4816 573
      vertex 172.861 39.1978 573
      vertex 165.448 29.1729 573
    endloop
  endfacet
  facet normal 0 0 -1
    outer loop
      vertex 172.861 39.1978 573
      vertex 162.276 43.4816 573
      vertex 172.656 40.1524 573
    endloop
  endfacet
  facet normal 0 0 -1
    outer loop
      vertex 172.656 40.1524 573
      vertex 162.276 43.4816 573
      vertex 171.964 62.5897 573
    endloop
  endfacet
  facet normal 0 0 -1
    outer loop
      vertex 157.868 57.4594 573
      vertex 171.964 62.5897 573
      vertex 162.276 43.4816 573
    endloop
  endfacet
  facet normal 0 0 -1
    outer loop
      vertex 161.374 76.068 573
      vertex 165.854 77.3391 573
      vertex 171.964 62.5897 573
    endloop
  endfacet
  facet normal 0 0 -1
    outer loop
      vertex 161.73 77.948 573
      vertex 165.854 77.3391 573
      vertex 161.74 76.9725 573
    endloop
  endfacet
  facet normal 0 0 -1
    outer loop
      vertex 161.359 78.8178 573
      vertex 165.854 77.3391 573
      vertex 161.73 77.948 573
    endloop
  endfacet
  facet normal 0 0 -1
    outer loop
      vertex 161.347 78.8459 573
      vertex 165.854 77.3391 573
      vertex 161.359 78.8178 573
    endloop
  endfacet
  facet normal 0 0 -1
    outer loop
      vertex 161.326 78.8673 573
      vertex 165.854 77.3391 573
      vertex 161.347 78.8459 573
    endloop
  endfacet
  facet normal 0 0 -1
    outer loop
      vertex 160.65 79.5296 573
      vertex 165.854 77.3391 573
      vertex 161.326 78.8673 573
    endloop
  endfacet
  facet normal 0 0 -1
    outer loop
      vertex 160.65 79.5296 573
      vertex 158.483 91.5 573
      vertex 165.854 77.3391 573
    endloop
  endfacet
  facet normal 0 0 -1
    outer loop
      vertex 159.743 79.8949 573
      vertex 158.483 91.5 573
      vertex 160.65 79.5296 573
    endloop
  endfacet
  facet normal 0 0 -1
    outer loop
      vertex 158.765 79.8862 573
      vertex 158.483 91.5 573
      vertex 159.743 79.8949 573
    endloop
  endfacet
  facet normal 0 0 -1
    outer loop
      vertex 158.737 79.8742 573
      vertex 158.483 91.5 573
      vertex 158.765 79.8862 573
    endloop
  endfacet
  facet normal 0 0 -1
    outer loop
      vertex 157.866 79.5049 573
      vertex 158.483 91.5 573
      vertex 158.737 79.8742 573
    endloop
  endfacet
  facet normal 0 0 -1
    outer loop
      vertex 145.492 84 573
      vertex 157.866 79.5049 573
      vertex 157.182 78.809 573
    endloop
  endfacet
  facet normal 0 0 -1
    outer loop
      vertex 145.492 84 573
      vertex 157.182 78.809 573
      vertex 156.816 77.9045 573
    endloop
  endfacet
  facet normal 0 0 -1
    outer loop
      vertex 145.492 84 573
      vertex 156.816 77.9045 573
      vertex 152.26 70.9999 573
    endloop
  endfacet
  facet normal 0 0 -1
    outer loop
      vertex 157.866 79.5049 573
      vertex 145.492 84 573
      vertex 158.483 91.5 573
    endloop
  endfacet
  facet normal -0 0 -1
    outer loop
      vertex 158.483 91.5 573
      vertex 145.492 84 573
      vertex 149.905 104.964 573
    endloop
  endfacet
  facet normal 0 0 -1
    outer loop
      vertex 137.618 96.3608 573
      vertex 149.905 104.964 573
      vertex 145.492 84 573
    endloop
  endfacet
  facet normal 0 0 -1
    outer loop
      vertex 142.623 113.319 573
      vertex 149.905 104.964 573
      vertex 142.88 112.378 573
    endloop
  endfacet
  facet normal 0 0 -1
    outer loop
      vertex 140.186 117.63 573
      vertex 142.623 113.319 573
      vertex 142.025 114.09 573
    endloop
  endfacet
  facet normal 0 0 -1
    outer loop
      vertex 140.186 117.63 573
      vertex 142.017 114.095 573
      vertex 141.177 114.575 573
    endloop
  endfacet
  facet normal 0 0 -1
    outer loop
      vertex 140.186 117.63 573
      vertex 140.216 114.697 573
      vertex 140.207 114.698 573
    endloop
  endfacet
  facet normal 0 0 -1
    outer loop
      vertex 142.623 113.319 573
      vertex 140.186 117.63 573
      vertex 149.905 104.964 573
    endloop
  endfacet
  facet normal 0 0 -1
    outer loop
      vertex 142.017 114.095 573
      vertex 140.186 117.63 573
      vertex 142.025 114.09 573
    endloop
  endfacet
  facet normal 0 0 -1
    outer loop
      vertex 140.216 114.697 573
      vertex 140.186 117.63 573
      vertex 141.177 114.575 573
    endloop
  endfacet
  facet normal 0 0 -1
    outer loop
      vertex 140.198 114.695 573
      vertex 140.186 117.63 573
      vertex 140.207 114.698 573
    endloop
  endfacet
  facet normal 0 0 -1
    outer loop
      vertex 139.263 114.441 573
      vertex 140.186 117.63 573
      vertex 140.198 114.695 573
    endloop
  endfacet
  facet normal 0 0 -1
    outer loop
      vertex 138.497 113.85 573
      vertex 140.186 117.63 573
      vertex 139.263 114.441 573
    endloop
  endfacet
  facet normal 0 0 -1
    outer loop
      vertex 138.49 113.844 573
      vertex 140.186 117.63 573
      vertex 138.497 113.85 573
    endloop
  endfacet
  facet normal 0 0 -1
    outer loop
      vertex 129.401 129.401 573
      vertex 138.49 113.844 573
      vertex 138.485 113.836 573
    endloop
  endfacet
  facet normal 0 0 -1
    outer loop
      vertex 118.794 118.794 573
      vertex 138.485 113.836 573
      vertex 138.004 112.998 573
    endloop
  endfacet
  facet normal 0 0 -1
    outer loop
      vertex 128.695 107.988 573
      vertex 137.881 112.04 573
      vertex 137.88 112.03 573
    endloop
  endfacet
  facet normal 0 0 -1
    outer loop
      vertex 138.49 113.844 573
      vertex 129.401 129.401 573
      vertex 140.186 117.63 573
    endloop
  endfacet
  facet normal -0 0 -1
    outer loop
      vertex 137.881 112.04 573
      vertex 128.695 107.988 573
      vertex 138.004 112.998 573
    endloop
  endfacet
  facet normal -0 0 -1
    outer loop
      vertex 137.882 112.021 573
      vertex 128.695 107.988 573
      vertex 137.88 112.03 573
    endloop
  endfacet
  facet normal 0 0 -1
    outer loop
      vertex 118.794 118.794 573
      vertex 138.004 112.998 573
      vertex 128.695 107.988 573
    endloop
  endfacet
  facet normal 0 0 -1
    outer loop
      vertex 138.485 113.836 573
      vertex 118.794 118.794 573
      vertex 129.401 129.401 573
    endloop
  endfacet
  facet normal 0 0 -1
    outer loop
      vertex 111.429 136.895 573
      vertex 129.401 129.401 573
      vertex 118.794 118.794 573
    endloop
  endfacet
  facet normal 0 0 -1
    outer loop
      vertex 129.401 129.401 573
      vertex 111.429 136.895 573
      vertex 117.63 140.186 573
    endloop
  endfacet
  facet normal 0 0 -1
    outer loop
      vertex 117.63 140.186 573
      vertex 112.074 137.629 573
      vertex 112.388 138.553 573
    endloop
  endfacet
  facet normal 0 0 -1
    outer loop
      vertex 117.63 140.186 573
      vertex 111.429 136.895 573
      vertex 112.074 137.629 573
    endloop
  endfacet
  facet normal 0 0 -1
    outer loop
      vertex 107.988 128.695 573
      vertex 111.429 136.895 573
      vertex 118.794 118.794 573
    endloop
  endfacet
  facet normal 0 0 -1
    outer loop
      vertex 111.429 136.895 573
      vertex 107.988 128.695 573
      vertex 111.401 136.881 573
    endloop
  endfacet
  facet normal 0 0 -1
    outer loop
      vertex 111.401 136.881 573
      vertex 107.988 128.695 573
      vertex 110.552 136.463 573
    endloop
  endfacet
  facet normal 0 0 -1
    outer loop
      vertex 110.552 136.463 573
      vertex 107.988 128.695 573
      vertex 109.607 136.401 573
    endloop
  endfacet
  facet normal 0 0 -1
    outer loop
      vertex 109.607 136.401 573
      vertex 107.988 128.695 573
      vertex 109.577 136.399 573
    endloop
  endfacet
  facet normal -0 0 -1
    outer loop
      vertex 109.577 136.399 573
      vertex 107.988 128.695 573
      vertex 109.547 136.409 573
    endloop
  endfacet
  facet normal -0 0 -1
    outer loop
      vertex 109.547 136.409 573
      vertex 107.988 128.695 573
      vertex 108.651 136.712 573
    endloop
  endfacet
  facet normal 0 0 -1
    outer loop
      vertex 107.988 128.695 573
      vertex 107.94 137.334 573
      vertex 108.651 136.712 573
    endloop
  endfacet
  facet normal 0 0 -1
    outer loop
      vertex 107.988 128.695 573
      vertex 107.917 137.355 573
      vertex 107.94 137.334 573
    endloop
  endfacet
  facet normal 0 0 -1
    outer loop
      vertex 96.3608 137.618 573
      vertex 107.917 137.355 573
      vertex 107.988 128.695 573
    endloop
  endfacet
  facet normal 0 0 -1
    outer loop
      vertex 107.917 137.355 573
      vertex 96.3608 137.618 573
      vertex 107.485 138.23 573
    endloop
  endfacet
  facet normal -0 0 -1
    outer loop
      vertex 107.485 138.23 573
      vertex 96.3608 137.618 573
      vertex 107.424 139.172 573
    endloop
  endfacet
  facet normal -0 0 -1
    outer loop
      vertex 107.424 139.172 573
      vertex 96.3608 137.618 573
      vertex 107.422 139.203 573
    endloop
  endfacet
  facet normal -0 0 -1
    outer loop
      vertex 107.737 140.127 573
      vertex 96.3608 137.618 573
      vertex 104.964 149.905 573
    endloop
  endfacet
  facet normal 0 0 -1
    outer loop
      vertex 96.3608 137.618 573
      vertex 91.5 158.483 573
      vertex 104.964 149.905 573
    endloop
  endfacet
  facet normal 0 0 -1
    outer loop
      vertex 84 145.492 573
      vertex 91.5 158.483 573
      vertex 96.3608 137.618 573
    endloop
  endfacet
  facet normal 0 0 -1
    outer loop
      vertex 79.0329 159.829 573
      vertex 91.5 158.483 573
      vertex 84 145.492 573
    endloop
  endfacet
  facet normal 0 0 -1
    outer loop
      vertex 80.277 162.325 573
      vertex 91.5 158.483 573
      vertex 80.2798 162.317 573
    endloop
  endfacet
  facet normal 0 0 -1
    outer loop
      vertex 79.9717 163.242 573
      vertex 91.5 158.483 573
      vertex 80.277 162.325 573
    endloop
  endfacet
  facet normal 0 0 -1
    outer loop
      vertex 79.9658 163.249 573
      vertex 91.5 158.483 573
      vertex 79.9717 163.242 573
    endloop
  endfacet
  facet normal 0 0 -1
    outer loop
      vertex 79.3321 163.979 573
      vertex 91.5 158.483 573
      vertex 79.9658 163.249 573
    endloop
  endfacet
  facet normal 0 0 -1
    outer loop
      vertex 77.3391 165.854 573
      vertex 79.3321 163.979 573
      vertex 78.4665 164.41 573
    endloop
  endfacet
  facet normal 0 0 -1
    outer loop
      vertex 77.3391 165.854 573
      vertex 78.4665 164.41 573
      vertex 78.4584 164.414 573
    endloop
  endfacet
  facet normal 0 0 -1
    outer loop
      vertex 79.3321 163.979 573
      vertex 77.3391 165.854 573
      vertex 91.5 158.483 573
    endloop
  endfacet
  facet normal 0 0 -1
    outer loop
      vertex 78.4494 164.415 573
      vertex 77.3391 165.854 573
      vertex 78.4584 164.414 573
    endloop
  endfacet
  facet normal 0 0 -1
    outer loop
      vertex 77.4837 164.482 573
      vertex 77.3391 165.854 573
      vertex 78.4494 164.415 573
    endloop
  endfacet
  facet normal 0 0 -1
    outer loop
      vertex 76.5563 164.173 573
      vertex 77.3391 165.854 573
      vertex 77.4837 164.482 573
    endloop
  endfacet
  facet normal 0 0 -1
    outer loop
      vertex 75.8245 163.538 573
      vertex 77.3391 165.854 573
      vertex 76.5563 164.173 573
    endloop
  endfacet
  facet normal 0 0 -1
    outer loop
      vertex 75.8174 163.532 573
      vertex 77.3391 165.854 573
      vertex 75.8245 163.538 573
    endloop
  endfacet
  facet normal 0 0 -1
    outer loop
      vertex 57.4594 157.868 573
      vertex 75.3788 162.649 573
      vertex 75.3093 161.685 573
    endloop
  endfacet
  facet normal 0 0 -1
    outer loop
      vertex 57.4594 157.868 573
      vertex 75.3093 161.685 573
      vertex 70.9999 152.26 573
    endloop
  endfacet
  facet normal 0 0 -1
    outer loop
      vertex 75.8174 163.532 573
      vertex 62.5897 171.964 573
      vertex 77.3391 165.854 573
    endloop
  endfacet
  facet normal 0 0 -1
    outer loop
      vertex 75.3838 162.667 573
      vertex 62.5897 171.964 573
      vertex 75.8174 163.532 573
    endloop
  endfacet
  facet normal 0 0 -1
    outer loop
      vertex 75.3795 162.659 573
      vertex 62.5897 171.964 573
      vertex 75.3838 162.667 573
    endloop
  endfacet
  facet normal 0 -0 -1
    outer loop
      vertex 62.5897 171.964 573
      vertex 75.3788 162.649 573
      vertex 57.4594 157.868 573
    endloop
  endfacet
  facet normal 0 0 -1
    outer loop
      vertex 75.3788 162.649 573
      vertex 62.5897 171.964 573
      vertex 75.3795 162.659 573
    endloop
  endfacet
  facet normal 0 0 -1
    outer loop
      vertex 57.4594 157.868 573
      vertex 47.3639 176.764 573
      vertex 62.5897 171.964 573
    endloop
  endfacet
  facet normal 0 0 -1
    outer loop
      vertex 43.4816 162.276 573
      vertex 47.3639 176.764 573
      vertex 57.4594 157.868 573
    endloop
  endfacet
  facet normal 0 0 -1
    outer loop
      vertex 40.9975 171.685 573
      vertex 47.3639 176.764 573
      vertex 43.4816 162.276 573
    endloop
  endfacet
  facet normal 0 0 -1
    outer loop
      vertex 41.2565 172.656 573
      vertex 47.3639 176.764 573
      vertex 41.2602 172.626 573
    endloop
  endfacet
  facet normal 0 0 -1
    outer loop
      vertex 41.1428 173.595 573
      vertex 47.3639 176.764 573
      vertex 41.2565 172.656 573
    endloop
  endfacet
  facet normal 0 0 -1
    outer loop
      vertex 40.6784 174.418 573
      vertex 47.3639 176.764 573
      vertex 41.1428 173.595 573
    endloop
  endfacet
  facet normal 0 0 -1
    outer loop
      vertex 40.6634 174.445 573
      vertex 47.3639 176.764 573
      vertex 40.6784 174.418 573
    endloop
  endfacet
  facet normal 0 0 -1
    outer loop
      vertex 39.8949 175.045 573
      vertex 47.3639 176.764 573
      vertex 40.6634 174.445 573
    endloop
  endfacet
  facet normal 0 0 -1
    outer loop
      vertex 39.8655 175.054 573
      vertex 47.3639 176.764 573
      vertex 39.8949 175.045 573
    endloop
  endfacet
  facet normal 0 0 -1
    outer loop
      vertex 38.9542 175.306 573
      vertex 47.3639 176.764 573
      vertex 39.8655 175.054 573
    endloop
  endfacet
  facet normal 0 0 -1
    outer loop
      vertex 31.7776 180.22 573
      vertex 38.9542 175.306 573
      vertex 38.9239 175.302 573
    endloop
  endfacet
  facet normal 0 0 -1
    outer loop
      vertex 31.7776 180.22 573
      vertex 38.9239 175.302 573
      vertex 37.9846 175.187 573
    endloop
  endfacet
  facet normal 0 0 -1
    outer loop
      vertex 31.7776 180.22 573
      vertex 37.1148 174.681 573
      vertex 36.5311 173.936 573
    endloop
  endfacet
  facet normal 0 0 -1
    outer loop
      vertex 38.9542 175.306 573
      vertex 31.7776 180.22 573
      vertex 47.3639 176.764 573
    endloop
  endfacet
  facet normal 0 0 -1
    outer loop
      vertex 37.1605 174.721 573
      vertex 31.7776 180.22 573
      vertex 37.9846 175.187 573
    endloop
  endfacet
  facet normal 0 0 -1
    outer loop
      vertex 37.1337 174.706 573
      vertex 31.7776 180.22 573
      vertex 37.1605 174.721 573
    endloop
  endfacet
  facet normal 0 0 -1
    outer loop
      vertex 37.1148 174.681 573
      vertex 31.7776 180.22 573
      vertex 37.1337 174.706 573
    endloop
  endfacet
  facet normal 0 0 -1
    outer loop
      vertex 31.7776 180.22 573
      vertex 36.5311 173.936 573
      vertex 36.2684 172.995 573
    endloop
  endfacet
  facet normal 0 0 -1
    outer loop
      vertex 161.446 -74.3196 573
      vertex 165.854 -77.3391 573
      vertex 162.062 -75.0784 573
    endloop
  endfacet
  facet normal 0 0 -1
    outer loop
      vertex 171.964 -62.5897 573
      vertex 162.276 -43.4816 573
      vertex 165.448 -29.1729 573
    endloop
  endfacet
  facet normal 0 0 -1
    outer loop
      vertex 165.854 -77.3391 573
      vertex 161.446 -74.3196 573
      vertex 171.964 -62.5897 573
    endloop
  endfacet
  facet normal 0 0 -1
    outer loop
      vertex 160.587 -73.8541 573
      vertex 171.964 -62.5897 573
      vertex 161.446 -74.3196 573
    endloop
  endfacet
  facet normal -0 0 -1
    outer loop
      vertex 171.964 -62.5897 573
      vertex 160.587 -73.8541 573
      vertex 157.868 -57.4594 573
    endloop
  endfacet
  facet normal 0 0 -1
    outer loop
      vertex 157.868 -57.4594 573
      vertex 160.587 -73.8541 573
      vertex 160.557 -73.8509 573
    endloop
  endfacet
  facet normal 0 0 -1
    outer loop
      vertex 157.868 -57.4594 573
      vertex 160.557 -73.8509 573
      vertex 159.616 -73.7529 573
    endloop
  endfacet
  facet normal 0 0 -1
    outer loop
      vertex 152.26 -70.9999 573
      vertex 159.616 -73.7529 573
      vertex 158.711 -74.0224 573
    endloop
  endfacet
  facet normal 0 0 -1
    outer loop
      vertex 152.26 -70.9999 573
      vertex 158.711 -74.0224 573
      vertex 158.682 -74.0312 573
    endloop
  endfacet
  facet normal 0 0 -1
    outer loop
      vertex 152.26 -70.9999 573
      vertex 158.682 -74.0312 573
      vertex 157.925 -74.6468 573
    endloop
  endfacet
  facet normal 0 0 -1
    outer loop
      vertex 171.964 -62.5897 573
      vertex 157.868 -57.4594 573
      vertex 162.276 -43.4816 573
    endloop
  endfacet
  facet normal 0 0 -1
    outer loop
      vertex 152.26 -70.9999 573
      vertex 157.925 -74.6468 573
      vertex 157.461 -75.5059 573
    endloop
  endfacet
  facet normal 0 0 -1
    outer loop
      vertex 152.26 -70.9999 573
      vertex 157.461 -75.5059 573
      vertex 157.365 -76.447 573
    endloop
  endfacet
  facet normal 0 0 -1
    outer loop
      vertex 152.26 -70.9999 573
      vertex 157.365 -76.447 573
      vertex 157.362 -76.4777 573
    endloop
  endfacet
  facet normal 0 0 -1
    outer loop
      vertex 159.616 -73.7529 573
      vertex 152.26 -70.9999 573
      vertex 157.868 -57.4594 573
    endloop
  endfacet
  facet normal 0 0 -1
    outer loop
      vertex 180.22 31.7776 573
      vertex 177.665 40.206 573
      vertex 177.666 40.2148 573
    endloop
  endfacet
  facet normal 0 0 -1
    outer loop
      vertex 180.22 31.7776 573
      vertex 177.489 39.2554 573
      vertex 177.665 40.206 573
    endloop
  endfacet
  facet normal 0 0 -1
    outer loop
      vertex 180.22 31.7776 573
      vertex 176.958 38.4374 573
      vertex 177.489 39.2554 573
    endloop
  endfacet
  facet normal 0 0 -1
    outer loop
      vertex 167.361 14.6422 573
      vertex 176.728 3.13595 573
      vertex 176.699 3.12549 573
    endloop
  endfacet
  facet normal 0 0 -1
    outer loop
      vertex 167.361 14.6422 573
      vertex 176.699 3.12549 573
      vertex 175.81 2.80595 573
    endloop
  endfacet
  facet normal 0 0 -1
    outer loop
      vertex 175.111 2.17035 573
      vertex 167.361 14.6422 573
      vertex 175.81 2.80595 573
    endloop
  endfacet
  facet normal 0 0 -1
    outer loop
      vertex 180.22 31.7776 573
      vertex 176.153 37.8852 573
      vertex 176.958 38.4374 573
    endloop
  endfacet
  facet normal 0 0 -1
    outer loop
      vertex 176.728 3.13595 573
      vertex 167.361 14.6422 573
      vertex 182.304 15.9495 573
    endloop
  endfacet
  facet normal 0 0 -1
    outer loop
      vertex 180.22 31.7776 573
      vertex 175.206 37.6848 573
      vertex 176.153 37.8852 573
    endloop
  endfacet
  facet normal 0 0 -1
    outer loop
      vertex 180.22 31.7776 573
      vertex 175.197 37.6829 573
      vertex 175.206 37.6848 573
    endloop
  endfacet
  facet normal 0 0 -1
    outer loop
      vertex 175.088 2.14949 573
      vertex 167.361 14.6422 573
      vertex 175.111 2.17035 573
    endloop
  endfacet
  facet normal 0 0 -1
    outer loop
      vertex 167.361 14.6422 573
      vertex 175.088 2.14949 573
      vertex 168 0 573
    endloop
  endfacet
  facet normal 0 0 -1
    outer loop
      vertex 168 0 573
      vertex 175.088 2.14949 573
      vertex 174.686 1.29456 573
    endloop
  endfacet
  facet normal 0 0 -1
    outer loop
      vertex 168 0 573
      vertex 174.686 1.29456 573
      vertex 174.673 1.26651 573
    endloop
  endfacet
  facet normal 0 0 -1
    outer loop
      vertex 168 0 573
      vertex 174.673 1.26651 573
      vertex 174.63 0.322348 573
    endloop
  endfacet
  facet normal 0 0 -1
    outer loop
      vertex 168 0 573
      vertex 174.63 0.322348 573
      vertex 174.629 0.291441 573
    endloop
  endfacet
  facet normal 0 0 -1
    outer loop
      vertex 174.981 -0.650107 573
      vertex 168 0 573
      vertex 174.961 -0.62728 573
    endloop
  endfacet
  facet normal 0 0 -1
    outer loop
      vertex 165.448 -29.1729 573
      vertex 174.389 -37.4429 573
      vertex 174.381 -37.4478 573
    endloop
  endfacet
  facet normal 0 0 -1
    outer loop
      vertex 180.22 31.7776 573
      vertex 174.245 37.8597 573
      vertex 175.197 37.6829 573
    endloop
  endfacet
  facet normal 0 0 -1
    outer loop
      vertex 174.961 -0.62728 573
      vertex 168 0 573
      vertex 174.95 -0.598249 573
    endloop
  endfacet
  facet normal 0 0 -1
    outer loop
      vertex 167.361 14.6422 573
      vertex 180.22 31.7776 573
      vertex 182.304 15.9495 573
    endloop
  endfacet
  facet normal 0 0 -1
    outer loop
      vertex 165.448 -29.1729 573
      vertex 174.381 -37.4478 573
      vertex 173.555 -37.9493 573
    endloop
  endfacet
  facet normal 0 0 -1
    outer loop
      vertex 165.448 -29.1729 573
      vertex 173.555 -37.9493 573
      vertex 173.55 -37.957 573
    endloop
  endfacet
  facet normal 0 0 -1
    outer loop
      vertex 180.22 31.7776 573
      vertex 174.236 37.8614 573
      vertex 174.245 37.8597 573
    endloop
  endfacet
  facet normal 0 0 -1
    outer loop
      vertex 165.448 -29.1729 573
      vertex 173.55 -37.957 573
      vertex 172.98 -38.7367 573
    endloop
  endfacet
  facet normal 0 0 -1
    outer loop
      vertex 165.448 29.1729 573
      vertex 180.22 31.7776 573
      vertex 167.361 14.6422 573
    endloop
  endfacet
  facet normal 0 0 -1
    outer loop
      vertex 165.448 -29.1729 573
      vertex 172.98 -38.7367 573
      vertex 172.752 -39.6762 573
    endloop
  endfacet
  facet normal 0 0 -1
    outer loop
      vertex 165.448 -29.1729 573
      vertex 172.752 -39.6762 573
      vertex 172.749 -39.6854 573
    endloop
  endfacet
  facet normal -0 0 -1
    outer loop
      vertex 180.22 31.7776 573
      vertex 165.448 29.1729 573
      vertex 174.236 37.8614 573
    endloop
  endfacet
  facet normal 0 0 -1
    outer loop
      vertex 178.398 -1.48277 573
      vertex 183 0 573
      vertex 182.304 -15.9495 573
    endloop
  endfacet
  facet normal 0 0 -1
    outer loop
      vertex 174.389 -37.4429 573
      vertex 180.22 -31.7776 573
      vertex 174.399 -37.4414 573
    endloop
  endfacet
  facet normal 0 0 -1
    outer loop
      vertex 183 0 573
      vertex 179.534 0.0566634 573
      vertex 179.577 1.00125 573
    endloop
  endfacet
  facet normal 0 0 -1
    outer loop
      vertex 179.247 1.95046 573
      vertex 183 0 573
      vertex 179.257 1.92164 573
    endloop
  endfacet
  facet normal 0 0 -1
    outer loop
      vertex 179.257 1.92164 573
      vertex 183 0 573
      vertex 179.579 1.03173 573
    endloop
  endfacet
  facet normal 0 0 -1
    outer loop
      vertex 183 0 573
      vertex 179.577 1.00125 573
      vertex 179.579 1.03173 573
    endloop
  endfacet
  facet normal -0 0 -1
    outer loop
      vertex 183 0 573
      vertex 179.132 -0.798784 573
      vertex 179.534 0.0566634 573
    endloop
  endfacet
  facet normal 0 0 -1
    outer loop
      vertex 183 0 573
      vertex 179.119 -0.826315 573
      vertex 179.132 -0.798784 573
    endloop
  endfacet
  facet normal 0 0 -1
    outer loop
      vertex 183 0 573
      vertex 178.398 -1.48277 573
      vertex 179.119 -0.826315 573
    endloop
  endfacet
  facet normal 0 0 -1
    outer loop
      vertex 177.6 -38.9402 573
      vertex 180.22 -31.7776 573
      vertex 177.751 -39.9057 573
    endloop
  endfacet
  facet normal 0 0 -1
    outer loop
      vertex 176.764 -47.3639 573
      vertex 177.751 -39.9057 573
      vertex 180.22 -31.7776 573
    endloop
  endfacet
  facet normal 0 0 -1
    outer loop
      vertex 177.751 -39.9057 573
      vertex 176.764 -47.3639 573
      vertex 177.52 -40.8544 573
    endloop
  endfacet
  facet normal 0 0 -1
    outer loop
      vertex 176.764 -47.3639 573
      vertex 176.945 -41.6418 573
      vertex 177.52 -40.8544 573
    endloop
  endfacet
  facet normal 0 0 -1
    outer loop
      vertex 176.764 -47.3639 573
      vertex 176.937 -41.6465 573
      vertex 176.945 -41.6418 573
    endloop
  endfacet
  facet normal 0 0 -1
    outer loop
      vertex 176.764 -47.3639 573
      vertex 176.111 -42.1482 573
      vertex 176.937 -41.6465 573
    endloop
  endfacet
  facet normal 0 0 -1
    outer loop
      vertex 176.764 -47.3639 573
      vertex 175.155 -42.2951 573
      vertex 176.111 -42.1482 573
    endloop
  endfacet
  facet normal 0 0 -1
    outer loop
      vertex 176.764 -47.3639 573
      vertex 175.146 -42.2965 573
      vertex 175.155 -42.2951 573
    endloop
  endfacet
  facet normal 0 0 -1
    outer loop
      vertex 176.764 -47.3639 573
      vertex 175.137 -42.2943 573
      vertex 175.146 -42.2965 573
    endloop
  endfacet
  facet normal 0 0 -1
    outer loop
      vertex 176.764 -47.3639 573
      vertex 174.197 -42.0639 573
      vertex 175.137 -42.2943 573
    endloop
  endfacet
  facet normal 0 0 -1
    outer loop
      vertex 176.764 -47.3639 573
      vertex 173.416 -41.4916 573
      vertex 174.197 -42.0639 573
    endloop
  endfacet
  facet normal 0 0 -1
    outer loop
      vertex 176.764 -47.3639 573
      vertex 173.408 -41.4861 573
      vertex 173.416 -41.4916 573
    endloop
  endfacet
  facet normal 0 0 -1
    outer loop
      vertex 171.964 -62.5897 573
      vertex 173.408 -41.4861 573
      vertex 176.764 -47.3639 573
    endloop
  endfacet
  facet normal 0 0 -1
    outer loop
      vertex 172.9 -40.6509 573
      vertex 165.448 -29.1729 573
      vertex 172.749 -39.6854 573
    endloop
  endfacet
  facet normal 0 0 -1
    outer loop
      vertex 165.448 -29.1729 573
      vertex 172.9 -40.6509 573
      vertex 171.964 -62.5897 573
    endloop
  endfacet
  facet normal -0 0 -1
    outer loop
      vertex 173.408 -41.4861 573
      vertex 171.964 -62.5897 573
      vertex 172.9 -40.6509 573
    endloop
  endfacet
  facet normal 0 0 -1
    outer loop
      vertex 179.226 1.97312 573
      vertex 183 0 573
      vertex 179.247 1.95046 573
    endloop
  endfacet
  facet normal 0 0 -1
    outer loop
      vertex 178.588 2.67296 573
      vertex 183 0 573
      vertex 179.226 1.97312 573
    endloop
  endfacet
  facet normal 0 0 -1
    outer loop
      vertex 183 0 573
      vertex 178.588 2.67296 573
      vertex 182.304 15.9495 573
    endloop
  endfacet
  facet normal 0 0 -1
    outer loop
      vertex 177.704 3.08925 573
      vertex 182.304 15.9495 573
      vertex 178.588 2.67296 573
    endloop
  endfacet
  facet normal 0 0 -1
    outer loop
      vertex 176.759 3.13447 573
      vertex 182.304 15.9495 573
      vertex 177.704 3.08925 573
    endloop
  endfacet
  facet normal 0 0 -1
    outer loop
      vertex 176.728 3.13595 573
      vertex 182.304 15.9495 573
      vertex 176.759 3.13447 573
    endloop
  endfacet
  facet normal 0 0 1
    outer loop
      vertex 176.764 47.3639 573
      vertex 177.666 40.2148 573
      vertex 177.665 40.2235 573
    endloop
  endfacet
  facet normal 0 0 -1
    outer loop
      vertex 176.764 47.3639 573
      vertex 177.665 40.2235 573
      vertex 177.462 41.1693 573
    endloop
  endfacet
  facet normal 0 0 -1
    outer loop
      vertex 177.666 40.2148 573
      vertex 176.764 47.3639 573
      vertex 180.22 31.7776 573
    endloop
  endfacet
  facet normal 0 0 -1
    outer loop
      vertex 176.908 41.9739 573
      vertex 176.764 47.3639 573
      vertex 177.462 41.1693 573
    endloop
  endfacet
  facet normal 0 0 -1
    outer loop
      vertex 176.087 42.5058 573
      vertex 176.764 47.3639 573
      vertex 176.908 41.9739 573
    endloop
  endfacet
  facet normal 0 0 -1
    outer loop
      vertex 175.126 42.6842 573
      vertex 176.764 47.3639 573
      vertex 176.087 42.5058 573
    endloop
  endfacet
  facet normal 0 0 -1
    outer loop
      vertex 175.117 42.6823 573
      vertex 176.764 47.3639 573
      vertex 175.126 42.6842 573
    endloop
  endfacet
  facet normal 0 0 -1
    outer loop
      vertex 174.17 42.4819 573
      vertex 176.764 47.3639 573
      vertex 175.117 42.6823 573
    endloop
  endfacet
  facet normal 0 0 -1
    outer loop
      vertex 173.373 41.9352 573
      vertex 176.764 47.3639 573
      vertex 174.17 42.4819 573
    endloop
  endfacet
  facet normal 0 0 -1
    outer loop
      vertex 173.365 41.9298 573
      vertex 176.764 47.3639 573
      vertex 173.373 41.9352 573
    endloop
  endfacet
  facet normal 0 0 -1
    outer loop
      vertex 171.964 62.5897 573
      vertex 173.365 41.9298 573
      vertex 173.36 41.9218 573
    endloop
  endfacet
  facet normal 0 0 -1
    outer loop
      vertex 171.964 62.5897 573
      vertex 173.36 41.9218 573
      vertex 172.834 41.1117 573
    endloop
  endfacet
  facet normal 0 0 -1
    outer loop
      vertex 172.656 40.1524 573
      vertex 172.834 41.1117 573
      vertex 172.658 40.1618 573
    endloop
  endfacet
  facet normal 0 0 -1
    outer loop
      vertex 173.365 41.9298 573
      vertex 171.964 62.5897 573
      vertex 176.764 47.3639 573
    endloop
  endfacet
  facet normal 0 0 -1
    outer loop
      vertex 172.656 40.1524 573
      vertex 171.964 62.5897 573
      vertex 172.834 41.1117 573
    endloop
  endfacet
  facet normal -0 0 -1
    outer loop
      vertex 174.236 37.8614 573
      vertex 165.448 29.1729 573
      vertex 173.415 38.3933 573
    endloop
  endfacet
  facet normal -0 0 -1
    outer loop
      vertex 173.415 38.3933 573
      vertex 165.448 29.1729 573
      vertex 172.861 39.1978 573
    endloop
  endfacet
  facet normal 0 0 -1
    outer loop
      vertex 174.95 -0.598249 573
      vertex 168 0 573
      vertex 174.629 0.291441 573
    endloop
  endfacet
  facet normal 0 0 -1
    outer loop
      vertex 162.333 -75.9856 573
      vertex 165.854 -77.3391 573
      vertex 162.342 -76.015 573
    endloop
  endfacet
  facet normal 0 0 -1
    outer loop
      vertex 174.389 -37.4429 573
      vertex 165.448 -29.1729 573
      vertex 167.361 -14.6422 573
    endloop
  endfacet
  facet normal 0 0 -1
    outer loop
      vertex 162.062 -75.0784 573
      vertex 165.854 -77.3391 573
      vertex 162.333 -75.9856 573
    endloop
  endfacet
  facet normal 0 0 -1
    outer loop
      vertex 165.854 -77.3391 573
      vertex 162.339 -76.0455 573
      vertex 162.342 -76.015 573
    endloop
  endfacet
  facet normal 0 0 -1
    outer loop
      vertex 165.854 -77.3391 573
      vertex 162.243 -76.9868 573
      vertex 162.339 -76.0455 573
    endloop
  endfacet
  facet normal -0 0 -1
    outer loop
      vertex 165.854 -77.3391 573
      vertex 161.794 -77.8191 573
      vertex 162.243 -76.9868 573
    endloop
  endfacet
  facet normal 0 0 -1
    outer loop
      vertex 165.854 -77.3391 573
      vertex 161.779 -77.8459 573
      vertex 161.794 -77.8191 573
    endloop
  endfacet
  facet normal 0 0 -1
    outer loop
      vertex 165.854 -77.3391 573
      vertex 161.756 -77.8651 573
      vertex 161.779 -77.8459 573
    endloop
  endfacet
  facet normal 0 0 -1
    outer loop
      vertex 165.854 -77.3391 573
      vertex 161.022 -78.4615 573
      vertex 161.756 -77.8651 573
    endloop
  endfacet
  facet normal 0 0 -1
    outer loop
      vertex 158.483 -91.5 573
      vertex 161.022 -78.4615 573
      vertex 165.854 -77.3391 573
    endloop
  endfacet
  facet normal 0 0 -1
    outer loop
      vertex 161.022 -78.4615 573
      vertex 158.483 -91.5 573
      vertex 160.117 -78.7312 573
    endloop
  endfacet
  facet normal 0 0 -1
    outer loop
      vertex 158.483 -91.5 573
      vertex 159.147 -78.6417 573
      vertex 160.088 -78.7398 573
    endloop
  endfacet
  facet normal 0 0 -1
    outer loop
      vertex 160.117 -78.7312 573
      vertex 158.483 -91.5 573
      vertex 160.088 -78.7398 573
    endloop
  endfacet
  facet normal -0 0 -1
    outer loop
      vertex 159.147 -78.6417 573
      vertex 158.483 -91.5 573
      vertex 159.117 -78.6386 573
    endloop
  endfacet
  facet normal 0 0 -1
    outer loop
      vertex 158.483 -91.5 573
      vertex 158.258 -78.1731 573
      vertex 159.117 -78.6386 573
    endloop
  endfacet
  facet normal 0 0 -1
    outer loop
      vertex 145.492 -84 573
      vertex 158.258 -78.1731 573
      vertex 158.483 -91.5 573
    endloop
  endfacet
  facet normal -0 0 -1
    outer loop
      vertex 158.258 -78.1731 573
      vertex 145.492 -84 573
      vertex 158.238 -78.1493 573
    endloop
  endfacet
  facet normal -0 0 -1
    outer loop
      vertex 158.238 -78.1493 573
      vertex 145.492 -84 573
      vertex 157.642 -77.4143 573
    endloop
  endfacet
  facet normal -0 0 -1
    outer loop
      vertex 157.642 -77.4143 573
      vertex 145.492 -84 573
      vertex 157.371 -76.5073 573
    endloop
  endfacet
  facet normal -0 0 -1
    outer loop
      vertex 157.371 -76.5073 573
      vertex 145.492 -84 573
      vertex 157.362 -76.4777 573
    endloop
  endfacet
  facet normal 0 0 -1
    outer loop
      vertex 145.492 -84 573
      vertex 158.483 -91.5 573
      vertex 149.905 -104.964 573
    endloop
  endfacet
  facet normal -0 0 -1
    outer loop
      vertex 157.362 -76.4777 573
      vertex 145.492 -84 573
      vertex 152.26 -70.9999 573
    endloop
  endfacet
  facet normal 0 0 -1
    outer loop
      vertex 143.022 -111.178 573
      vertex 149.905 -104.964 573
      vertex 143.117 -112.142 573
    endloop
  endfacet
  facet normal 0 0 -1
    outer loop
      vertex 149.905 -104.964 573
      vertex 143.114 -112.15 573
      vertex 143.117 -112.142 573
    endloop
  endfacet
  facet normal 0 0 -1
    outer loop
      vertex 149.905 -104.964 573
      vertex 142.833 -113.077 573
      vertex 143.114 -112.15 573
    endloop
  endfacet
  facet normal 0 0 -1
    outer loop
      vertex 140.186 -117.63 573
      vertex 142.833 -113.077 573
      vertex 149.905 -104.964 573
    endloop
  endfacet
  facet normal 0 0 -1
    outer loop
      vertex 142.833 -113.077 573
      vertex 140.186 -117.63 573
      vertex 142.22 -113.825 573
    endloop
  endfacet
  facet normal 0 0 -1
    outer loop
      vertex 140.186 -117.63 573
      vertex 141.345 -114.292 573
      vertex 141.354 -114.291 573
    endloop
  endfacet
  facet normal 0 0 -1
    outer loop
      vertex 142.22 -113.825 573
      vertex 140.186 -117.63 573
      vertex 142.214 -113.832 573
    endloop
  endfacet
  facet normal 0 0 -1
    outer loop
      vertex 140.186 -117.63 573
      vertex 141.354 -114.291 573
      vertex 142.214 -113.832 573
    endloop
  endfacet
  facet normal 0 0 -1
    outer loop
      vertex 141.345 -114.292 573
      vertex 140.186 -117.63 573
      vertex 140.383 -114.386 573
    endloop
  endfacet
  facet normal 0 0 -1
    outer loop
      vertex 140.186 -117.63 573
      vertex 139.458 -114.103 573
      vertex 140.383 -114.386 573
    endloop
  endfacet
  facet normal 0 0 -1
    outer loop
      vertex 140.186 -117.63 573
      vertex 139.449 -114.101 573
      vertex 139.458 -114.103 573
    endloop
  endfacet
  facet normal 0 0 -1
    outer loop
      vertex 140.186 -117.63 573
      vertex 139.442 -114.095 573
      vertex 139.449 -114.101 573
    endloop
  endfacet
  facet normal 0 0 -1
    outer loop
      vertex 140.186 -117.63 573
      vertex 138.695 -113.48 573
      vertex 139.442 -114.095 573
    endloop
  endfacet
  facet normal 0 0 -1
    outer loop
      vertex 129.401 -129.401 573
      vertex 138.695 -113.48 573
      vertex 140.186 -117.63 573
    endloop
  endfacet
  facet normal 0 0 -1
    outer loop
      vertex 118.794 -118.794 573
      vertex 138.695 -113.48 573
      vertex 129.401 -129.401 573
    endloop
  endfacet
  facet normal 0 -0 -1
    outer loop
      vertex 128.695 -107.988 573
      vertex 138.695 -113.48 573
      vertex 118.794 -118.794 573
    endloop
  endfacet
  facet normal 0 0 -1
    outer loop
      vertex 138.235 -112.617 573
      vertex 128.695 -107.988 573
      vertex 138.14 -111.644 573
    endloop
  endfacet
  facet normal 0 0 -1
    outer loop
      vertex 139.042 -109.954 573
      vertex 128.695 -107.988 573
      vertex 137.618 -96.3608 573
    endloop
  endfacet
  facet normal 0 0 -1
    outer loop
      vertex 138.695 -113.48 573
      vertex 128.695 -107.988 573
      vertex 138.235 -112.617 573
    endloop
  endfacet
  facet normal 0 0 -1
    outer loop
      vertex 113.212 -137.009 573
      vertex 129.401 -129.401 573
      vertex 117.63 -140.186 573
    endloop
  endfacet
  facet normal 0 0 -1
    outer loop
      vertex 113.212 -137.009 573
      vertex 117.63 -140.186 573
      vertex 113.438 -137.96 573
    endloop
  endfacet
  facet normal 0 0 -1
    outer loop
      vertex 129.401 -129.401 573
      vertex 113.212 -137.009 573
      vertex 112.64 -136.217 573
    endloop
  endfacet
  facet normal -0 0 -1
    outer loop
      vertex 129.401 -129.401 573
      vertex 112.64 -136.217 573
      vertex 118.794 -118.794 573
    endloop
  endfacet
  facet normal 0 0 -1
    outer loop
      vertex 107.988 -128.695 573
      vertex 112.64 -136.217 573
      vertex 111.809 -135.704 573
    endloop
  endfacet
  facet normal 0 0 -1
    outer loop
      vertex 107.988 -128.695 573
      vertex 111.809 -135.704 573
      vertex 111.779 -135.699 573
    endloop
  endfacet
  facet normal 0 0 -1
    outer loop
      vertex 107.988 -128.695 573
      vertex 111.779 -135.699 573
      vertex 110.846 -135.549 573
    endloop
  endfacet
  facet normal 0 0 -1
    outer loop
      vertex 107.988 -128.695 573
      vertex 110.846 -135.549 573
      vertex 109.927 -135.768 573
    endloop
  endfacet
  facet normal 0 0 -1
    outer loop
      vertex 107.988 -128.695 573
      vertex 109.927 -135.768 573
      vertex 109.897 -135.775 573
    endloop
  endfacet
  facet normal 0 0 -1
    outer loop
      vertex 107.988 -128.695 573
      vertex 109.897 -135.775 573
      vertex 109.107 -136.348 573
    endloop
  endfacet
  facet normal 0 0 -1
    outer loop
      vertex 107.988 -128.695 573
      vertex 109.107 -136.348 573
      vertex 108.596 -137.181 573
    endloop
  endfacet
  facet normal 0 0 -1
    outer loop
      vertex 112.64 -136.217 573
      vertex 107.988 -128.695 573
      vertex 118.794 -118.794 573
    endloop
  endfacet
  facet normal 0 0 -1
    outer loop
      vertex 107.988 -128.695 573
      vertex 108.596 -137.181 573
      vertex 108.441 -138.146 573
    endloop
  endfacet
  facet normal 0 0 -1
    outer loop
      vertex 177.092 -38.105 573
      vertex 180.22 -31.7776 573
      vertex 177.6 -38.9402 573
    endloop
  endfacet
  facet normal 0 0 -1
    outer loop
      vertex 176.303 -37.5272 573
      vertex 180.22 -31.7776 573
      vertex 177.092 -38.105 573
    endloop
  endfacet
  facet normal 0 0 -1
    outer loop
      vertex 175.354 -37.2946 573
      vertex 180.22 -31.7776 573
      vertex 176.303 -37.5272 573
    endloop
  endfacet
  facet normal 0 0 -1
    outer loop
      vertex 182.304 -15.9495 573
      vertex 177.508 -1.80245 573
      vertex 178.398 -1.48277 573
    endloop
  endfacet
  facet normal 0 0 -1
    outer loop
      vertex 182.304 -15.9495 573
      vertex 177.479 -1.81277 573
      vertex 177.508 -1.80245 573
    endloop
  endfacet
  facet normal 0 0 -1
    outer loop
      vertex 174.399 -37.4414 573
      vertex 180.22 -31.7776 573
      vertex 175.354 -37.2946 573
    endloop
  endfacet
  facet normal 0 0 -1
    outer loop
      vertex 182.304 -15.9495 573
      vertex 177.449 -1.81131 573
      vertex 177.479 -1.81277 573
    endloop
  endfacet
  facet normal 0 0 -1
    outer loop
      vertex 182.304 -15.9495 573
      vertex 176.503 -1.76607 573
      vertex 177.449 -1.81131 573
    endloop
  endfacet
  facet normal 0 0 -1
    outer loop
      vertex 167.361 -14.6422 573
      vertex 180.22 -31.7776 573
      vertex 174.389 -37.4429 573
    endloop
  endfacet
  facet normal 0 0 -1
    outer loop
      vertex 167.361 -14.6422 573
      vertex 176.503 -1.76607 573
      vertex 182.304 -15.9495 573
    endloop
  endfacet
  facet normal 0 0 -1
    outer loop
      vertex 180.22 -31.7776 573
      vertex 167.361 -14.6422 573
      vertex 182.304 -15.9495 573
    endloop
  endfacet
  facet normal -0 0 -1
    outer loop
      vertex 176.503 -1.76607 573
      vertex 167.361 -14.6422 573
      vertex 175.619 -1.34978 573
    endloop
  endfacet
  facet normal 0 -0 -1
    outer loop
      vertex 168 0 573
      vertex 175.619 -1.34978 573
      vertex 167.361 -14.6422 573
    endloop
  endfacet
  facet normal 0 0 -1
    outer loop
      vertex 175.619 -1.34978 573
      vertex 168 0 573
      vertex 174.981 -0.650107 573
    endloop
  endfacet
  facet normal 0.300667 -0.953729 0
    outer loop
      vertex 47.3639 -176.764 573
      vertex 62.5897 -171.964 591
      vertex 47.3639 -176.764 591
    endloop
  endfacet
  facet normal 0.300667 -0.953729 0
    outer loop
      vertex 62.5897 -171.964 591
      vertex 47.3639 -176.764 573
      vertex 62.5897 -171.964 573
    endloop
  endfacet
  facet normal -0.382715 -0.923866 0
    outer loop
      vertex -77.3391 -165.854 573
      vertex -62.5897 -171.964 591
      vertex -77.3391 -165.854 591
    endloop
  endfacet
  facet normal -0.382715 -0.923866 -0
    outer loop
      vertex -62.5897 -171.964 591
      vertex -77.3391 -165.854 573
      vertex -62.5897 -171.964 573
    endloop
  endfacet
  facet normal 0.793352 0.608763 0
    outer loop
      vertex 149.905 104.964 591
      vertex 140.186 117.63 573
      vertex 140.186 117.63 591
    endloop
  endfacet
  facet normal 0.793352 0.608763 0
    outer loop
      vertex 140.186 117.63 573
      vertex 149.905 104.964 591
      vertex 149.905 104.964 573
    endloop
  endfacet
  facet normal -0.300667 -0.953729 0
    outer loop
      vertex -62.5897 -171.964 573
      vertex -47.3639 -176.764 591
      vertex -62.5897 -171.964 591
    endloop
  endfacet
  facet normal -0.300667 -0.953729 -0
    outer loop
      vertex -47.3639 -176.764 591
      vertex -62.5897 -171.964 573
      vertex -47.3639 -176.764 573
    endloop
  endfacet
  facet normal -0.300667 0.953729 0
    outer loop
      vertex -47.3639 176.764 573
      vertex -62.5897 171.964 591
      vertex -47.3639 176.764 591
    endloop
  endfacet
  facet normal -0.300667 0.953729 0
    outer loop
      vertex -62.5897 171.964 591
      vertex -47.3639 176.764 573
      vertex -62.5897 171.964 573
    endloop
  endfacet
  facet normal -0.843378 -0.537321 0
    outer loop
      vertex -149.905 -104.964 573
      vertex -158.483 -91.5 591
      vertex -158.483 -91.5 573
    endloop
  endfacet
  facet normal -0.843378 -0.537321 0
    outer loop
      vertex -158.483 -91.5 591
      vertex -149.905 -104.964 573
      vertex -149.905 -104.964 591
    endloop
  endfacet
  facet normal -0.999049 0.0435962 0
    outer loop
      vertex -183 0 573
      vertex -182.304 15.9495 591
      vertex -182.304 15.9495 573
    endloop
  endfacet
  facet normal -0.999049 0.0435962 0
    outer loop
      vertex -182.304 15.9495 591
      vertex -183 0 573
      vertex -183 0 591
    endloop
  endfacet
  facet normal 0 0 1
    outer loop
      vertex 168 0 591
      vertex 183 0 591
      vertex 182.304 15.9495 591
    endloop
  endfacet
  facet normal 0 0 1
    outer loop
      vertex 167.361 14.6422 591
      vertex 182.304 15.9495 591
      vertex 180.22 31.7776 591
    endloop
  endfacet
  facet normal 0 0 1
    outer loop
      vertex 183 0 591
      vertex 168 0 591
      vertex 182.304 -15.9495 591
    endloop
  endfacet
  facet normal 0 0 1
    outer loop
      vertex 165.448 29.1729 591
      vertex 180.22 31.7776 591
      vertex 176.764 47.3639 591
    endloop
  endfacet
  facet normal -0 0 1
    outer loop
      vertex 167.361 -14.6422 591
      vertex 182.304 -15.9495 591
      vertex 168 0 591
    endloop
  endfacet
  facet normal 0 0 1
    outer loop
      vertex 162.276 43.4816 591
      vertex 176.764 47.3639 591
      vertex 171.964 62.5897 591
    endloop
  endfacet
  facet normal 0 0 1
    outer loop
      vertex 182.304 -15.9495 591
      vertex 167.361 -14.6422 591
      vertex 180.22 -31.7776 591
    endloop
  endfacet
  facet normal -0 0 1
    outer loop
      vertex 165.448 -29.1729 591
      vertex 180.22 -31.7776 591
      vertex 167.361 -14.6422 591
    endloop
  endfacet
  facet normal 0 0 1
    outer loop
      vertex 182.304 15.9495 591
      vertex 167.361 14.6422 591
      vertex 168 0 591
    endloop
  endfacet
  facet normal 0 0 1
    outer loop
      vertex 157.868 57.4594 591
      vertex 171.964 62.5897 591
      vertex 165.854 77.3391 591
    endloop
  endfacet
  facet normal 0 0 1
    outer loop
      vertex 180.22 31.7776 591
      vertex 165.448 29.1729 591
      vertex 167.361 14.6422 591
    endloop
  endfacet
  facet normal 0 0 1
    outer loop
      vertex 176.764 47.3639 591
      vertex 162.276 43.4816 591
      vertex 165.448 29.1729 591
    endloop
  endfacet
  facet normal 0 0 1
    outer loop
      vertex 152.26 70.9999 591
      vertex 165.854 77.3391 591
      vertex 158.483 91.5 591
    endloop
  endfacet
  facet normal 0 0 1
    outer loop
      vertex 171.964 62.5897 591
      vertex 157.868 57.4594 591
      vertex 162.276 43.4816 591
    endloop
  endfacet
  facet normal 0 0 1
    outer loop
      vertex 165.854 77.3391 591
      vertex 152.26 70.9999 591
      vertex 157.868 57.4594 591
    endloop
  endfacet
  facet normal 0 0 1
    outer loop
      vertex 145.492 84 591
      vertex 158.483 91.5 591
      vertex 149.905 104.964 591
    endloop
  endfacet
  facet normal 0 0 1
    outer loop
      vertex 158.483 91.5 591
      vertex 145.492 84 591
      vertex 152.26 70.9999 591
    endloop
  endfacet
  facet normal 0 0 1
    outer loop
      vertex 137.618 96.3608 591
      vertex 149.905 104.964 591
      vertex 140.186 117.63 591
    endloop
  endfacet
  facet normal 0 0 1
    outer loop
      vertex 149.905 104.964 591
      vertex 137.618 96.3608 591
      vertex 145.492 84 591
    endloop
  endfacet
  facet normal 0 0 1
    outer loop
      vertex 128.695 107.988 591
      vertex 140.186 117.63 591
      vertex 129.401 129.401 591
    endloop
  endfacet
  facet normal 0 0 1
    outer loop
      vertex 140.186 117.63 591
      vertex 128.695 107.988 591
      vertex 137.618 96.3608 591
    endloop
  endfacet
  facet normal 0 0 1
    outer loop
      vertex 129.401 129.401 591
      vertex 118.794 118.794 591
      vertex 128.695 107.988 591
    endloop
  endfacet
  facet normal 0 0 1
    outer loop
      vertex 117.63 140.186 591
      vertex 118.794 118.794 591
      vertex 129.401 129.401 591
    endloop
  endfacet
  facet normal 0 0 1
    outer loop
      vertex 117.63 140.186 591
      vertex 107.988 128.695 591
      vertex 118.794 118.794 591
    endloop
  endfacet
  facet normal 0 0 1
    outer loop
      vertex 104.964 149.905 591
      vertex 107.988 128.695 591
      vertex 117.63 140.186 591
    endloop
  endfacet
  facet normal 0 0 1
    outer loop
      vertex 104.964 149.905 591
      vertex 96.3608 137.618 591
      vertex 107.988 128.695 591
    endloop
  endfacet
  facet normal 0 0 1
    outer loop
      vertex 91.5 158.483 591
      vertex 96.3608 137.618 591
      vertex 104.964 149.905 591
    endloop
  endfacet
  facet normal 0 0 1
    outer loop
      vertex 91.5 158.483 591
      vertex 84 145.492 591
      vertex 96.3608 137.618 591
    endloop
  endfacet
  facet normal 0 0 1
    outer loop
      vertex 77.3391 165.854 591
      vertex 84 145.492 591
      vertex 91.5 158.483 591
    endloop
  endfacet
  facet normal 0 0 1
    outer loop
      vertex 77.3391 165.854 591
      vertex 70.9999 152.26 591
      vertex 84 145.492 591
    endloop
  endfacet
  facet normal 0 0 1
    outer loop
      vertex 62.5897 171.964 591
      vertex 70.9999 152.26 591
      vertex 77.3391 165.854 591
    endloop
  endfacet
  facet normal 0 0 1
    outer loop
      vertex 62.5897 171.964 591
      vertex 57.4594 157.868 591
      vertex 70.9999 152.26 591
    endloop
  endfacet
  facet normal 0 0 1
    outer loop
      vertex 47.3639 176.764 591
      vertex 57.4594 157.868 591
      vertex 62.5897 171.964 591
    endloop
  endfacet
  facet normal 0 0 1
    outer loop
      vertex 47.3639 176.764 591
      vertex 43.4816 162.276 591
      vertex 57.4594 157.868 591
    endloop
  endfacet
  facet normal 0 0 1
    outer loop
      vertex 31.7776 180.22 591
      vertex 43.4816 162.276 591
      vertex 47.3639 176.764 591
    endloop
  endfacet
  facet normal 0 0 1
    outer loop
      vertex 31.7776 180.22 591
      vertex 29.1729 165.448 591
      vertex 43.4816 162.276 591
    endloop
  endfacet
  facet normal 0 0 1
    outer loop
      vertex 15.9495 182.304 591
      vertex 29.1729 165.448 591
      vertex 31.7776 180.22 591
    endloop
  endfacet
  facet normal 0 0 1
    outer loop
      vertex 15.9495 182.304 591
      vertex 14.6422 167.361 591
      vertex 29.1729 165.448 591
    endloop
  endfacet
  facet normal 0 0 1
    outer loop
      vertex 0 183 591
      vertex 14.6422 167.361 591
      vertex 15.9495 182.304 591
    endloop
  endfacet
  facet normal 0 0 1
    outer loop
      vertex 0 183 591
      vertex 0 168 591
      vertex 14.6422 167.361 591
    endloop
  endfacet
  facet normal 0 0 1
    outer loop
      vertex 0 183 591
      vertex -14.6422 167.361 591
      vertex 0 168 591
    endloop
  endfacet
  facet normal -0 0 1
    outer loop
      vertex -15.9495 182.304 591
      vertex -14.6422 167.361 591
      vertex 0 183 591
    endloop
  endfacet
  facet normal 0 0 1
    outer loop
      vertex -15.9495 182.304 591
      vertex -29.1729 165.448 591
      vertex -14.6422 167.361 591
    endloop
  endfacet
  facet normal -0 0 1
    outer loop
      vertex -31.7776 180.22 591
      vertex -29.1729 165.448 591
      vertex -15.9495 182.304 591
    endloop
  endfacet
  facet normal 0 0 1
    outer loop
      vertex -31.7776 180.22 591
      vertex -43.4816 162.276 591
      vertex -29.1729 165.448 591
    endloop
  endfacet
  facet normal -0 0 1
    outer loop
      vertex -47.3639 176.764 591
      vertex -43.4816 162.276 591
      vertex -31.7776 180.22 591
    endloop
  endfacet
  facet normal 0 0 1
    outer loop
      vertex -47.3639 176.764 591
      vertex -57.4594 157.868 591
      vertex -43.4816 162.276 591
    endloop
  endfacet
  facet normal -0 0 1
    outer loop
      vertex -62.5897 171.964 591
      vertex -57.4594 157.868 591
      vertex -47.3639 176.764 591
    endloop
  endfacet
  facet normal 0 0 1
    outer loop
      vertex -62.5897 171.964 591
      vertex -70.9999 152.26 591
      vertex -57.4594 157.868 591
    endloop
  endfacet
  facet normal -0 0 1
    outer loop
      vertex -77.3391 165.854 591
      vertex -70.9999 152.26 591
      vertex -62.5897 171.964 591
    endloop
  endfacet
  facet normal 0 0 1
    outer loop
      vertex -77.3391 165.854 591
      vertex -84 145.492 591
      vertex -70.9999 152.26 591
    endloop
  endfacet
  facet normal -0 0 1
    outer loop
      vertex -91.5 158.483 591
      vertex -84 145.492 591
      vertex -77.3391 165.854 591
    endloop
  endfacet
  facet normal 0 0 1
    outer loop
      vertex -91.5 158.483 591
      vertex -96.3608 137.618 591
      vertex -84 145.492 591
    endloop
  endfacet
  facet normal -0 0 1
    outer loop
      vertex -104.964 149.905 591
      vertex -96.3608 137.618 591
      vertex -91.5 158.483 591
    endloop
  endfacet
  facet normal 0 0 1
    outer loop
      vertex -104.964 149.905 591
      vertex -107.988 128.695 591
      vertex -96.3608 137.618 591
    endloop
  endfacet
  facet normal -0 0 1
    outer loop
      vertex -117.63 140.186 591
      vertex -107.988 128.695 591
      vertex -104.964 149.905 591
    endloop
  endfacet
  facet normal 0 0 1
    outer loop
      vertex -117.63 140.186 591
      vertex -118.794 118.794 591
      vertex -107.988 128.695 591
    endloop
  endfacet
  facet normal -0 0 1
    outer loop
      vertex -129.401 129.401 591
      vertex -118.794 118.794 591
      vertex -117.63 140.186 591
    endloop
  endfacet
  facet normal 0 0 1
    outer loop
      vertex -118.794 118.794 591
      vertex -129.401 129.401 591
      vertex -128.695 107.988 591
    endloop
  endfacet
  facet normal -0 0 1
    outer loop
      vertex -140.186 117.63 591
      vertex -128.695 107.988 591
      vertex -129.401 129.401 591
    endloop
  endfacet
  facet normal 0 0 1
    outer loop
      vertex -128.695 107.988 591
      vertex -140.186 117.63 591
      vertex -137.618 96.3608 591
    endloop
  endfacet
  facet normal -0 0 1
    outer loop
      vertex -149.905 104.964 591
      vertex -137.618 96.3608 591
      vertex -140.186 117.63 591
    endloop
  endfacet
  facet normal 0 0 1
    outer loop
      vertex -137.618 96.3608 591
      vertex -149.905 104.964 591
      vertex -145.492 84 591
    endloop
  endfacet
  facet normal -0 0 1
    outer loop
      vertex -158.483 91.5 591
      vertex -145.492 84 591
      vertex -149.905 104.964 591
    endloop
  endfacet
  facet normal 0 0 1
    outer loop
      vertex -145.492 84 591
      vertex -158.483 91.5 591
      vertex -152.26 70.9999 591
    endloop
  endfacet
  facet normal -0 0 1
    outer loop
      vertex -165.854 77.3391 591
      vertex -152.26 70.9999 591
      vertex -158.483 91.5 591
    endloop
  endfacet
  facet normal 0 0 1
    outer loop
      vertex -152.26 70.9999 591
      vertex -165.854 77.3391 591
      vertex -157.868 57.4594 591
    endloop
  endfacet
  facet normal -0 0 1
    outer loop
      vertex -171.964 62.5897 591
      vertex -157.868 57.4594 591
      vertex -165.854 77.3391 591
    endloop
  endfacet
  facet normal 0 0 1
    outer loop
      vertex -157.868 57.4594 591
      vertex -171.964 62.5897 591
      vertex -162.276 43.4816 591
    endloop
  endfacet
  facet normal -0 0 1
    outer loop
      vertex -176.764 47.3639 591
      vertex -162.276 43.4816 591
      vertex -171.964 62.5897 591
    endloop
  endfacet
  facet normal 0 0 1
    outer loop
      vertex -162.276 43.4816 591
      vertex -176.764 47.3639 591
      vertex -165.448 29.1729 591
    endloop
  endfacet
  facet normal -0 0 1
    outer loop
      vertex -180.22 31.7776 591
      vertex -165.448 29.1729 591
      vertex -176.764 47.3639 591
    endloop
  endfacet
  facet normal 0 0 1
    outer loop
      vertex 180.22 -31.7776 591
      vertex 165.448 -29.1729 591
      vertex 176.764 -47.3639 591
    endloop
  endfacet
  facet normal -0 0 1
    outer loop
      vertex 162.276 -43.4816 591
      vertex 176.764 -47.3639 591
      vertex 165.448 -29.1729 591
    endloop
  endfacet
  facet normal 0 0 1
    outer loop
      vertex 176.764 -47.3639 591
      vertex 162.276 -43.4816 591
      vertex 171.964 -62.5897 591
    endloop
  endfacet
  facet normal -0 0 1
    outer loop
      vertex 157.868 -57.4594 591
      vertex 171.964 -62.5897 591
      vertex 162.276 -43.4816 591
    endloop
  endfacet
  facet normal 0 0 1
    outer loop
      vertex 171.964 -62.5897 591
      vertex 157.868 -57.4594 591
      vertex 165.854 -77.3391 591
    endloop
  endfacet
  facet normal -0 0 1
    outer loop
      vertex 152.26 -70.9999 591
      vertex 165.854 -77.3391 591
      vertex 157.868 -57.4594 591
    endloop
  endfacet
  facet normal 0 0 1
    outer loop
      vertex 165.854 -77.3391 591
      vertex 152.26 -70.9999 591
      vertex 158.483 -91.5 591
    endloop
  endfacet
  facet normal -0 0 1
    outer loop
      vertex 145.492 -84 591
      vertex 158.483 -91.5 591
      vertex 152.26 -70.9999 591
    endloop
  endfacet
  facet normal 0 0 1
    outer loop
      vertex 158.483 -91.5 591
      vertex 145.492 -84 591
      vertex 149.905 -104.964 591
    endloop
  endfacet
  facet normal -0 0 1
    outer loop
      vertex 137.618 -96.3608 591
      vertex 149.905 -104.964 591
      vertex 145.492 -84 591
    endloop
  endfacet
  facet normal 0 0 1
    outer loop
      vertex 149.905 -104.964 591
      vertex 137.618 -96.3608 591
      vertex 140.186 -117.63 591
    endloop
  endfacet
  facet normal -0 0 1
    outer loop
      vertex 128.695 -107.988 591
      vertex 140.186 -117.63 591
      vertex 137.618 -96.3608 591
    endloop
  endfacet
  facet normal 0 0 1
    outer loop
      vertex 140.186 -117.63 591
      vertex 128.695 -107.988 591
      vertex 129.401 -129.401 591
    endloop
  endfacet
  facet normal -0 0 1
    outer loop
      vertex 118.794 -118.794 591
      vertex 129.401 -129.401 591
      vertex 128.695 -107.988 591
    endloop
  endfacet
  facet normal 0 0 1
    outer loop
      vertex 118.794 -118.794 591
      vertex 117.63 -140.186 591
      vertex 129.401 -129.401 591
    endloop
  endfacet
  facet normal -0 0 1
    outer loop
      vertex 107.988 -128.695 591
      vertex 117.63 -140.186 591
      vertex 118.794 -118.794 591
    endloop
  endfacet
  facet normal 0 0 1
    outer loop
      vertex 107.988 -128.695 591
      vertex 104.964 -149.905 591
      vertex 117.63 -140.186 591
    endloop
  endfacet
  facet normal -0 0 1
    outer loop
      vertex 96.3608 -137.618 591
      vertex 104.964 -149.905 591
      vertex 107.988 -128.695 591
    endloop
  endfacet
  facet normal 0 0 1
    outer loop
      vertex 96.3608 -137.618 591
      vertex 91.5 -158.483 591
      vertex 104.964 -149.905 591
    endloop
  endfacet
  facet normal -0 0 1
    outer loop
      vertex 84 -145.492 591
      vertex 91.5 -158.483 591
      vertex 96.3608 -137.618 591
    endloop
  endfacet
  facet normal 0 0 1
    outer loop
      vertex 84 -145.492 591
      vertex 77.3391 -165.854 591
      vertex 91.5 -158.483 591
    endloop
  endfacet
  facet normal -0 0 1
    outer loop
      vertex 70.9999 -152.26 591
      vertex 77.3391 -165.854 591
      vertex 84 -145.492 591
    endloop
  endfacet
  facet normal 0 0 1
    outer loop
      vertex 70.9999 -152.26 591
      vertex 62.5897 -171.964 591
      vertex 77.3391 -165.854 591
    endloop
  endfacet
  facet normal -0 0 1
    outer loop
      vertex 57.4594 -157.868 591
      vertex 62.5897 -171.964 591
      vertex 70.9999 -152.26 591
    endloop
  endfacet
  facet normal 0 0 1
    outer loop
      vertex 57.4594 -157.868 591
      vertex 47.3639 -176.764 591
      vertex 62.5897 -171.964 591
    endloop
  endfacet
  facet normal -0 0 1
    outer loop
      vertex 43.4816 -162.276 591
      vertex 47.3639 -176.764 591
      vertex 57.4594 -157.868 591
    endloop
  endfacet
  facet normal 0 0 1
    outer loop
      vertex 43.4816 -162.276 591
      vertex 31.7776 -180.22 591
      vertex 47.3639 -176.764 591
    endloop
  endfacet
  facet normal -0 0 1
    outer loop
      vertex 29.1729 -165.448 591
      vertex 31.7776 -180.22 591
      vertex 43.4816 -162.276 591
    endloop
  endfacet
  facet normal 0 0 1
    outer loop
      vertex 29.1729 -165.448 591
      vertex 15.9495 -182.304 591
      vertex 31.7776 -180.22 591
    endloop
  endfacet
  facet normal -0 0 1
    outer loop
      vertex 14.6422 -167.361 591
      vertex 15.9495 -182.304 591
      vertex 29.1729 -165.448 591
    endloop
  endfacet
  facet normal -0 0 1
    outer loop
      vertex 0 -168 591
      vertex 15.9495 -182.304 591
      vertex 14.6422 -167.361 591
    endloop
  endfacet
  facet normal 0 0 1
    outer loop
      vertex 0 -168 591
      vertex 0 -183 591
      vertex 15.9495 -182.304 591
    endloop
  endfacet
  facet normal 0 0 1
    outer loop
      vertex -14.6422 -167.361 591
      vertex 0 -183 591
      vertex 0 -168 591
    endloop
  endfacet
  facet normal 0 0 1
    outer loop
      vertex -14.6422 -167.361 591
      vertex -15.9495 -182.304 591
      vertex 0 -183 591
    endloop
  endfacet
  facet normal 0 0 1
    outer loop
      vertex -29.1729 -165.448 591
      vertex -15.9495 -182.304 591
      vertex -14.6422 -167.361 591
    endloop
  endfacet
  facet normal 0 0 1
    outer loop
      vertex -29.1729 -165.448 591
      vertex -31.7776 -180.22 591
      vertex -15.9495 -182.304 591
    endloop
  endfacet
  facet normal 0 0 1
    outer loop
      vertex -43.4816 -162.276 591
      vertex -31.7776 -180.22 591
      vertex -29.1729 -165.448 591
    endloop
  endfacet
  facet normal 0 0 1
    outer loop
      vertex -43.4816 -162.276 591
      vertex -47.3639 -176.764 591
      vertex -31.7776 -180.22 591
    endloop
  endfacet
  facet normal 0 0 1
    outer loop
      vertex -57.4594 -157.868 591
      vertex -47.3639 -176.764 591
      vertex -43.4816 -162.276 591
    endloop
  endfacet
  facet normal 0 0 1
    outer loop
      vertex -57.4594 -157.868 591
      vertex -62.5897 -171.964 591
      vertex -47.3639 -176.764 591
    endloop
  endfacet
  facet normal 0 0 1
    outer loop
      vertex -70.9999 -152.26 591
      vertex -62.5897 -171.964 591
      vertex -57.4594 -157.868 591
    endloop
  endfacet
  facet normal 0 0 1
    outer loop
      vertex -70.9999 -152.26 591
      vertex -77.3391 -165.854 591
      vertex -62.5897 -171.964 591
    endloop
  endfacet
  facet normal 0 0 1
    outer loop
      vertex -84 -145.492 591
      vertex -77.3391 -165.854 591
      vertex -70.9999 -152.26 591
    endloop
  endfacet
  facet normal 0 0 1
    outer loop
      vertex -84 -145.492 591
      vertex -91.5 -158.483 591
      vertex -77.3391 -165.854 591
    endloop
  endfacet
  facet normal 0 0 1
    outer loop
      vertex -96.3608 -137.618 591
      vertex -91.5 -158.483 591
      vertex -84 -145.492 591
    endloop
  endfacet
  facet normal 0 0 1
    outer loop
      vertex -96.3608 -137.618 591
      vertex -104.964 -149.905 591
      vertex -91.5 -158.483 591
    endloop
  endfacet
  facet normal 0 0 1
    outer loop
      vertex -107.988 -128.695 591
      vertex -104.964 -149.905 591
      vertex -96.3608 -137.618 591
    endloop
  endfacet
  facet normal 0 0 1
    outer loop
      vertex -107.988 -128.695 591
      vertex -117.63 -140.186 591
      vertex -104.964 -149.905 591
    endloop
  endfacet
  facet normal 0 0 1
    outer loop
      vertex -118.794 -118.794 591
      vertex -117.63 -140.186 591
      vertex -107.988 -128.695 591
    endloop
  endfacet
  facet normal 0 0 1
    outer loop
      vertex -129.401 -129.401 591
      vertex -118.794 -118.794 591
      vertex -128.695 -107.988 591
    endloop
  endfacet
  facet normal 0 0 1
    outer loop
      vertex -118.794 -118.794 591
      vertex -129.401 -129.401 591
      vertex -117.63 -140.186 591
    endloop
  endfacet
  facet normal 0 0 1
    outer loop
      vertex -140.186 -117.63 591
      vertex -128.695 -107.988 591
      vertex -137.618 -96.3608 591
    endloop
  endfacet
  facet normal 0 0 1
    outer loop
      vertex -128.695 -107.988 591
      vertex -140.186 -117.63 591
      vertex -129.401 -129.401 591
    endloop
  endfacet
  facet normal 0 0 1
    outer loop
      vertex -149.905 -104.964 591
      vertex -137.618 -96.3608 591
      vertex -145.492 -84 591
    endloop
  endfacet
  facet normal 0 0 1
    outer loop
      vertex -137.618 -96.3608 591
      vertex -149.905 -104.964 591
      vertex -140.186 -117.63 591
    endloop
  endfacet
  facet normal 0 0 1
    outer loop
      vertex -158.483 -91.5 591
      vertex -145.492 -84 591
      vertex -152.26 -70.9999 591
    endloop
  endfacet
  facet normal 0 0 1
    outer loop
      vertex -165.854 -77.3391 591
      vertex -152.26 -70.9999 591
      vertex -157.868 -57.4594 591
    endloop
  endfacet
  facet normal 0 0 1
    outer loop
      vertex -145.492 -84 591
      vertex -158.483 -91.5 591
      vertex -149.905 -104.964 591
    endloop
  endfacet
  facet normal 0 0 1
    outer loop
      vertex -171.964 -62.5897 591
      vertex -157.868 -57.4594 591
      vertex -162.276 -43.4816 591
    endloop
  endfacet
  facet normal 0 0 1
    outer loop
      vertex -176.764 -47.3639 591
      vertex -162.276 -43.4816 591
      vertex -165.448 -29.1729 591
    endloop
  endfacet
  facet normal 0 0 1
    outer loop
      vertex -152.26 -70.9999 591
      vertex -165.854 -77.3391 591
      vertex -158.483 -91.5 591
    endloop
  endfacet
  facet normal 0 0 1
    outer loop
      vertex -180.22 -31.7776 591
      vertex -165.448 -29.1729 591
      vertex -167.361 -14.6422 591
    endloop
  endfacet
  facet normal 0 0 1
    outer loop
      vertex -182.304 -15.9495 591
      vertex -167.361 -14.6422 591
      vertex -168 0 591
    endloop
  endfacet
  facet normal 0 0 1
    outer loop
      vertex -165.448 29.1729 591
      vertex -180.22 31.7776 591
      vertex -167.361 14.6422 591
    endloop
  endfacet
  facet normal 0 0 1
    outer loop
      vertex -157.868 -57.4594 591
      vertex -171.964 -62.5897 591
      vertex -165.854 -77.3391 591
    endloop
  endfacet
  facet normal -0 0 1
    outer loop
      vertex -182.304 15.9495 591
      vertex -167.361 14.6422 591
      vertex -180.22 31.7776 591
    endloop
  endfacet
  facet normal 0 0 1
    outer loop
      vertex -162.276 -43.4816 591
      vertex -176.764 -47.3639 591
      vertex -171.964 -62.5897 591
    endloop
  endfacet
  facet normal 0 0 1
    outer loop
      vertex -167.361 14.6422 591
      vertex -182.304 15.9495 591
      vertex -168 0 591
    endloop
  endfacet
  facet normal 0 0 1
    outer loop
      vertex -165.448 -29.1729 591
      vertex -180.22 -31.7776 591
      vertex -176.764 -47.3639 591
    endloop
  endfacet
  facet normal 0 0 1
    outer loop
      vertex -183 0 591
      vertex -168 0 591
      vertex -182.304 15.9495 591
    endloop
  endfacet
  facet normal 0 0 1
    outer loop
      vertex -167.361 -14.6422 591
      vertex -182.304 -15.9495 591
      vertex -180.22 -31.7776 591
    endloop
  endfacet
  facet normal 0 0 1
    outer loop
      vertex -168 0 591
      vertex -183 0 591
      vertex -182.304 -15.9495 591
    endloop
  endfacet
  facet normal -0.675552 -0.737313 0
    outer loop
      vertex -129.401 -129.401 573
      vertex -117.63 -140.186 591
      vertex -129.401 -129.401 591
    endloop
  endfacet
  facet normal -0.675552 -0.737313 -0
    outer loop
      vertex -117.63 -140.186 591
      vertex -129.401 -129.401 573
      vertex -117.63 -140.186 573
    endloop
  endfacet
  facet normal -0.0435962 -0.999049 0
    outer loop
      vertex -15.9495 -182.304 573
      vertex 0 -183 591
      vertex -15.9495 -182.304 591
    endloop
  endfacet
  facet normal -0.0435962 -0.999049 -0
    outer loop
      vertex 0 -183 591
      vertex -15.9495 -182.304 573
      vertex 0 -183 573
    endloop
  endfacet
  facet normal 0.675552 -0.737313 0
    outer loop
      vertex 117.63 -140.186 573
      vertex 129.401 -129.401 591
      vertex 117.63 -140.186 591
    endloop
  endfacet
  facet normal 0.675552 -0.737313 0
    outer loop
      vertex 129.401 -129.401 591
      vertex 117.63 -140.186 573
      vertex 129.401 -129.401 573
    endloop
  endfacet
  facet normal 0.608763 -0.793352 0
    outer loop
      vertex 104.964 -149.905 573
      vertex 117.63 -140.186 591
      vertex 104.964 -149.905 591
    endloop
  endfacet
  facet normal 0.608763 -0.793352 0
    outer loop
      vertex 117.63 -140.186 591
      vertex 104.964 -149.905 573
      vertex 117.63 -140.186 573
    endloop
  endfacet
  facet normal -0.843378 0.537321 0
    outer loop
      vertex -158.483 91.5 573
      vertex -149.905 104.964 591
      vertex -149.905 104.964 573
    endloop
  endfacet
  facet normal -0.843378 0.537321 0
    outer loop
      vertex -149.905 104.964 591
      vertex -158.483 91.5 573
      vertex -158.483 91.5 591
    endloop
  endfacet
  facet normal 0.300667 0.953729 -0
    outer loop
      vertex 62.5897 171.964 573
      vertex 47.3639 176.764 591
      vertex 62.5897 171.964 591
    endloop
  endfacet
  facet normal 0.300667 0.953729 0
    outer loop
      vertex 47.3639 176.764 591
      vertex 62.5897 171.964 573
      vertex 47.3639 176.764 573
    endloop
  endfacet
  facet normal -0.991445 -0.130526 0
    outer loop
      vertex 167.361 14.6422 573
      vertex 165.448 29.1729 591
      vertex 165.448 29.1729 573
    endloop
  endfacet
  facet normal -0.991445 -0.130526 0
    outer loop
      vertex 165.448 29.1729 591
      vertex 167.361 14.6422 573
      vertex 167.361 14.6422 591
    endloop
  endfacet
  facet normal -0.999049 -0.0435995 0
    outer loop
      vertex 168 0 573
      vertex 167.361 14.6422 591
      vertex 167.361 14.6422 573
    endloop
  endfacet
  facet normal -0.999049 -0.0435995 0
    outer loop
      vertex 167.361 14.6422 591
      vertex 168 0 573
      vertex 168 0 591
    endloop
  endfacet
  facet normal -0.976298 -0.216429 0
    outer loop
      vertex 165.448 29.1729 573
      vertex 162.276 43.4816 591
      vertex 162.276 43.4816 573
    endloop
  endfacet
  facet normal -0.976298 -0.216429 0
    outer loop
      vertex 162.276 43.4816 591
      vertex 165.448 29.1729 573
      vertex 165.448 29.1729 591
    endloop
  endfacet
  facet normal 0.675558 0.737307 -0
    outer loop
      vertex -107.988 -128.695 573
      vertex -118.794 -118.794 591
      vertex -107.988 -128.695 591
    endloop
  endfacet
  facet normal 0.675558 0.737307 0
    outer loop
      vertex -118.794 -118.794 591
      vertex -107.988 -128.695 573
      vertex -118.794 -118.794 573
    endloop
  endfacet
  facet normal 0.216429 -0.976298 0
    outer loop
      vertex -43.4816 162.276 573
      vertex -29.1729 165.448 591
      vertex -43.4816 162.276 591
    endloop
  endfacet
  facet normal 0.216429 -0.976298 0
    outer loop
      vertex -29.1729 165.448 591
      vertex -43.4816 162.276 573
      vertex -29.1729 165.448 573
    endloop
  endfacet
  facet normal -0.216429 0.976298 0
    outer loop
      vertex 43.4816 -162.276 573
      vertex 29.1729 -165.448 591
      vertex 43.4816 -162.276 591
    endloop
  endfacet
  facet normal -0.216429 0.976298 0
    outer loop
      vertex 29.1729 -165.448 591
      vertex 43.4816 -162.276 573
      vertex 29.1729 -165.448 573
    endloop
  endfacet
  facet normal -0.130526 -0.991445 0
    outer loop
      vertex 14.6422 167.361 573
      vertex 29.1729 165.448 591
      vertex 14.6422 167.361 591
    endloop
  endfacet
  facet normal -0.130526 -0.991445 -0
    outer loop
      vertex 29.1729 165.448 591
      vertex 14.6422 167.361 573
      vertex 29.1729 165.448 573
    endloop
  endfacet
  facet normal -0.737307 0.675558 0
    outer loop
      vertex 118.794 -118.794 573
      vertex 128.695 -107.988 591
      vertex 128.695 -107.988 573
    endloop
  endfacet
  facet normal -0.737307 0.675558 0
    outer loop
      vertex 128.695 -107.988 591
      vertex 118.794 -118.794 573
      vertex 118.794 -118.794 591
    endloop
  endfacet
  facet normal -0.537266 0.843413 0
    outer loop
      vertex 96.3608 -137.618 573
      vertex 84 -145.492 591
      vertex 96.3608 -137.618 591
    endloop
  endfacet
  facet normal -0.537266 0.843413 0
    outer loop
      vertex 84 -145.492 591
      vertex 96.3608 -137.618 573
      vertex 84 -145.492 573
    endloop
  endfacet
  facet normal 0.46178 -0.886995 0
    outer loop
      vertex -84 145.492 573
      vertex -70.9999 152.26 591
      vertex -84 145.492 591
    endloop
  endfacet
  facet normal 0.46178 -0.886995 0
    outer loop
      vertex -70.9999 152.26 591
      vertex -84 145.492 573
      vertex -70.9999 152.26 573
    endloop
  endfacet
  facet normal -0.130526 0.991445 0
    outer loop
      vertex 29.1729 -165.448 573
      vertex 14.6422 -167.361 591
      vertex 29.1729 -165.448 591
    endloop
  endfacet
  facet normal -0.130526 0.991445 0
    outer loop
      vertex 14.6422 -167.361 591
      vertex 29.1729 -165.448 573
      vertex 14.6422 -167.361 573
    endloop
  endfacet
  facet normal 0.953701 -0.300756 0
    outer loop
      vertex -162.276 43.4816 591
      vertex -157.868 57.4594 573
      vertex -157.868 57.4594 591
    endloop
  endfacet
  facet normal 0.953701 -0.300756 0
    outer loop
      vertex -157.868 57.4594 573
      vertex -162.276 43.4816 591
      vertex -162.276 43.4816 573
    endloop
  endfacet
  facet normal 0.537266 0.843413 -0
    outer loop
      vertex -84 -145.492 573
      vertex -96.3608 -137.618 591
      vertex -84 -145.492 591
    endloop
  endfacet
  facet normal 0.537266 0.843413 0
    outer loop
      vertex -96.3608 -137.618 591
      vertex -84 -145.492 573
      vertex -96.3608 -137.618 573
    endloop
  endfacet
  facet normal -0.991445 0.130526 0
    outer loop
      vertex 165.448 -29.1729 573
      vertex 167.361 -14.6422 591
      vertex 167.361 -14.6422 573
    endloop
  endfacet
  facet normal -0.991445 0.130526 0
    outer loop
      vertex 167.361 -14.6422 591
      vertex 165.448 -29.1729 573
      vertex 165.448 -29.1729 591
    endloop
  endfacet
  facet normal -0.60881 -0.793316 0
    outer loop
      vertex 96.3608 137.618 573
      vertex 107.988 128.695 591
      vertex 96.3608 137.618 591
    endloop
  endfacet
  facet normal -0.60881 -0.793316 -0
    outer loop
      vertex 107.988 128.695 591
      vertex 96.3608 137.618 573
      vertex 107.988 128.695 573
    endloop
  endfacet
  facet normal 0.953701 0.300756 0
    outer loop
      vertex -157.868 -57.4594 591
      vertex -162.276 -43.4816 573
      vertex -162.276 -43.4816 591
    endloop
  endfacet
  facet normal 0.953701 0.300756 0
    outer loop
      vertex -162.276 -43.4816 573
      vertex -157.868 -57.4594 591
      vertex -157.868 -57.4594 573
    endloop
  endfacet
  facet normal 0.886995 -0.46178 0
    outer loop
      vertex -152.26 70.9999 591
      vertex -145.492 84 573
      vertex -145.492 84 591
    endloop
  endfacet
  facet normal 0.886995 -0.46178 0
    outer loop
      vertex -145.492 84 573
      vertex -152.26 70.9999 591
      vertex -152.26 70.9999 573
    endloop
  endfacet
  facet normal 0.976298 0.216429 0
    outer loop
      vertex -162.276 -43.4816 591
      vertex -165.448 -29.1729 573
      vertex -165.448 -29.1729 591
    endloop
  endfacet
  facet normal 0.976298 0.216429 0
    outer loop
      vertex -165.448 -29.1729 573
      vertex -162.276 -43.4816 591
      vertex -162.276 -43.4816 573
    endloop
  endfacet
  facet normal -0.976298 0.216429 0
    outer loop
      vertex 162.276 -43.4816 573
      vertex 165.448 -29.1729 591
      vertex 165.448 -29.1729 573
    endloop
  endfacet
  facet normal -0.976298 0.216429 0
    outer loop
      vertex 165.448 -29.1729 591
      vertex 162.276 -43.4816 573
      vertex 162.276 -43.4816 591
    endloop
  endfacet
  facet normal -0.953701 -0.300756 0
    outer loop
      vertex 162.276 43.4816 573
      vertex 157.868 57.4594 591
      vertex 157.868 57.4594 573
    endloop
  endfacet
  facet normal -0.953701 -0.300756 0
    outer loop
      vertex 157.868 57.4594 591
      vertex 162.276 43.4816 573
      vertex 162.276 43.4816 591
    endloop
  endfacet
  facet normal -0.60881 0.793316 0
    outer loop
      vertex 107.988 -128.695 573
      vertex 96.3608 -137.618 591
      vertex 107.988 -128.695 591
    endloop
  endfacet
  facet normal -0.60881 0.793316 0
    outer loop
      vertex 96.3608 -137.618 591
      vertex 107.988 -128.695 573
      vertex 96.3608 -137.618 573
    endloop
  endfacet
  facet normal 0.991445 0.130526 0
    outer loop
      vertex -165.448 -29.1729 591
      vertex -167.361 -14.6422 573
      vertex -167.361 -14.6422 591
    endloop
  endfacet
  facet normal 0.991445 0.130526 0
    outer loop
      vertex -167.361 -14.6422 573
      vertex -165.448 -29.1729 591
      vertex -165.448 -29.1729 573
    endloop
  endfacet
  facet normal 0.923895 -0.382645 0
    outer loop
      vertex -157.868 57.4594 591
      vertex -152.26 70.9999 573
      vertex -152.26 70.9999 591
    endloop
  endfacet
  facet normal 0.923895 -0.382645 0
    outer loop
      vertex -152.26 70.9999 573
      vertex -157.868 57.4594 591
      vertex -157.868 57.4594 573
    endloop
  endfacet
  facet normal -0.843413 -0.537266 0
    outer loop
      vertex 145.492 84 573
      vertex 137.618 96.3608 591
      vertex 137.618 96.3608 573
    endloop
  endfacet
  facet normal -0.843413 -0.537266 0
    outer loop
      vertex 137.618 96.3608 591
      vertex 145.492 84 573
      vertex 145.492 84 591
    endloop
  endfacet
  facet normal -0.675558 0.737307 0
    outer loop
      vertex 118.794 -118.794 573
      vertex 107.988 -128.695 591
      vertex 118.794 -118.794 591
    endloop
  endfacet
  facet normal -0.675558 0.737307 0
    outer loop
      vertex 107.988 -128.695 591
      vertex 118.794 -118.794 573
      vertex 107.988 -128.695 573
    endloop
  endfacet
  facet normal -0.737307 -0.675558 0
    outer loop
      vertex 128.695 107.988 573
      vertex 118.794 118.794 591
      vertex 118.794 118.794 573
    endloop
  endfacet
  facet normal -0.737307 -0.675558 0
    outer loop
      vertex 118.794 118.794 591
      vertex 128.695 107.988 573
      vertex 128.695 107.988 591
    endloop
  endfacet
  facet normal -0.953701 0.300756 0
    outer loop
      vertex 157.868 -57.4594 573
      vertex 162.276 -43.4816 591
      vertex 162.276 -43.4816 573
    endloop
  endfacet
  facet normal -0.953701 0.300756 0
    outer loop
      vertex 162.276 -43.4816 591
      vertex 157.868 -57.4594 573
      vertex 157.868 -57.4594 591
    endloop
  endfacet
  facet normal -0.382645 0.923895 0
    outer loop
      vertex 70.9999 -152.26 573
      vertex 57.4594 -157.868 591
      vertex 70.9999 -152.26 591
    endloop
  endfacet
  facet normal -0.382645 0.923895 0
    outer loop
      vertex 57.4594 -157.868 591
      vertex 70.9999 -152.26 573
      vertex 57.4594 -157.868 573
    endloop
  endfacet
  facet normal 0.737307 -0.675558 0
    outer loop
      vertex -128.695 107.988 591
      vertex -118.794 118.794 573
      vertex -118.794 118.794 591
    endloop
  endfacet
  facet normal 0.737307 -0.675558 0
    outer loop
      vertex -118.794 118.794 573
      vertex -128.695 107.988 591
      vertex -128.695 107.988 573
    endloop
  endfacet
  facet normal 0.382645 -0.923895 0
    outer loop
      vertex -70.9999 152.26 573
      vertex -57.4594 157.868 591
      vertex -70.9999 152.26 591
    endloop
  endfacet
  facet normal 0.382645 -0.923895 0
    outer loop
      vertex -57.4594 157.868 591
      vertex -70.9999 152.26 573
      vertex -57.4594 157.868 573
    endloop
  endfacet
  facet normal 0.537266 -0.843413 0
    outer loop
      vertex -96.3608 137.618 573
      vertex -84 145.492 591
      vertex -96.3608 137.618 591
    endloop
  endfacet
  facet normal 0.537266 -0.843413 0
    outer loop
      vertex -84 145.492 591
      vertex -96.3608 137.618 573
      vertex -84 145.492 573
    endloop
  endfacet
  facet normal -0.216429 -0.976298 0
    outer loop
      vertex 29.1729 165.448 573
      vertex 43.4816 162.276 591
      vertex 29.1729 165.448 591
    endloop
  endfacet
  facet normal -0.216429 -0.976298 -0
    outer loop
      vertex 43.4816 162.276 591
      vertex 29.1729 165.448 573
      vertex 43.4816 162.276 573
    endloop
  endfacet
  facet normal -0.382645 -0.923895 0
    outer loop
      vertex 57.4594 157.868 573
      vertex 70.9999 152.26 591
      vertex 57.4594 157.868 591
    endloop
  endfacet
  facet normal -0.382645 -0.923895 -0
    outer loop
      vertex 70.9999 152.26 591
      vertex 57.4594 157.868 573
      vertex 70.9999 152.26 573
    endloop
  endfacet
  facet normal -0.0435995 -0.999049 0
    outer loop
      vertex 0 168 573
      vertex 14.6422 167.361 591
      vertex 0 168 591
    endloop
  endfacet
  facet normal -0.0435995 -0.999049 -0
    outer loop
      vertex 14.6422 167.361 591
      vertex 0 168 573
      vertex 14.6422 167.361 573
    endloop
  endfacet
  facet normal -0.46178 0.886995 0
    outer loop
      vertex 84 -145.492 573
      vertex 70.9999 -152.26 591
      vertex 84 -145.492 591
    endloop
  endfacet
  facet normal -0.46178 0.886995 0
    outer loop
      vertex 70.9999 -152.26 591
      vertex 84 -145.492 573
      vertex 70.9999 -152.26 573
    endloop
  endfacet
  facet normal -0.537266 -0.843413 0
    outer loop
      vertex 84 145.492 573
      vertex 96.3608 137.618 591
      vertex 84 145.492 591
    endloop
  endfacet
  facet normal -0.537266 -0.843413 -0
    outer loop
      vertex 96.3608 137.618 591
      vertex 84 145.492 573
      vertex 96.3608 137.618 573
    endloop
  endfacet
  facet normal -0.46178 -0.886995 0
    outer loop
      vertex 70.9999 152.26 573
      vertex 84 145.492 591
      vertex 70.9999 152.26 591
    endloop
  endfacet
  facet normal -0.46178 -0.886995 -0
    outer loop
      vertex 84 145.492 591
      vertex 70.9999 152.26 573
      vertex 84 145.492 573
    endloop
  endfacet
  facet normal -0.0435995 0.999049 0
    outer loop
      vertex 14.6422 -167.361 573
      vertex 0 -168 591
      vertex 14.6422 -167.361 591
    endloop
  endfacet
  facet normal -0.0435995 0.999049 0
    outer loop
      vertex 0 -168 591
      vertex 14.6422 -167.361 573
      vertex 0 -168 573
    endloop
  endfacet
  facet normal -0.843413 0.537266 0
    outer loop
      vertex 137.618 -96.3608 573
      vertex 145.492 -84 591
      vertex 145.492 -84 573
    endloop
  endfacet
  facet normal -0.843413 0.537266 0
    outer loop
      vertex 145.492 -84 591
      vertex 137.618 -96.3608 573
      vertex 137.618 -96.3608 591
    endloop
  endfacet
  facet normal -0.999049 0.0435995 0
    outer loop
      vertex 167.361 -14.6422 573
      vertex 168 0 591
      vertex 168 0 573
    endloop
  endfacet
  facet normal -0.999049 0.0435995 0
    outer loop
      vertex 168 0 591
      vertex 167.361 -14.6422 573
      vertex 167.361 -14.6422 591
    endloop
  endfacet
  facet normal -0.793316 0.60881 0
    outer loop
      vertex 128.695 -107.988 573
      vertex 137.618 -96.3608 591
      vertex 137.618 -96.3608 573
    endloop
  endfacet
  facet normal -0.793316 0.60881 0
    outer loop
      vertex 137.618 -96.3608 591
      vertex 128.695 -107.988 573
      vertex 128.695 -107.988 591
    endloop
  endfacet
  facet normal 0.300756 -0.953701 0
    outer loop
      vertex -57.4594 157.868 573
      vertex -43.4816 162.276 591
      vertex -57.4594 157.868 591
    endloop
  endfacet
  facet normal 0.300756 -0.953701 0
    outer loop
      vertex -43.4816 162.276 591
      vertex -57.4594 157.868 573
      vertex -43.4816 162.276 573
    endloop
  endfacet
  facet normal 0.843413 -0.537266 0
    outer loop
      vertex -145.492 84 591
      vertex -137.618 96.3608 573
      vertex -137.618 96.3608 591
    endloop
  endfacet
  facet normal 0.843413 -0.537266 0
    outer loop
      vertex -137.618 96.3608 573
      vertex -145.492 84 591
      vertex -145.492 84 573
    endloop
  endfacet
  facet normal 0.130526 0.991445 -0
    outer loop
      vertex -14.6422 -167.361 573
      vertex -29.1729 -165.448 591
      vertex -14.6422 -167.361 591
    endloop
  endfacet
  facet normal 0.130526 0.991445 0
    outer loop
      vertex -29.1729 -165.448 591
      vertex -14.6422 -167.361 573
      vertex -29.1729 -165.448 573
    endloop
  endfacet
  facet normal 0.793316 0.60881 0
    outer loop
      vertex -128.695 -107.988 591
      vertex -137.618 -96.3608 573
      vertex -137.618 -96.3608 591
    endloop
  endfacet
  facet normal 0.793316 0.60881 0
    outer loop
      vertex -137.618 -96.3608 573
      vertex -128.695 -107.988 591
      vertex -128.695 -107.988 573
    endloop
  endfacet
  facet normal -0.923895 -0.382645 0
    outer loop
      vertex 157.868 57.4594 573
      vertex 152.26 70.9999 591
      vertex 152.26 70.9999 573
    endloop
  endfacet
  facet normal -0.923895 -0.382645 0
    outer loop
      vertex 152.26 70.9999 591
      vertex 157.868 57.4594 573
      vertex 157.868 57.4594 591
    endloop
  endfacet
  facet normal -0.886995 -0.46178 0
    outer loop
      vertex 152.26 70.9999 573
      vertex 145.492 84 591
      vertex 145.492 84 573
    endloop
  endfacet
  facet normal -0.886995 -0.46178 0
    outer loop
      vertex 145.492 84 591
      vertex 152.26 70.9999 573
      vertex 152.26 70.9999 591
    endloop
  endfacet
  facet normal 0.843413 0.537266 0
    outer loop
      vertex -137.618 -96.3608 591
      vertex -145.492 -84 573
      vertex -145.492 -84 591
    endloop
  endfacet
  facet normal 0.843413 0.537266 0
    outer loop
      vertex -145.492 -84 573
      vertex -137.618 -96.3608 591
      vertex -137.618 -96.3608 573
    endloop
  endfacet
  facet normal 0.0435995 -0.999049 0
    outer loop
      vertex -14.6422 167.361 573
      vertex 0 168 591
      vertex -14.6422 167.361 591
    endloop
  endfacet
  facet normal 0.0435995 -0.999049 0
    outer loop
      vertex 0 168 591
      vertex -14.6422 167.361 573
      vertex 0 168 573
    endloop
  endfacet
  facet normal 0.999049 0.0435995 0
    outer loop
      vertex -167.361 -14.6422 591
      vertex -168 0 573
      vertex -168 0 591
    endloop
  endfacet
  facet normal 0.999049 0.0435995 0
    outer loop
      vertex -168 0 573
      vertex -167.361 -14.6422 591
      vertex -167.361 -14.6422 573
    endloop
  endfacet
  facet normal 0.216429 0.976298 -0
    outer loop
      vertex -29.1729 -165.448 573
      vertex -43.4816 -162.276 591
      vertex -29.1729 -165.448 591
    endloop
  endfacet
  facet normal 0.216429 0.976298 0
    outer loop
      vertex -43.4816 -162.276 591
      vertex -29.1729 -165.448 573
      vertex -43.4816 -162.276 573
    endloop
  endfacet
  facet normal 0.130526 -0.991445 0
    outer loop
      vertex -29.1729 165.448 573
      vertex -14.6422 167.361 591
      vertex -29.1729 165.448 591
    endloop
  endfacet
  facet normal 0.130526 -0.991445 0
    outer loop
      vertex -14.6422 167.361 591
      vertex -29.1729 165.448 573
      vertex -14.6422 167.361 573
    endloop
  endfacet
  facet normal 0.793316 -0.60881 0
    outer loop
      vertex -137.618 96.3608 591
      vertex -128.695 107.988 573
      vertex -128.695 107.988 591
    endloop
  endfacet
  facet normal 0.793316 -0.60881 0
    outer loop
      vertex -128.695 107.988 573
      vertex -137.618 96.3608 591
      vertex -137.618 96.3608 573
    endloop
  endfacet
  facet normal 0.675558 -0.737307 0
    outer loop
      vertex -118.794 118.794 573
      vertex -107.988 128.695 591
      vertex -118.794 118.794 591
    endloop
  endfacet
  facet normal 0.675558 -0.737307 0
    outer loop
      vertex -107.988 128.695 591
      vertex -118.794 118.794 573
      vertex -107.988 128.695 573
    endloop
  endfacet
  facet normal 0.60881 0.793316 -0
    outer loop
      vertex -96.3608 -137.618 573
      vertex -107.988 -128.695 591
      vertex -96.3608 -137.618 591
    endloop
  endfacet
  facet normal 0.60881 0.793316 0
    outer loop
      vertex -107.988 -128.695 591
      vertex -96.3608 -137.618 573
      vertex -107.988 -128.695 573
    endloop
  endfacet
  facet normal 0.737307 0.675558 0
    outer loop
      vertex -118.794 -118.794 591
      vertex -128.695 -107.988 573
      vertex -128.695 -107.988 591
    endloop
  endfacet
  facet normal 0.737307 0.675558 0
    outer loop
      vertex -128.695 -107.988 573
      vertex -118.794 -118.794 591
      vertex -118.794 -118.794 573
    endloop
  endfacet
  facet normal 0.46178 0.886995 -0
    outer loop
      vertex -70.9999 -152.26 573
      vertex -84 -145.492 591
      vertex -70.9999 -152.26 591
    endloop
  endfacet
  facet normal 0.46178 0.886995 0
    outer loop
      vertex -84 -145.492 591
      vertex -70.9999 -152.26 573
      vertex -84 -145.492 573
    endloop
  endfacet
  facet normal 0.60881 -0.793316 0
    outer loop
      vertex -107.988 128.695 573
      vertex -96.3608 137.618 591
      vertex -107.988 128.695 591
    endloop
  endfacet
  facet normal 0.60881 -0.793316 0
    outer loop
      vertex -96.3608 137.618 591
      vertex -107.988 128.695 573
      vertex -96.3608 137.618 573
    endloop
  endfacet
  facet normal 0.976298 -0.216429 0
    outer loop
      vertex -165.448 29.1729 591
      vertex -162.276 43.4816 573
      vertex -162.276 43.4816 591
    endloop
  endfacet
  facet normal 0.976298 -0.216429 0
    outer loop
      vertex -162.276 43.4816 573
      vertex -165.448 29.1729 591
      vertex -165.448 29.1729 573
    endloop
  endfacet
  facet normal 0.382645 0.923895 -0
    outer loop
      vertex -57.4594 -157.868 573
      vertex -70.9999 -152.26 591
      vertex -57.4594 -157.868 591
    endloop
  endfacet
  facet normal 0.382645 0.923895 0
    outer loop
      vertex -70.9999 -152.26 591
      vertex -57.4594 -157.868 573
      vertex -70.9999 -152.26 573
    endloop
  endfacet
  facet normal -0.300756 0.953701 0
    outer loop
      vertex 57.4594 -157.868 573
      vertex 43.4816 -162.276 591
      vertex 57.4594 -157.868 591
    endloop
  endfacet
  facet normal -0.300756 0.953701 0
    outer loop
      vertex 43.4816 -162.276 591
      vertex 57.4594 -157.868 573
      vertex 43.4816 -162.276 573
    endloop
  endfacet
  facet normal -0.923895 0.382645 0
    outer loop
      vertex 152.26 -70.9999 573
      vertex 157.868 -57.4594 591
      vertex 157.868 -57.4594 573
    endloop
  endfacet
  facet normal -0.923895 0.382645 0
    outer loop
      vertex 157.868 -57.4594 591
      vertex 152.26 -70.9999 573
      vertex 152.26 -70.9999 591
    endloop
  endfacet
  facet normal -0.886995 0.46178 0
    outer loop
      vertex 145.492 -84 573
      vertex 152.26 -70.9999 591
      vertex 152.26 -70.9999 573
    endloop
  endfacet
  facet normal -0.886995 0.46178 0
    outer loop
      vertex 152.26 -70.9999 591
      vertex 145.492 -84 573
      vertex 145.492 -84 591
    endloop
  endfacet
  facet normal -0.675558 -0.737307 0
    outer loop
      vertex 107.988 128.695 573
      vertex 118.794 118.794 591
      vertex 107.988 128.695 591
    endloop
  endfacet
  facet normal -0.675558 -0.737307 -0
    outer loop
      vertex 118.794 118.794 591
      vertex 107.988 128.695 573
      vertex 118.794 118.794 573
    endloop
  endfacet
  facet normal -0.793316 -0.60881 0
    outer loop
      vertex 137.618 96.3608 573
      vertex 128.695 107.988 591
      vertex 128.695 107.988 573
    endloop
  endfacet
  facet normal -0.793316 -0.60881 0
    outer loop
      vertex 128.695 107.988 591
      vertex 137.618 96.3608 573
      vertex 137.618 96.3608 591
    endloop
  endfacet
  facet normal 0.0435995 0.999049 -0
    outer loop
      vertex 0 -168 573
      vertex -14.6422 -167.361 591
      vertex 0 -168 591
    endloop
  endfacet
  facet normal 0.0435995 0.999049 0
    outer loop
      vertex -14.6422 -167.361 591
      vertex 0 -168 573
      vertex -14.6422 -167.361 573
    endloop
  endfacet
  facet normal 0.886995 0.46178 0
    outer loop
      vertex -145.492 -84 591
      vertex -152.26 -70.9999 573
      vertex -152.26 -70.9999 591
    endloop
  endfacet
  facet normal 0.886995 0.46178 0
    outer loop
      vertex -152.26 -70.9999 573
      vertex -145.492 -84 591
      vertex -145.492 -84 573
    endloop
  endfacet
  facet normal 0.923895 0.382645 0
    outer loop
      vertex -152.26 -70.9999 591
      vertex -157.868 -57.4594 573
      vertex -157.868 -57.4594 591
    endloop
  endfacet
  facet normal 0.923895 0.382645 0
    outer loop
      vertex -157.868 -57.4594 573
      vertex -152.26 -70.9999 591
      vertex -152.26 -70.9999 573
    endloop
  endfacet
  facet normal 0.991445 -0.130526 0
    outer loop
      vertex -167.361 14.6422 591
      vertex -165.448 29.1729 573
      vertex -165.448 29.1729 591
    endloop
  endfacet
  facet normal 0.991445 -0.130526 0
    outer loop
      vertex -165.448 29.1729 573
      vertex -167.361 14.6422 591
      vertex -167.361 14.6422 573
    endloop
  endfacet
  facet normal 0.999049 -0.0435995 0
    outer loop
      vertex -168 0 591
      vertex -167.361 14.6422 573
      vertex -167.361 14.6422 591
    endloop
  endfacet
  facet normal 0.999049 -0.0435995 0
    outer loop
      vertex -167.361 14.6422 573
      vertex -168 0 591
      vertex -168 0 573
    endloop
  endfacet
  facet normal 0.300756 0.953701 -0
    outer loop
      vertex -43.4816 -162.276 573
      vertex -57.4594 -157.868 591
      vertex -43.4816 -162.276 591
    endloop
  endfacet
  facet normal 0.300756 0.953701 0
    outer loop
      vertex -57.4594 -157.868 591
      vertex -43.4816 -162.276 573
      vertex -57.4594 -157.868 573
    endloop
  endfacet
  facet normal -0.300756 -0.953701 0
    outer loop
      vertex 43.4816 162.276 573
      vertex 57.4594 157.868 591
      vertex 43.4816 162.276 591
    endloop
  endfacet
  facet normal -0.300756 -0.953701 -0
    outer loop
      vertex 57.4594 157.868 591
      vertex 43.4816 162.276 573
      vertex 57.4594 157.868 573
    endloop
  endfacet
  facet normal -0.0436022 -0.999049 0
    outer loop
      vertex -13.7706 -157.399 29
      vertex 0 -158 47
      vertex -13.7706 -157.399 47
    endloop
  endfacet
  facet normal -0.0436022 -0.999049 -0
    outer loop
      vertex 0 -158 47
      vertex -13.7706 -157.399 29
      vertex 0 -158 29
    endloop
  endfacet
  facet normal 0.991446 0.130516 0
    outer loop
      vertex 157.399 13.7706 47
      vertex 155.6 27.4364 29
      vertex 155.6 27.4364 47
    endloop
  endfacet
  facet normal 0.991446 0.130516 0
    outer loop
      vertex 155.6 27.4364 29
      vertex 157.399 13.7706 47
      vertex 157.399 13.7706 29
    endloop
  endfacet
  facet normal 0.999049 0.0436022 0
    outer loop
      vertex 158 0 47
      vertex 157.399 13.7706 29
      vertex 157.399 13.7706 47
    endloop
  endfacet
  facet normal 0.999049 0.0436022 0
    outer loop
      vertex 157.399 13.7706 29
      vertex 158 0 47
      vertex 158 0 29
    endloop
  endfacet
  facet normal 0.737302 0.675564 0
    outer loop
      vertex 121.035 101.56 47
      vertex 111.723 111.723 29
      vertex 111.723 111.723 47
    endloop
  endfacet
  facet normal 0.737302 0.675564 0
    outer loop
      vertex 111.723 111.723 29
      vertex 121.035 101.56 47
      vertex 121.035 101.56 29
    endloop
  endfacet
  facet normal -0.886999 -0.461771 0
    outer loop
      vertex -136.832 -79 29
      vertex -143.197 -66.7737 47
      vertex -143.197 -66.7737 29
    endloop
  endfacet
  facet normal -0.886999 -0.461771 0
    outer loop
      vertex -143.197 -66.7737 47
      vertex -136.832 -79 29
      vertex -136.832 -79 47
    endloop
  endfacet
  facet normal 0.300715 0.953714 -0
    outer loop
      vertex 54.0392 148.471 29
      vertex 40.8934 152.616 47
      vertex 54.0392 148.471 47
    endloop
  endfacet
  facet normal 0.300715 0.953714 0
    outer loop
      vertex 40.8934 152.616 47
      vertex 54.0392 148.471 29
      vertex 40.8934 152.616 29
    endloop
  endfacet
  facet normal -0.461771 0.886999 0
    outer loop
      vertex -66.7737 143.197 29
      vertex -79 136.832 47
      vertex -66.7737 143.197 47
    endloop
  endfacet
  facet normal -0.461771 0.886999 0
    outer loop
      vertex -79 136.832 47
      vertex -66.7737 143.197 29
      vertex -79 136.832 29
    endloop
  endfacet
  facet normal -0.953714 0.300715 0
    outer loop
      vertex -152.616 40.8934 29
      vertex -148.471 54.0392 47
      vertex -148.471 54.0392 29
    endloop
  endfacet
  facet normal -0.953714 0.300715 0
    outer loop
      vertex -148.471 54.0392 47
      vertex -152.616 40.8934 29
      vertex -152.616 40.8934 47
    endloop
  endfacet
  facet normal -0.216485 0.976286 0
    outer loop
      vertex -27.4364 155.6 29
      vertex -40.8934 152.616 47
      vertex -27.4364 155.6 47
    endloop
  endfacet
  facet normal -0.216485 0.976286 0
    outer loop
      vertex -40.8934 152.616 47
      vertex -27.4364 155.6 29
      vertex -40.8934 152.616 29
    endloop
  endfacet
  facet normal -0.976286 0.216485 0
    outer loop
      vertex -155.6 27.4364 29
      vertex -152.616 40.8934 47
      vertex -152.616 40.8934 29
    endloop
  endfacet
  facet normal -0.976286 0.216485 0
    outer loop
      vertex -152.616 40.8934 47
      vertex -155.6 27.4364 29
      vertex -155.6 27.4364 47
    endloop
  endfacet
  facet normal 0.130516 -0.991446 0
    outer loop
      vertex 13.7706 -157.399 29
      vertex 27.4364 -155.6 47
      vertex 13.7706 -157.399 47
    endloop
  endfacet
  facet normal 0.130516 -0.991446 0
    outer loop
      vertex 27.4364 -155.6 47
      vertex 13.7706 -157.399 29
      vertex 27.4364 -155.6 29
    endloop
  endfacet
  facet normal 0.953714 0.300715 0
    outer loop
      vertex 152.616 40.8934 47
      vertex 148.471 54.0392 29
      vertex 148.471 54.0392 47
    endloop
  endfacet
  facet normal 0.953714 0.300715 0
    outer loop
      vertex 148.471 54.0392 29
      vertex 152.616 40.8934 47
      vertex 152.616 40.8934 29
    endloop
  endfacet
  facet normal 0.608778 0.793341 -0
    outer loop
      vertex 101.56 121.035 29
      vertex 90.6251 129.426 47
      vertex 101.56 121.035 47
    endloop
  endfacet
  facet normal 0.608778 0.793341 0
    outer loop
      vertex 90.6251 129.426 47
      vertex 101.56 121.035 29
      vertex 90.6251 129.426 29
    endloop
  endfacet
  facet normal -0.953714 -0.300715 0
    outer loop
      vertex -148.471 -54.0392 29
      vertex -152.616 -40.8934 47
      vertex -152.616 -40.8934 29
    endloop
  endfacet
  facet normal -0.953714 -0.300715 0
    outer loop
      vertex -152.616 -40.8934 47
      vertex -148.471 -54.0392 29
      vertex -148.471 -54.0392 47
    endloop
  endfacet
  facet normal 0.793341 -0.608778 0
    outer loop
      vertex 121.035 -101.56 47
      vertex 129.426 -90.6251 29
      vertex 129.426 -90.6251 47
    endloop
  endfacet
  facet normal 0.793341 -0.608778 0
    outer loop
      vertex 129.426 -90.6251 29
      vertex 121.035 -101.56 47
      vertex 121.035 -101.56 29
    endloop
  endfacet
  facet normal 0.793341 0.608778 0
    outer loop
      vertex 129.426 90.6251 47
      vertex 121.035 101.56 29
      vertex 121.035 101.56 47
    endloop
  endfacet
  facet normal 0.793341 0.608778 0
    outer loop
      vertex 121.035 101.56 29
      vertex 129.426 90.6251 47
      vertex 129.426 90.6251 29
    endloop
  endfacet
  facet normal 0.843392 0.537299 0
    outer loop
      vertex 136.832 79 47
      vertex 129.426 90.6251 29
      vertex 129.426 90.6251 47
    endloop
  endfacet
  facet normal 0.843392 0.537299 0
    outer loop
      vertex 129.426 90.6251 29
      vertex 136.832 79 47
      vertex 136.832 79 29
    endloop
  endfacet
  facet normal -0.793341 -0.608778 0
    outer loop
      vertex -121.035 -101.56 29
      vertex -129.426 -90.6251 47
      vertex -129.426 -90.6251 29
    endloop
  endfacet
  facet normal -0.793341 -0.608778 0
    outer loop
      vertex -129.426 -90.6251 47
      vertex -121.035 -101.56 29
      vertex -121.035 -101.56 47
    endloop
  endfacet
  facet normal 0.216485 0.976286 -0
    outer loop
      vertex 40.8934 152.616 29
      vertex 27.4364 155.6 47
      vertex 40.8934 152.616 47
    endloop
  endfacet
  facet normal 0.216485 0.976286 0
    outer loop
      vertex 27.4364 155.6 47
      vertex 40.8934 152.616 29
      vertex 27.4364 155.6 29
    endloop
  endfacet
  facet normal 0.976286 -0.216485 0
    outer loop
      vertex 152.616 -40.8934 47
      vertex 155.6 -27.4364 29
      vertex 155.6 -27.4364 47
    endloop
  endfacet
  facet normal 0.976286 -0.216485 0
    outer loop
      vertex 155.6 -27.4364 29
      vertex 152.616 -40.8934 47
      vertex 152.616 -40.8934 29
    endloop
  endfacet
  facet normal 0.461771 0.886999 -0
    outer loop
      vertex 79 136.832 29
      vertex 66.7737 143.197 47
      vertex 79 136.832 47
    endloop
  endfacet
  facet normal 0.461771 0.886999 0
    outer loop
      vertex 66.7737 143.197 47
      vertex 79 136.832 29
      vertex 66.7737 143.197 29
    endloop
  endfacet
  facet normal 0.0436022 0.999049 -0
    outer loop
      vertex 13.7706 157.399 29
      vertex 0 158 47
      vertex 13.7706 157.399 47
    endloop
  endfacet
  facet normal 0.0436022 0.999049 0
    outer loop
      vertex 0 158 47
      vertex 13.7706 157.399 29
      vertex 0 158 29
    endloop
  endfacet
  facet normal 0.537299 0.843392 -0
    outer loop
      vertex 90.6251 129.426 29
      vertex 79 136.832 47
      vertex 90.6251 129.426 47
    endloop
  endfacet
  facet normal 0.537299 0.843392 0
    outer loop
      vertex 79 136.832 47
      vertex 90.6251 129.426 29
      vertex 79 136.832 29
    endloop
  endfacet
  facet normal 0.608778 -0.793341 0
    outer loop
      vertex 90.6251 -129.426 29
      vertex 101.56 -121.035 47
      vertex 90.6251 -129.426 47
    endloop
  endfacet
  facet normal 0.608778 -0.793341 0
    outer loop
      vertex 101.56 -121.035 47
      vertex 90.6251 -129.426 29
      vertex 101.56 -121.035 29
    endloop
  endfacet
  facet normal 0.9239 0.382634 0
    outer loop
      vertex 148.471 54.0392 47
      vertex 143.197 66.7737 29
      vertex 143.197 66.7737 47
    endloop
  endfacet
  facet normal 0.9239 0.382634 0
    outer loop
      vertex 143.197 66.7737 29
      vertex 148.471 54.0392 47
      vertex 148.471 54.0392 29
    endloop
  endfacet
  facet normal 0.9239 -0.382634 0
    outer loop
      vertex 143.197 -66.7737 47
      vertex 148.471 -54.0392 29
      vertex 148.471 -54.0392 47
    endloop
  endfacet
  facet normal 0.9239 -0.382634 0
    outer loop
      vertex 148.471 -54.0392 29
      vertex 143.197 -66.7737 47
      vertex 143.197 -66.7737 29
    endloop
  endfacet
  facet normal 0.382634 0.9239 -0
    outer loop
      vertex 66.7737 143.197 29
      vertex 54.0392 148.471 47
      vertex 66.7737 143.197 47
    endloop
  endfacet
  facet normal 0.382634 0.9239 0
    outer loop
      vertex 54.0392 148.471 47
      vertex 66.7737 143.197 29
      vertex 54.0392 148.471 29
    endloop
  endfacet
  facet normal 0.300715 -0.953714 0
    outer loop
      vertex 40.8934 -152.616 29
      vertex 54.0392 -148.471 47
      vertex 40.8934 -152.616 47
    endloop
  endfacet
  facet normal 0.300715 -0.953714 0
    outer loop
      vertex 54.0392 -148.471 47
      vertex 40.8934 -152.616 29
      vertex 54.0392 -148.471 29
    endloop
  endfacet
  facet normal -0.991446 0.130516 0
    outer loop
      vertex -157.399 13.7706 29
      vertex -155.6 27.4364 47
      vertex -155.6 27.4364 29
    endloop
  endfacet
  facet normal -0.991446 0.130516 0
    outer loop
      vertex -155.6 27.4364 47
      vertex -157.399 13.7706 29
      vertex -157.399 13.7706 47
    endloop
  endfacet
  facet normal -0.216485 -0.976286 0
    outer loop
      vertex -40.8934 -152.616 29
      vertex -27.4364 -155.6 47
      vertex -40.8934 -152.616 47
    endloop
  endfacet
  facet normal -0.216485 -0.976286 -0
    outer loop
      vertex -27.4364 -155.6 47
      vertex -40.8934 -152.616 29
      vertex -27.4364 -155.6 29
    endloop
  endfacet
  facet normal -0.737302 0.675564 0
    outer loop
      vertex -121.035 101.56 29
      vertex -111.723 111.723 47
      vertex -111.723 111.723 29
    endloop
  endfacet
  facet normal -0.737302 0.675564 0
    outer loop
      vertex -111.723 111.723 47
      vertex -121.035 101.56 29
      vertex -121.035 101.56 47
    endloop
  endfacet
  facet normal -0.675564 -0.737302 0
    outer loop
      vertex -111.723 -111.723 29
      vertex -101.56 -121.035 47
      vertex -111.723 -111.723 47
    endloop
  endfacet
  facet normal -0.675564 -0.737302 -0
    outer loop
      vertex -101.56 -121.035 47
      vertex -111.723 -111.723 29
      vertex -101.56 -121.035 29
    endloop
  endfacet
  facet normal 0.130516 0.991446 -0
    outer loop
      vertex 27.4364 155.6 29
      vertex 13.7706 157.399 47
      vertex 27.4364 155.6 47
    endloop
  endfacet
  facet normal 0.130516 0.991446 0
    outer loop
      vertex 13.7706 157.399 47
      vertex 27.4364 155.6 29
      vertex 13.7706 157.399 29
    endloop
  endfacet
  facet normal 0.461771 -0.886999 0
    outer loop
      vertex 66.7737 -143.197 29
      vertex 79 -136.832 47
      vertex 66.7737 -143.197 47
    endloop
  endfacet
  facet normal 0.461771 -0.886999 0
    outer loop
      vertex 79 -136.832 47
      vertex 66.7737 -143.197 29
      vertex 79 -136.832 29
    endloop
  endfacet
  facet normal 0.0436022 -0.999049 0
    outer loop
      vertex 0 -158 29
      vertex 13.7706 -157.399 47
      vertex 0 -158 47
    endloop
  endfacet
  facet normal 0.0436022 -0.999049 0
    outer loop
      vertex 13.7706 -157.399 47
      vertex 0 -158 29
      vertex 13.7706 -157.399 29
    endloop
  endfacet
  facet normal 0.953714 -0.300715 0
    outer loop
      vertex 148.471 -54.0392 47
      vertex 152.616 -40.8934 29
      vertex 152.616 -40.8934 47
    endloop
  endfacet
  facet normal 0.953714 -0.300715 0
    outer loop
      vertex 152.616 -40.8934 29
      vertex 148.471 -54.0392 47
      vertex 148.471 -54.0392 29
    endloop
  endfacet
  facet normal 0.843392 -0.537299 0
    outer loop
      vertex 129.426 -90.6251 47
      vertex 136.832 -79 29
      vertex 136.832 -79 47
    endloop
  endfacet
  facet normal 0.843392 -0.537299 0
    outer loop
      vertex 136.832 -79 29
      vertex 129.426 -90.6251 47
      vertex 129.426 -90.6251 29
    endloop
  endfacet
  facet normal -0.130516 0.991446 0
    outer loop
      vertex -13.7706 157.399 29
      vertex -27.4364 155.6 47
      vertex -13.7706 157.399 47
    endloop
  endfacet
  facet normal -0.130516 0.991446 0
    outer loop
      vertex -27.4364 155.6 47
      vertex -13.7706 157.399 29
      vertex -27.4364 155.6 29
    endloop
  endfacet
  facet normal -0.608778 0.793341 0
    outer loop
      vertex -90.6251 129.426 29
      vertex -101.56 121.035 47
      vertex -90.6251 129.426 47
    endloop
  endfacet
  facet normal -0.608778 0.793341 0
    outer loop
      vertex -101.56 121.035 47
      vertex -90.6251 129.426 29
      vertex -101.56 121.035 29
    endloop
  endfacet
  facet normal -0.382634 -0.9239 0
    outer loop
      vertex -66.7737 -143.197 29
      vertex -54.0392 -148.471 47
      vertex -66.7737 -143.197 47
    endloop
  endfacet
  facet normal -0.382634 -0.9239 -0
    outer loop
      vertex -54.0392 -148.471 47
      vertex -66.7737 -143.197 29
      vertex -54.0392 -148.471 29
    endloop
  endfacet
  facet normal -0.976286 -0.216485 0
    outer loop
      vertex -152.616 -40.8934 29
      vertex -155.6 -27.4364 47
      vertex -155.6 -27.4364 29
    endloop
  endfacet
  facet normal -0.976286 -0.216485 0
    outer loop
      vertex -155.6 -27.4364 47
      vertex -152.616 -40.8934 29
      vertex -152.616 -40.8934 47
    endloop
  endfacet
  facet normal 0.886999 0.461771 0
    outer loop
      vertex 143.197 66.7737 47
      vertex 136.832 79 29
      vertex 136.832 79 47
    endloop
  endfacet
  facet normal 0.886999 0.461771 0
    outer loop
      vertex 136.832 79 29
      vertex 143.197 66.7737 47
      vertex 143.197 66.7737 29
    endloop
  endfacet
  facet normal 0.999049 -0.0436022 0
    outer loop
      vertex 157.399 -13.7706 47
      vertex 158 0 29
      vertex 158 0 47
    endloop
  endfacet
  facet normal 0.999049 -0.0436022 0
    outer loop
      vertex 158 0 29
      vertex 157.399 -13.7706 47
      vertex 157.399 -13.7706 29
    endloop
  endfacet
  facet normal -0.382634 0.9239 0
    outer loop
      vertex -54.0392 148.471 29
      vertex -66.7737 143.197 47
      vertex -54.0392 148.471 47
    endloop
  endfacet
  facet normal -0.382634 0.9239 0
    outer loop
      vertex -66.7737 143.197 47
      vertex -54.0392 148.471 29
      vertex -66.7737 143.197 29
    endloop
  endfacet
  facet normal 0.991446 -0.130516 0
    outer loop
      vertex 155.6 -27.4364 47
      vertex 157.399 -13.7706 29
      vertex 157.399 -13.7706 47
    endloop
  endfacet
  facet normal 0.991446 -0.130516 0
    outer loop
      vertex 157.399 -13.7706 29
      vertex 155.6 -27.4364 47
      vertex 155.6 -27.4364 29
    endloop
  endfacet
  facet normal -0.9239 0.382634 0
    outer loop
      vertex -148.471 54.0392 29
      vertex -143.197 66.7737 47
      vertex -143.197 66.7737 29
    endloop
  endfacet
  facet normal -0.9239 0.382634 0
    outer loop
      vertex -143.197 66.7737 47
      vertex -148.471 54.0392 29
      vertex -148.471 54.0392 47
    endloop
  endfacet
  facet normal -0.675564 0.737302 0
    outer loop
      vertex -101.56 121.035 29
      vertex -111.723 111.723 47
      vertex -101.56 121.035 47
    endloop
  endfacet
  facet normal -0.675564 0.737302 0
    outer loop
      vertex -111.723 111.723 47
      vertex -101.56 121.035 29
      vertex -111.723 111.723 29
    endloop
  endfacet
  facet normal 0.537299 -0.843392 0
    outer loop
      vertex 79 -136.832 29
      vertex 90.6251 -129.426 47
      vertex 79 -136.832 47
    endloop
  endfacet
  facet normal 0.537299 -0.843392 0
    outer loop
      vertex 90.6251 -129.426 47
      vertex 79 -136.832 29
      vertex 90.6251 -129.426 29
    endloop
  endfacet
  facet normal -0.843392 0.537299 0
    outer loop
      vertex -136.832 79 29
      vertex -129.426 90.6251 47
      vertex -129.426 90.6251 29
    endloop
  endfacet
  facet normal -0.843392 0.537299 0
    outer loop
      vertex -129.426 90.6251 47
      vertex -136.832 79 29
      vertex -136.832 79 47
    endloop
  endfacet
  facet normal -0.300715 0.953714 0
    outer loop
      vertex -40.8934 152.616 29
      vertex -54.0392 148.471 47
      vertex -40.8934 152.616 47
    endloop
  endfacet
  facet normal -0.300715 0.953714 0
    outer loop
      vertex -54.0392 148.471 47
      vertex -40.8934 152.616 29
      vertex -54.0392 148.471 29
    endloop
  endfacet
  facet normal -0.999049 -0.0436022 0
    outer loop
      vertex -157.399 -13.7706 29
      vertex -158 0 47
      vertex -158 0 29
    endloop
  endfacet
  facet normal -0.999049 -0.0436022 0
    outer loop
      vertex -158 0 47
      vertex -157.399 -13.7706 29
      vertex -157.399 -13.7706 47
    endloop
  endfacet
  facet normal -0.0436022 0.999049 0
    outer loop
      vertex 0 158 29
      vertex -13.7706 157.399 47
      vertex 0 158 47
    endloop
  endfacet
  facet normal -0.0436022 0.999049 0
    outer loop
      vertex -13.7706 157.399 47
      vertex 0 158 29
      vertex -13.7706 157.399 29
    endloop
  endfacet
  facet normal -0.9239 -0.382634 0
    outer loop
      vertex -143.197 -66.7737 29
      vertex -148.471 -54.0392 47
      vertex -148.471 -54.0392 29
    endloop
  endfacet
  facet normal -0.9239 -0.382634 0
    outer loop
      vertex -148.471 -54.0392 47
      vertex -143.197 -66.7737 29
      vertex -143.197 -66.7737 47
    endloop
  endfacet
  facet normal 0.382634 -0.9239 0
    outer loop
      vertex 54.0392 -148.471 29
      vertex 66.7737 -143.197 47
      vertex 54.0392 -148.471 47
    endloop
  endfacet
  facet normal 0.382634 -0.9239 0
    outer loop
      vertex 66.7737 -143.197 47
      vertex 54.0392 -148.471 29
      vertex 66.7737 -143.197 29
    endloop
  endfacet
  facet normal -0.737302 -0.675564 0
    outer loop
      vertex -111.723 -111.723 29
      vertex -121.035 -101.56 47
      vertex -121.035 -101.56 29
    endloop
  endfacet
  facet normal -0.737302 -0.675564 0
    outer loop
      vertex -121.035 -101.56 47
      vertex -111.723 -111.723 29
      vertex -111.723 -111.723 47
    endloop
  endfacet
  facet normal 0.675564 0.737302 -0
    outer loop
      vertex 111.723 111.723 29
      vertex 101.56 121.035 47
      vertex 111.723 111.723 47
    endloop
  endfacet
  facet normal 0.675564 0.737302 0
    outer loop
      vertex 101.56 121.035 47
      vertex 111.723 111.723 29
      vertex 101.56 121.035 29
    endloop
  endfacet
  facet normal -0.991446 -0.130516 0
    outer loop
      vertex -155.6 -27.4364 29
      vertex -157.399 -13.7706 47
      vertex -157.399 -13.7706 29
    endloop
  endfacet
  facet normal -0.991446 -0.130516 0
    outer loop
      vertex -157.399 -13.7706 47
      vertex -155.6 -27.4364 29
      vertex -155.6 -27.4364 47
    endloop
  endfacet
  facet normal -0.537299 0.843392 0
    outer loop
      vertex -79 136.832 29
      vertex -90.6251 129.426 47
      vertex -79 136.832 47
    endloop
  endfacet
  facet normal -0.537299 0.843392 0
    outer loop
      vertex -90.6251 129.426 47
      vertex -79 136.832 29
      vertex -90.6251 129.426 29
    endloop
  endfacet
  facet normal -0.608778 -0.793341 0
    outer loop
      vertex -101.56 -121.035 29
      vertex -90.6251 -129.426 47
      vertex -101.56 -121.035 47
    endloop
  endfacet
  facet normal -0.608778 -0.793341 -0
    outer loop
      vertex -90.6251 -129.426 47
      vertex -101.56 -121.035 29
      vertex -90.6251 -129.426 29
    endloop
  endfacet
  facet normal 0.886999 -0.461771 0
    outer loop
      vertex 136.832 -79 47
      vertex 143.197 -66.7737 29
      vertex 143.197 -66.7737 47
    endloop
  endfacet
  facet normal 0.886999 -0.461771 0
    outer loop
      vertex 143.197 -66.7737 29
      vertex 136.832 -79 47
      vertex 136.832 -79 29
    endloop
  endfacet
  facet normal 0.216485 -0.976286 0
    outer loop
      vertex 27.4364 -155.6 29
      vertex 40.8934 -152.616 47
      vertex 27.4364 -155.6 47
    endloop
  endfacet
  facet normal 0.216485 -0.976286 0
    outer loop
      vertex 40.8934 -152.616 47
      vertex 27.4364 -155.6 29
      vertex 40.8934 -152.616 29
    endloop
  endfacet
  facet normal 0.976286 0.216485 0
    outer loop
      vertex 155.6 27.4364 47
      vertex 152.616 40.8934 29
      vertex 152.616 40.8934 47
    endloop
  endfacet
  facet normal 0.976286 0.216485 0
    outer loop
      vertex 152.616 40.8934 29
      vertex 155.6 27.4364 47
      vertex 155.6 27.4364 29
    endloop
  endfacet
  facet normal -0.843392 -0.537299 0
    outer loop
      vertex -129.426 -90.6251 29
      vertex -136.832 -79 47
      vertex -136.832 -79 29
    endloop
  endfacet
  facet normal -0.843392 -0.537299 0
    outer loop
      vertex -136.832 -79 47
      vertex -129.426 -90.6251 29
      vertex -129.426 -90.6251 47
    endloop
  endfacet
  facet normal -0.999049 0.0436022 0
    outer loop
      vertex -158 0 29
      vertex -157.399 13.7706 47
      vertex -157.399 13.7706 29
    endloop
  endfacet
  facet normal -0.999049 0.0436022 0
    outer loop
      vertex -157.399 13.7706 47
      vertex -158 0 29
      vertex -158 0 47
    endloop
  endfacet
  facet normal -0.300715 -0.953714 0
    outer loop
      vertex -54.0392 -148.471 29
      vertex -40.8934 -152.616 47
      vertex -54.0392 -148.471 47
    endloop
  endfacet
  facet normal -0.300715 -0.953714 -0
    outer loop
      vertex -40.8934 -152.616 47
      vertex -54.0392 -148.471 29
      vertex -40.8934 -152.616 29
    endloop
  endfacet
  facet normal 0.737302 -0.675564 0
    outer loop
      vertex 111.723 -111.723 47
      vertex 121.035 -101.56 29
      vertex 121.035 -101.56 47
    endloop
  endfacet
  facet normal 0.737302 -0.675564 0
    outer loop
      vertex 121.035 -101.56 29
      vertex 111.723 -111.723 47
      vertex 111.723 -111.723 29
    endloop
  endfacet
  facet normal -0.130516 -0.991446 0
    outer loop
      vertex -27.4364 -155.6 29
      vertex -13.7706 -157.399 47
      vertex -27.4364 -155.6 47
    endloop
  endfacet
  facet normal -0.130516 -0.991446 -0
    outer loop
      vertex -13.7706 -157.399 47
      vertex -27.4364 -155.6 29
      vertex -13.7706 -157.399 29
    endloop
  endfacet
  facet normal 0.675564 -0.737302 0
    outer loop
      vertex 101.56 -121.035 29
      vertex 111.723 -111.723 47
      vertex 101.56 -121.035 47
    endloop
  endfacet
  facet normal 0.675564 -0.737302 0
    outer loop
      vertex 111.723 -111.723 47
      vertex 101.56 -121.035 29
      vertex 111.723 -111.723 29
    endloop
  endfacet
  facet normal 0 0 1
    outer loop
      vertex 136 0 47
      vertex 158 0 47
      vertex 157.399 13.7706 47
    endloop
  endfacet
  facet normal 0 0 1
    outer loop
      vertex 135.482 11.8532 47
      vertex 157.399 13.7706 47
      vertex 155.6 27.4364 47
    endloop
  endfacet
  facet normal 0 0 1
    outer loop
      vertex 158 0 47
      vertex 136 0 47
      vertex 157.399 -13.7706 47
    endloop
  endfacet
  facet normal 0 0 1
    outer loop
      vertex 133.934 23.6162 47
      vertex 155.6 27.4364 47
      vertex 152.616 40.8934 47
    endloop
  endfacet
  facet normal -0 0 1
    outer loop
      vertex 135.482 -11.8532 47
      vertex 157.399 -13.7706 47
      vertex 136 0 47
    endloop
  endfacet
  facet normal 0 0 1
    outer loop
      vertex 131.366 35.1994 47
      vertex 152.616 40.8934 47
      vertex 148.471 54.0392 47
    endloop
  endfacet
  facet normal 0 0 1
    outer loop
      vertex 157.399 -13.7706 47
      vertex 135.482 -11.8532 47
      vertex 155.6 -27.4364 47
    endloop
  endfacet
  facet normal 0 0 1
    outer loop
      vertex 127.798 46.5147 47
      vertex 148.471 54.0392 47
      vertex 143.197 66.7737 47
    endloop
  endfacet
  facet normal -0 0 1
    outer loop
      vertex 133.934 -23.6162 47
      vertex 155.6 -27.4364 47
      vertex 135.482 -11.8532 47
    endloop
  endfacet
  facet normal 0 0 1
    outer loop
      vertex 123.258 57.4761 47
      vertex 143.197 66.7737 47
      vertex 136.832 79 47
    endloop
  endfacet
  facet normal 0 0 1
    outer loop
      vertex 155.6 -27.4364 47
      vertex 133.934 -23.6162 47
      vertex 152.616 -40.8934 47
    endloop
  endfacet
  facet normal -0 0 1
    outer loop
      vertex 131.366 -35.1994 47
      vertex 152.616 -40.8934 47
      vertex 133.934 -23.6162 47
    endloop
  endfacet
  facet normal 0 0 1
    outer loop
      vertex 157.399 13.7706 47
      vertex 135.482 11.8532 47
      vertex 136 0 47
    endloop
  endfacet
  facet normal 0 0 1
    outer loop
      vertex 155.6 27.4364 47
      vertex 133.934 23.6162 47
      vertex 135.482 11.8532 47
    endloop
  endfacet
  facet normal 0 0 1
    outer loop
      vertex 152.616 40.8934 47
      vertex 131.366 35.1994 47
      vertex 133.934 23.6162 47
    endloop
  endfacet
  facet normal 0 0 1
    outer loop
      vertex 117.779 68 47
      vertex 136.832 79 47
      vertex 129.426 90.6251 47
    endloop
  endfacet
  facet normal 0 0 1
    outer loop
      vertex 148.471 54.0392 47
      vertex 127.798 46.5147 47
      vertex 131.366 35.1994 47
    endloop
  endfacet
  facet normal 0 0 1
    outer loop
      vertex 143.197 66.7737 47
      vertex 123.258 57.4761 47
      vertex 127.798 46.5147 47
    endloop
  endfacet
  facet normal 0 0 1
    outer loop
      vertex 111.405 78.0064 47
      vertex 129.426 90.6251 47
      vertex 121.035 101.56 47
    endloop
  endfacet
  facet normal 0 0 1
    outer loop
      vertex 136.832 79 47
      vertex 117.779 68 47
      vertex 123.258 57.4761 47
    endloop
  endfacet
  facet normal 0 0 1
    outer loop
      vertex 104.182 87.4191 47
      vertex 121.035 101.56 47
      vertex 111.723 111.723 47
    endloop
  endfacet
  facet normal 0 0 1
    outer loop
      vertex 129.426 90.6251 47
      vertex 111.405 78.0064 47
      vertex 117.779 68 47
    endloop
  endfacet
  facet normal 0 0 1
    outer loop
      vertex 121.035 101.56 47
      vertex 104.182 87.4191 47
      vertex 111.405 78.0064 47
    endloop
  endfacet
  facet normal 0 0 1
    outer loop
      vertex 96.1665 96.1665 47
      vertex 111.723 111.723 47
      vertex 101.56 121.035 47
    endloop
  endfacet
  facet normal 0 0 1
    outer loop
      vertex 111.723 111.723 47
      vertex 96.1665 96.1665 47
      vertex 104.182 87.4191 47
    endloop
  endfacet
  facet normal 0 0 1
    outer loop
      vertex 87.4191 104.182 47
      vertex 101.56 121.035 47
      vertex 90.6251 129.426 47
    endloop
  endfacet
  facet normal 0 0 1
    outer loop
      vertex 101.56 121.035 47
      vertex 87.4191 104.182 47
      vertex 96.1665 96.1665 47
    endloop
  endfacet
  facet normal 0 0 1
    outer loop
      vertex 78.0064 111.405 47
      vertex 90.6251 129.426 47
      vertex 79 136.832 47
    endloop
  endfacet
  facet normal 0 0 1
    outer loop
      vertex 90.6251 129.426 47
      vertex 78.0064 111.405 47
      vertex 87.4191 104.182 47
    endloop
  endfacet
  facet normal 0 0 1
    outer loop
      vertex 79 136.832 47
      vertex 68 117.779 47
      vertex 78.0064 111.405 47
    endloop
  endfacet
  facet normal 0 0 1
    outer loop
      vertex 66.7737 143.197 47
      vertex 68 117.779 47
      vertex 79 136.832 47
    endloop
  endfacet
  facet normal 0 0 1
    outer loop
      vertex 66.7737 143.197 47
      vertex 57.4761 123.258 47
      vertex 68 117.779 47
    endloop
  endfacet
  facet normal 0 0 1
    outer loop
      vertex 54.0392 148.471 47
      vertex 57.4761 123.258 47
      vertex 66.7737 143.197 47
    endloop
  endfacet
  facet normal 0 0 1
    outer loop
      vertex 54.0392 148.471 47
      vertex 46.5147 127.798 47
      vertex 57.4761 123.258 47
    endloop
  endfacet
  facet normal 0 0 1
    outer loop
      vertex 40.8934 152.616 47
      vertex 46.5147 127.798 47
      vertex 54.0392 148.471 47
    endloop
  endfacet
  facet normal 0 0 1
    outer loop
      vertex 40.8934 152.616 47
      vertex 35.1994 131.366 47
      vertex 46.5147 127.798 47
    endloop
  endfacet
  facet normal 0 0 1
    outer loop
      vertex 27.4364 155.6 47
      vertex 35.1994 131.366 47
      vertex 40.8934 152.616 47
    endloop
  endfacet
  facet normal 0 0 1
    outer loop
      vertex 27.4364 155.6 47
      vertex 23.6162 133.934 47
      vertex 35.1994 131.366 47
    endloop
  endfacet
  facet normal 0 0 1
    outer loop
      vertex 13.7706 157.399 47
      vertex 23.6162 133.934 47
      vertex 27.4364 155.6 47
    endloop
  endfacet
  facet normal 0 0 1
    outer loop
      vertex 13.7706 157.399 47
      vertex 11.8532 135.482 47
      vertex 23.6162 133.934 47
    endloop
  endfacet
  facet normal 0 0 1
    outer loop
      vertex 0 158 47
      vertex 11.8532 135.482 47
      vertex 13.7706 157.399 47
    endloop
  endfacet
  facet normal 0 0 1
    outer loop
      vertex 0 158 47
      vertex 0 136 47
      vertex 11.8532 135.482 47
    endloop
  endfacet
  facet normal 0 0 1
    outer loop
      vertex 0 158 47
      vertex -11.8532 135.482 47
      vertex 0 136 47
    endloop
  endfacet
  facet normal -0 0 1
    outer loop
      vertex -13.7706 157.399 47
      vertex -11.8532 135.482 47
      vertex 0 158 47
    endloop
  endfacet
  facet normal 0 0 1
    outer loop
      vertex -13.7706 157.399 47
      vertex -23.6162 133.934 47
      vertex -11.8532 135.482 47
    endloop
  endfacet
  facet normal -0 0 1
    outer loop
      vertex -27.4364 155.6 47
      vertex -23.6162 133.934 47
      vertex -13.7706 157.399 47
    endloop
  endfacet
  facet normal 0 0 1
    outer loop
      vertex -27.4364 155.6 47
      vertex -35.1994 131.366 47
      vertex -23.6162 133.934 47
    endloop
  endfacet
  facet normal -0 0 1
    outer loop
      vertex -40.8934 152.616 47
      vertex -35.1994 131.366 47
      vertex -27.4364 155.6 47
    endloop
  endfacet
  facet normal 0 0 1
    outer loop
      vertex -40.8934 152.616 47
      vertex -46.5147 127.798 47
      vertex -35.1994 131.366 47
    endloop
  endfacet
  facet normal -0 0 1
    outer loop
      vertex -54.0392 148.471 47
      vertex -46.5147 127.798 47
      vertex -40.8934 152.616 47
    endloop
  endfacet
  facet normal 0 0 1
    outer loop
      vertex -54.0392 148.471 47
      vertex -57.4761 123.258 47
      vertex -46.5147 127.798 47
    endloop
  endfacet
  facet normal -0 0 1
    outer loop
      vertex -66.7737 143.197 47
      vertex -57.4761 123.258 47
      vertex -54.0392 148.471 47
    endloop
  endfacet
  facet normal 0 0 1
    outer loop
      vertex -66.7737 143.197 47
      vertex -68 117.779 47
      vertex -57.4761 123.258 47
    endloop
  endfacet
  facet normal -0 0 1
    outer loop
      vertex -79 136.832 47
      vertex -68 117.779 47
      vertex -66.7737 143.197 47
    endloop
  endfacet
  facet normal 0 0 1
    outer loop
      vertex -68 117.779 47
      vertex -79 136.832 47
      vertex -78.0064 111.405 47
    endloop
  endfacet
  facet normal -0 0 1
    outer loop
      vertex -90.6251 129.426 47
      vertex -78.0064 111.405 47
      vertex -79 136.832 47
    endloop
  endfacet
  facet normal 0 0 1
    outer loop
      vertex -78.0064 111.405 47
      vertex -90.6251 129.426 47
      vertex -87.4191 104.182 47
    endloop
  endfacet
  facet normal -0 0 1
    outer loop
      vertex -101.56 121.035 47
      vertex -87.4191 104.182 47
      vertex -90.6251 129.426 47
    endloop
  endfacet
  facet normal 0 0 1
    outer loop
      vertex -87.4191 104.182 47
      vertex -101.56 121.035 47
      vertex -96.1665 96.1665 47
    endloop
  endfacet
  facet normal -0 0 1
    outer loop
      vertex -111.723 111.723 47
      vertex -96.1665 96.1665 47
      vertex -101.56 121.035 47
    endloop
  endfacet
  facet normal 0 0 1
    outer loop
      vertex -96.1665 96.1665 47
      vertex -111.723 111.723 47
      vertex -104.182 87.4191 47
    endloop
  endfacet
  facet normal -0 0 1
    outer loop
      vertex -121.035 101.56 47
      vertex -104.182 87.4191 47
      vertex -111.723 111.723 47
    endloop
  endfacet
  facet normal 0 0 1
    outer loop
      vertex -104.182 87.4191 47
      vertex -121.035 101.56 47
      vertex -111.405 78.0064 47
    endloop
  endfacet
  facet normal -0 0 1
    outer loop
      vertex -129.426 90.6251 47
      vertex -111.405 78.0064 47
      vertex -121.035 101.56 47
    endloop
  endfacet
  facet normal 0 0 1
    outer loop
      vertex -111.405 78.0064 47
      vertex -129.426 90.6251 47
      vertex -117.779 68 47
    endloop
  endfacet
  facet normal -0 0 1
    outer loop
      vertex -136.832 79 47
      vertex -117.779 68 47
      vertex -129.426 90.6251 47
    endloop
  endfacet
  facet normal 0 0 1
    outer loop
      vertex -117.779 68 47
      vertex -136.832 79 47
      vertex -123.258 57.4761 47
    endloop
  endfacet
  facet normal -0 0 1
    outer loop
      vertex -143.197 66.7737 47
      vertex -123.258 57.4761 47
      vertex -136.832 79 47
    endloop
  endfacet
  facet normal 0 0 1
    outer loop
      vertex -123.258 57.4761 47
      vertex -143.197 66.7737 47
      vertex -127.798 46.5147 47
    endloop
  endfacet
  facet normal -0 0 1
    outer loop
      vertex -148.471 54.0392 47
      vertex -127.798 46.5147 47
      vertex -143.197 66.7737 47
    endloop
  endfacet
  facet normal -0 0 1
    outer loop
      vertex -152.616 40.8934 47
      vertex -131.366 35.1994 47
      vertex -148.471 54.0392 47
    endloop
  endfacet
  facet normal 0 0 1
    outer loop
      vertex -127.798 46.5147 47
      vertex -148.471 54.0392 47
      vertex -131.366 35.1994 47
    endloop
  endfacet
  facet normal 0 0 1
    outer loop
      vertex 152.616 -40.8934 47
      vertex 131.366 -35.1994 47
      vertex 148.471 -54.0392 47
    endloop
  endfacet
  facet normal -0 0 1
    outer loop
      vertex 127.798 -46.5147 47
      vertex 148.471 -54.0392 47
      vertex 131.366 -35.1994 47
    endloop
  endfacet
  facet normal 0 0 1
    outer loop
      vertex 148.471 -54.0392 47
      vertex 127.798 -46.5147 47
      vertex 143.197 -66.7737 47
    endloop
  endfacet
  facet normal -0 0 1
    outer loop
      vertex 123.258 -57.4761 47
      vertex 143.197 -66.7737 47
      vertex 127.798 -46.5147 47
    endloop
  endfacet
  facet normal 0 0 1
    outer loop
      vertex 143.197 -66.7737 47
      vertex 123.258 -57.4761 47
      vertex 136.832 -79 47
    endloop
  endfacet
  facet normal -0 0 1
    outer loop
      vertex 117.779 -68 47
      vertex 136.832 -79 47
      vertex 123.258 -57.4761 47
    endloop
  endfacet
  facet normal 0 0 1
    outer loop
      vertex 136.832 -79 47
      vertex 117.779 -68 47
      vertex 129.426 -90.6251 47
    endloop
  endfacet
  facet normal -0 0 1
    outer loop
      vertex 111.405 -78.0064 47
      vertex 129.426 -90.6251 47
      vertex 117.779 -68 47
    endloop
  endfacet
  facet normal 0 0 1
    outer loop
      vertex 129.426 -90.6251 47
      vertex 111.405 -78.0064 47
      vertex 121.035 -101.56 47
    endloop
  endfacet
  facet normal -0 0 1
    outer loop
      vertex 104.182 -87.4191 47
      vertex 121.035 -101.56 47
      vertex 111.405 -78.0064 47
    endloop
  endfacet
  facet normal 0 0 1
    outer loop
      vertex 121.035 -101.56 47
      vertex 104.182 -87.4191 47
      vertex 111.723 -111.723 47
    endloop
  endfacet
  facet normal -0 0 1
    outer loop
      vertex 96.1665 -96.1665 47
      vertex 111.723 -111.723 47
      vertex 104.182 -87.4191 47
    endloop
  endfacet
  facet normal 0 0 1
    outer loop
      vertex 111.723 -111.723 47
      vertex 96.1665 -96.1665 47
      vertex 101.56 -121.035 47
    endloop
  endfacet
  facet normal -0 0 1
    outer loop
      vertex 87.4191 -104.182 47
      vertex 101.56 -121.035 47
      vertex 96.1665 -96.1665 47
    endloop
  endfacet
  facet normal 0 0 1
    outer loop
      vertex 101.56 -121.035 47
      vertex 87.4191 -104.182 47
      vertex 90.6251 -129.426 47
    endloop
  endfacet
  facet normal -0 0 1
    outer loop
      vertex 78.0064 -111.405 47
      vertex 90.6251 -129.426 47
      vertex 87.4191 -104.182 47
    endloop
  endfacet
  facet normal 0 0 1
    outer loop
      vertex 90.6251 -129.426 47
      vertex 78.0064 -111.405 47
      vertex 79 -136.832 47
    endloop
  endfacet
  facet normal -0 0 1
    outer loop
      vertex 68 -117.779 47
      vertex 79 -136.832 47
      vertex 78.0064 -111.405 47
    endloop
  endfacet
  facet normal 0 0 1
    outer loop
      vertex 68 -117.779 47
      vertex 66.7737 -143.197 47
      vertex 79 -136.832 47
    endloop
  endfacet
  facet normal -0 0 1
    outer loop
      vertex 57.4761 -123.258 47
      vertex 66.7737 -143.197 47
      vertex 68 -117.779 47
    endloop
  endfacet
  facet normal 0 0 1
    outer loop
      vertex 57.4761 -123.258 47
      vertex 54.0392 -148.471 47
      vertex 66.7737 -143.197 47
    endloop
  endfacet
  facet normal -0 0 1
    outer loop
      vertex 46.5147 -127.798 47
      vertex 54.0392 -148.471 47
      vertex 57.4761 -123.258 47
    endloop
  endfacet
  facet normal 0 0 1
    outer loop
      vertex 46.5147 -127.798 47
      vertex 40.8934 -152.616 47
      vertex 54.0392 -148.471 47
    endloop
  endfacet
  facet normal -0 0 1
    outer loop
      vertex 35.1994 -131.366 47
      vertex 40.8934 -152.616 47
      vertex 46.5147 -127.798 47
    endloop
  endfacet
  facet normal 0 0 1
    outer loop
      vertex 35.1994 -131.366 47
      vertex 27.4364 -155.6 47
      vertex 40.8934 -152.616 47
    endloop
  endfacet
  facet normal -0 0 1
    outer loop
      vertex 23.6162 -133.934 47
      vertex 27.4364 -155.6 47
      vertex 35.1994 -131.366 47
    endloop
  endfacet
  facet normal 0 0 1
    outer loop
      vertex 23.6162 -133.934 47
      vertex 13.7706 -157.399 47
      vertex 27.4364 -155.6 47
    endloop
  endfacet
  facet normal -0 0 1
    outer loop
      vertex 11.8532 -135.482 47
      vertex 13.7706 -157.399 47
      vertex 23.6162 -133.934 47
    endloop
  endfacet
  facet normal -0 0 1
    outer loop
      vertex 0 -136 47
      vertex 13.7706 -157.399 47
      vertex 11.8532 -135.482 47
    endloop
  endfacet
  facet normal 0 0 1
    outer loop
      vertex 0 -136 47
      vertex 0 -158 47
      vertex 13.7706 -157.399 47
    endloop
  endfacet
  facet normal 0 0 1
    outer loop
      vertex -11.8532 -135.482 47
      vertex 0 -158 47
      vertex 0 -136 47
    endloop
  endfacet
  facet normal 0 0 1
    outer loop
      vertex -11.8532 -135.482 47
      vertex -13.7706 -157.399 47
      vertex 0 -158 47
    endloop
  endfacet
  facet normal 0 0 1
    outer loop
      vertex -23.6162 -133.934 47
      vertex -13.7706 -157.399 47
      vertex -11.8532 -135.482 47
    endloop
  endfacet
  facet normal 0 0 1
    outer loop
      vertex -23.6162 -133.934 47
      vertex -27.4364 -155.6 47
      vertex -13.7706 -157.399 47
    endloop
  endfacet
  facet normal 0 0 1
    outer loop
      vertex -35.1994 -131.366 47
      vertex -27.4364 -155.6 47
      vertex -23.6162 -133.934 47
    endloop
  endfacet
  facet normal 0 0 1
    outer loop
      vertex -35.1994 -131.366 47
      vertex -40.8934 -152.616 47
      vertex -27.4364 -155.6 47
    endloop
  endfacet
  facet normal 0 0 1
    outer loop
      vertex -46.5147 -127.798 47
      vertex -40.8934 -152.616 47
      vertex -35.1994 -131.366 47
    endloop
  endfacet
  facet normal 0 0 1
    outer loop
      vertex -46.5147 -127.798 47
      vertex -54.0392 -148.471 47
      vertex -40.8934 -152.616 47
    endloop
  endfacet
  facet normal 0 0 1
    outer loop
      vertex -57.4761 -123.258 47
      vertex -54.0392 -148.471 47
      vertex -46.5147 -127.798 47
    endloop
  endfacet
  facet normal 0 0 1
    outer loop
      vertex -57.4761 -123.258 47
      vertex -66.7737 -143.197 47
      vertex -54.0392 -148.471 47
    endloop
  endfacet
  facet normal 0 0 1
    outer loop
      vertex -68 -117.779 47
      vertex -66.7737 -143.197 47
      vertex -57.4761 -123.258 47
    endloop
  endfacet
  facet normal 0 0 1
    outer loop
      vertex -79 -136.832 47
      vertex -68 -117.779 47
      vertex -78.0064 -111.405 47
    endloop
  endfacet
  facet normal 0 0 1
    outer loop
      vertex -68 -117.779 47
      vertex -79 -136.832 47
      vertex -66.7737 -143.197 47
    endloop
  endfacet
  facet normal 0 0 1
    outer loop
      vertex -90.6251 -129.426 47
      vertex -78.0064 -111.405 47
      vertex -87.4191 -104.182 47
    endloop
  endfacet
  facet normal 0 0 1
    outer loop
      vertex -78.0064 -111.405 47
      vertex -90.6251 -129.426 47
      vertex -79 -136.832 47
    endloop
  endfacet
  facet normal 0 0 1
    outer loop
      vertex -101.56 -121.035 47
      vertex -87.4191 -104.182 47
      vertex -96.1665 -96.1665 47
    endloop
  endfacet
  facet normal 0 0 1
    outer loop
      vertex -87.4191 -104.182 47
      vertex -101.56 -121.035 47
      vertex -90.6251 -129.426 47
    endloop
  endfacet
  facet normal 0 0 1
    outer loop
      vertex -111.723 -111.723 47
      vertex -96.1665 -96.1665 47
      vertex -104.182 -87.4191 47
    endloop
  endfacet
  facet normal 0 0 1
    outer loop
      vertex -121.035 -101.56 47
      vertex -104.182 -87.4191 47
      vertex -111.405 -78.0064 47
    endloop
  endfacet
  facet normal 0 0 1
    outer loop
      vertex -96.1665 -96.1665 47
      vertex -111.723 -111.723 47
      vertex -101.56 -121.035 47
    endloop
  endfacet
  facet normal 0 0 1
    outer loop
      vertex -129.426 -90.6251 47
      vertex -111.405 -78.0064 47
      vertex -117.779 -68 47
    endloop
  endfacet
  facet normal 0 0 1
    outer loop
      vertex -104.182 -87.4191 47
      vertex -121.035 -101.56 47
      vertex -111.723 -111.723 47
    endloop
  endfacet
  facet normal 0 0 1
    outer loop
      vertex -136.832 -79 47
      vertex -117.779 -68 47
      vertex -123.258 -57.4761 47
    endloop
  endfacet
  facet normal 0 0 1
    outer loop
      vertex -143.197 -66.7737 47
      vertex -123.258 -57.4761 47
      vertex -127.798 -46.5147 47
    endloop
  endfacet
  facet normal 0 0 1
    outer loop
      vertex -111.405 -78.0064 47
      vertex -129.426 -90.6251 47
      vertex -121.035 -101.56 47
    endloop
  endfacet
  facet normal 0 0 1
    outer loop
      vertex -148.471 -54.0392 47
      vertex -127.798 -46.5147 47
      vertex -131.366 -35.1994 47
    endloop
  endfacet
  facet normal 0 0 1
    outer loop
      vertex -152.616 -40.8934 47
      vertex -131.366 -35.1994 47
      vertex -133.934 -23.6162 47
    endloop
  endfacet
  facet normal 0 0 1
    outer loop
      vertex -155.6 -27.4364 47
      vertex -133.934 -23.6162 47
      vertex -135.482 -11.8532 47
    endloop
  endfacet
  facet normal 0 0 1
    outer loop
      vertex -117.779 -68 47
      vertex -136.832 -79 47
      vertex -129.426 -90.6251 47
    endloop
  endfacet
  facet normal 0 0 1
    outer loop
      vertex -157.399 -13.7706 47
      vertex -135.482 -11.8532 47
      vertex -136 0 47
    endloop
  endfacet
  facet normal 0 0 1
    outer loop
      vertex -131.366 35.1994 47
      vertex -152.616 40.8934 47
      vertex -133.934 23.6162 47
    endloop
  endfacet
  facet normal -0 0 1
    outer loop
      vertex -155.6 27.4364 47
      vertex -133.934 23.6162 47
      vertex -152.616 40.8934 47
    endloop
  endfacet
  facet normal 0 0 1
    outer loop
      vertex -123.258 -57.4761 47
      vertex -143.197 -66.7737 47
      vertex -136.832 -79 47
    endloop
  endfacet
  facet normal 0 0 1
    outer loop
      vertex -133.934 23.6162 47
      vertex -155.6 27.4364 47
      vertex -135.482 11.8532 47
    endloop
  endfacet
  facet normal 0 0 1
    outer loop
      vertex -127.798 -46.5147 47
      vertex -148.471 -54.0392 47
      vertex -143.197 -66.7737 47
    endloop
  endfacet
  facet normal -0 0 1
    outer loop
      vertex -157.399 13.7706 47
      vertex -135.482 11.8532 47
      vertex -155.6 27.4364 47
    endloop
  endfacet
  facet normal 0 0 1
    outer loop
      vertex -131.366 -35.1994 47
      vertex -152.616 -40.8934 47
      vertex -148.471 -54.0392 47
    endloop
  endfacet
  facet normal 0 0 1
    outer loop
      vertex -135.482 11.8532 47
      vertex -157.399 13.7706 47
      vertex -136 0 47
    endloop
  endfacet
  facet normal 0 0 1
    outer loop
      vertex -133.934 -23.6162 47
      vertex -155.6 -27.4364 47
      vertex -152.616 -40.8934 47
    endloop
  endfacet
  facet normal 0 0 1
    outer loop
      vertex -158 0 47
      vertex -136 0 47
      vertex -157.399 13.7706 47
    endloop
  endfacet
  facet normal 0 0 1
    outer loop
      vertex -135.482 -11.8532 47
      vertex -157.399 -13.7706 47
      vertex -155.6 -27.4364 47
    endloop
  endfacet
  facet normal 0 0 1
    outer loop
      vertex -136 0 47
      vertex -158 0 47
      vertex -157.399 -13.7706 47
    endloop
  endfacet
  facet normal -0.461771 -0.886999 0
    outer loop
      vertex -79 -136.832 29
      vertex -66.7737 -143.197 47
      vertex -79 -136.832 47
    endloop
  endfacet
  facet normal -0.461771 -0.886999 -0
    outer loop
      vertex -66.7737 -143.197 47
      vertex -79 -136.832 29
      vertex -66.7737 -143.197 29
    endloop
  endfacet
  facet normal -0.537299 -0.843392 0
    outer loop
      vertex -90.6251 -129.426 29
      vertex -79 -136.832 47
      vertex -90.6251 -129.426 47
    endloop
  endfacet
  facet normal -0.537299 -0.843392 -0
    outer loop
      vertex -79 -136.832 47
      vertex -90.6251 -129.426 29
      vertex -79 -136.832 29
    endloop
  endfacet
  facet normal -0.886999 0.461771 0
    outer loop
      vertex -143.197 66.7737 29
      vertex -136.832 79 47
      vertex -136.832 79 29
    endloop
  endfacet
  facet normal -0.886999 0.461771 0
    outer loop
      vertex -136.832 79 47
      vertex -143.197 66.7737 29
      vertex -143.197 66.7737 47
    endloop
  endfacet
  facet normal -0 0 -1
    outer loop
      vertex -132.351 30.7556 29
      vertex -133.934 23.6162 29
      vertex -133.166 30.945 29
    endloop
  endfacet
  facet normal 0 0 -1
    outer loop
      vertex -107.221 84.8196 29
      vertex -105.922 85.1522 29
      vertex -106.571 84.3053 29
    endloop
  endfacet
  facet normal 0 0 -1
    outer loop
      vertex -59.8014 122.941 29
      vertex -58.5069 122.721 29
      vertex -59.4543 122.228 29
    endloop
  endfacet
  facet normal -0 0 -1
    outer loop
      vertex 59.8014 122.941 29
      vertex 58.5069 122.721 29
      vertex 58.8339 123.407 29
    endloop
  endfacet
  facet normal 0 0 -1
    outer loop
      vertex 107.221 84.8196 29
      vertex 105.922 85.1522 29
      vertex 106.552 85.659 29
    endloop
  endfacet
  facet normal 0 0 -1
    outer loop
      vertex 133.934 23.6162 29
      vertex 132.351 30.7556 29
      vertex 133.166 30.945 29
    endloop
  endfacet
  facet normal 0 0 -1
    outer loop
      vertex 136 0 29
      vertex 158 0 29
      vertex 157.399 -13.7706 29
    endloop
  endfacet
  facet normal 0 0 -1
    outer loop
      vertex 135.482 -11.8532 29
      vertex 157.399 -13.7706 29
      vertex 155.6 -27.4364 29
    endloop
  endfacet
  facet normal 0 0 -1
    outer loop
      vertex 158 0 29
      vertex 136 0 29
      vertex 157.399 13.7706 29
    endloop
  endfacet
  facet normal 0 0 -1
    outer loop
      vertex 133.166 -30.945 29
      vertex 155.6 -27.4364 29
      vertex 152.616 -40.8934 29
    endloop
  endfacet
  facet normal 0 0 -1
    outer loop
      vertex 135.482 11.8532 29
      vertex 157.399 13.7706 29
      vertex 136 0 29
    endloop
  endfacet
  facet normal 0 0 -1
    outer loop
      vertex 131.366 -35.1994 29
      vertex 152.616 -40.8934 29
      vertex 148.471 -54.0392 29
    endloop
  endfacet
  facet normal -0 0 -1
    outer loop
      vertex 157.399 13.7706 29
      vertex 135.482 11.8532 29
      vertex 155.6 27.4364 29
    endloop
  endfacet
  facet normal 0 0 -1
    outer loop
      vertex 127.798 -46.5147 29
      vertex 148.471 -54.0392 29
      vertex 143.197 -66.7737 29
    endloop
  endfacet
  facet normal 0 0 -1
    outer loop
      vertex 133.934 23.6162 29
      vertex 155.6 27.4364 29
      vertex 135.482 11.8532 29
    endloop
  endfacet
  facet normal 0 0 -1
    outer loop
      vertex 123.258 -57.4761 29
      vertex 143.197 -66.7737 29
      vertex 136.832 -79 29
    endloop
  endfacet
  facet normal 0 0 -1
    outer loop
      vertex 133.166 30.945 29
      vertex 155.6 27.4364 29
      vertex 133.934 23.6162 29
    endloop
  endfacet
  facet normal 0 0 -1
    outer loop
      vertex 155.6 27.4364 29
      vertex 133.166 30.945 29
      vertex 152.616 40.8934 29
    endloop
  endfacet
  facet normal 0 0 -1
    outer loop
      vertex 157.399 -13.7706 29
      vertex 135.482 -11.8532 29
      vertex 136 0 29
    endloop
  endfacet
  facet normal 0 0 -1
    outer loop
      vertex 155.6 -27.4364 29
      vertex 133.934 -23.6162 29
      vertex 135.482 -11.8532 29
    endloop
  endfacet
  facet normal -0 0 -1
    outer loop
      vertex 155.6 -27.4364 29
      vertex 133.166 -30.945 29
      vertex 133.934 -23.6162 29
    endloop
  endfacet
  facet normal 0 0 -1
    outer loop
      vertex 152.616 -40.8934 29
      vertex 131.366 -35.1994 29
      vertex 133.166 -30.945 29
    endloop
  endfacet
  facet normal 0 0 -1
    outer loop
      vertex 133.166 -30.945 29
      vertex 131.366 -35.1994 29
      vertex 131.578 -34.2426 29
    endloop
  endfacet
  facet normal 0 0 -1
    outer loop
      vertex 117.779 -68 29
      vertex 136.832 -79 29
      vertex 129.426 -90.6251 29
    endloop
  endfacet
  facet normal 0 0 -1
    outer loop
      vertex 148.471 -54.0392 29
      vertex 127.798 -46.5147 29
      vertex 131.366 -35.1994 29
    endloop
  endfacet
  facet normal 0 0 -1
    outer loop
      vertex 143.197 -66.7737 29
      vertex 123.258 -57.4761 29
      vertex 127.798 -46.5147 29
    endloop
  endfacet
  facet normal 0 0 -1
    outer loop
      vertex 107.221 -84.8196 29
      vertex 129.426 -90.6251 29
      vertex 121.035 -101.56 29
    endloop
  endfacet
  facet normal 0 0 -1
    outer loop
      vertex 136.832 -79 29
      vertex 117.779 -68 29
      vertex 123.258 -57.4761 29
    endloop
  endfacet
  facet normal 0 0 -1
    outer loop
      vertex 103.74 -87.9015 29
      vertex 121.035 -101.56 29
      vertex 111.723 -111.723 29
    endloop
  endfacet
  facet normal 0 0 -1
    outer loop
      vertex 129.426 -90.6251 29
      vertex 111.405 -78.0064 29
      vertex 117.779 -68 29
    endloop
  endfacet
  facet normal 0 0 -1
    outer loop
      vertex 129.426 -90.6251 29
      vertex 107.221 -84.8196 29
      vertex 108.982 -81.1636 29
    endloop
  endfacet
  facet normal 0 0 -1
    outer loop
      vertex 129.426 -90.6251 29
      vertex 108.982 -81.1636 29
      vertex 111.405 -78.0064 29
    endloop
  endfacet
  facet normal 0 0 -1
    outer loop
      vertex 121.035 -101.56 29
      vertex 106.552 -85.659 29
      vertex 107.221 -84.8196 29
    endloop
  endfacet
  facet normal 0 0 -1
    outer loop
      vertex 105.922 -85.1522 29
      vertex 107.221 -84.8196 29
      vertex 106.552 -85.659 29
    endloop
  endfacet
  facet normal 0 0 -1
    outer loop
      vertex 121.035 -101.56 29
      vertex 103.74 -87.9015 29
      vertex 106.552 -85.659 29
    endloop
  endfacet
  facet normal 0 0 -1
    outer loop
      vertex 96.1665 -96.1665 29
      vertex 111.723 -111.723 29
      vertex 101.56 -121.035 29
    endloop
  endfacet
  facet normal 0 0 -1
    outer loop
      vertex 111.723 -111.723 29
      vertex 96.1665 -96.1665 29
      vertex 103.74 -87.9015 29
    endloop
  endfacet
  facet normal 0 0 -1
    outer loop
      vertex 87.4191 -104.182 29
      vertex 101.56 -121.035 29
      vertex 90.6251 -129.426 29
    endloop
  endfacet
  facet normal 0 0 -1
    outer loop
      vertex 101.56 -121.035 29
      vertex 87.4191 -104.182 29
      vertex 96.1665 -96.1665 29
    endloop
  endfacet
  facet normal 0 0 -1
    outer loop
      vertex 78.0064 -111.405 29
      vertex 90.6251 -129.426 29
      vertex 79 -136.832 29
    endloop
  endfacet
  facet normal 0 0 -1
    outer loop
      vertex 90.6251 -129.426 29
      vertex 78.0064 -111.405 29
      vertex 87.4191 -104.182 29
    endloop
  endfacet
  facet normal 0 0 -1
    outer loop
      vertex 79 -136.832 29
      vertex 68 -117.779 29
      vertex 78.0064 -111.405 29
    endloop
  endfacet
  facet normal 0 0 -1
    outer loop
      vertex 59.8014 -122.941 29
      vertex 79 -136.832 29
      vertex 66.7737 -143.197 29
    endloop
  endfacet
  facet normal 0 0 -1
    outer loop
      vertex 79 -136.832 29
      vertex 63.03 -120.367 29
      vertex 68 -117.779 29
    endloop
  endfacet
  facet normal 0 0 -1
    outer loop
      vertex 79 -136.832 29
      vertex 59.8014 -122.941 29
      vertex 63.03 -120.367 29
    endloop
  endfacet
  facet normal 0 0 -1
    outer loop
      vertex 58.8339 -123.407 29
      vertex 59.8014 -122.941 29
      vertex 66.7737 -143.197 29
    endloop
  endfacet
  facet normal 0 0 -1
    outer loop
      vertex 58.5069 -122.721 29
      vertex 59.8014 -122.941 29
      vertex 58.8339 -123.407 29
    endloop
  endfacet
  facet normal 0 0 -1
    outer loop
      vertex 66.7737 -143.197 29
      vertex 55.006 -124.281 29
      vertex 58.8339 -123.407 29
    endloop
  endfacet
  facet normal 0 0 -1
    outer loop
      vertex 54.0392 -148.471 29
      vertex 55.006 -124.281 29
      vertex 66.7737 -143.197 29
    endloop
  endfacet
  facet normal 0 0 -1
    outer loop
      vertex 54.0392 -148.471 29
      vertex 46.5147 -127.798 29
      vertex 55.006 -124.281 29
    endloop
  endfacet
  facet normal 0 0 -1
    outer loop
      vertex 40.8934 -152.616 29
      vertex 46.5147 -127.798 29
      vertex 54.0392 -148.471 29
    endloop
  endfacet
  facet normal 0 0 -1
    outer loop
      vertex 40.8934 -152.616 29
      vertex 35.1994 -131.366 29
      vertex 46.5147 -127.798 29
    endloop
  endfacet
  facet normal 0 0 -1
    outer loop
      vertex 27.4364 -155.6 29
      vertex 35.1994 -131.366 29
      vertex 40.8934 -152.616 29
    endloop
  endfacet
  facet normal 0 0 -1
    outer loop
      vertex 27.4364 -155.6 29
      vertex 23.6162 -133.934 29
      vertex 35.1994 -131.366 29
    endloop
  endfacet
  facet normal 0 0 -1
    outer loop
      vertex 13.7706 -157.399 29
      vertex 23.6162 -133.934 29
      vertex 27.4364 -155.6 29
    endloop
  endfacet
  facet normal 0 0 -1
    outer loop
      vertex 13.7706 -157.399 29
      vertex 11.8532 -135.482 29
      vertex 23.6162 -133.934 29
    endloop
  endfacet
  facet normal 0 0 -1
    outer loop
      vertex 13.7706 -157.399 29
      vertex 4.52791 -135.802 29
      vertex 11.8532 -135.482 29
    endloop
  endfacet
  facet normal 0 0 -1
    outer loop
      vertex 0 -158 29
      vertex 4.52791 -135.802 29
      vertex 13.7706 -157.399 29
    endloop
  endfacet
  facet normal 0 0 -1
    outer loop
      vertex 4.52791 -135.802 29
      vertex 0 -158 29
      vertex 0.536874 -136.713 29
    endloop
  endfacet
  facet normal 0 0 -1
    outer loop
      vertex -0.536874 -136.713 29
      vertex 0.536874 -136.713 29
      vertex 0 -158 29
    endloop
  endfacet
  facet normal 0 -0 -1
    outer loop
      vertex 0 -136 29
      vertex 0.536874 -136.713 29
      vertex -0.536874 -136.713 29
    endloop
  endfacet
  facet normal 0 0 -1
    outer loop
      vertex 0.536874 -136.713 29
      vertex 0 -136 29
      vertex 0.533981 -135.977 29
    endloop
  endfacet
  facet normal -0 0 -1
    outer loop
      vertex 0 -136 29
      vertex -0.536874 -136.713 29
      vertex -0.533981 -135.977 29
    endloop
  endfacet
  facet normal 0 0 -1
    outer loop
      vertex 0 -158 29
      vertex -4.52791 -135.802 29
      vertex -0.536874 -136.713 29
    endloop
  endfacet
  facet normal 0 0 -1
    outer loop
      vertex -13.7706 -157.399 29
      vertex -4.52791 -135.802 29
      vertex 0 -158 29
    endloop
  endfacet
  facet normal -0 0 -1
    outer loop
      vertex -4.52791 -135.802 29
      vertex -13.7706 -157.399 29
      vertex -11.8532 -135.482 29
    endloop
  endfacet
  facet normal 0 0 -1
    outer loop
      vertex -13.7706 -157.399 29
      vertex -23.6162 -133.934 29
      vertex -11.8532 -135.482 29
    endloop
  endfacet
  facet normal 0 0 -1
    outer loop
      vertex -27.4364 -155.6 29
      vertex -23.6162 -133.934 29
      vertex -13.7706 -157.399 29
    endloop
  endfacet
  facet normal 0 0 -1
    outer loop
      vertex -27.4364 -155.6 29
      vertex -35.1994 -131.366 29
      vertex -23.6162 -133.934 29
    endloop
  endfacet
  facet normal 0 0 -1
    outer loop
      vertex -40.8934 -152.616 29
      vertex -35.1994 -131.366 29
      vertex -27.4364 -155.6 29
    endloop
  endfacet
  facet normal 0 0 -1
    outer loop
      vertex -40.8934 -152.616 29
      vertex -46.5147 -127.798 29
      vertex -35.1994 -131.366 29
    endloop
  endfacet
  facet normal 0 0 -1
    outer loop
      vertex -54.0392 -148.471 29
      vertex -46.5147 -127.798 29
      vertex -40.8934 -152.616 29
    endloop
  endfacet
  facet normal 0 0 -1
    outer loop
      vertex -54.0392 -148.471 29
      vertex -55.006 -124.281 29
      vertex -46.5147 -127.798 29
    endloop
  endfacet
  facet normal 0 0 -1
    outer loop
      vertex -66.7737 -143.197 29
      vertex -55.006 -124.281 29
      vertex -54.0392 -148.471 29
    endloop
  endfacet
  facet normal -0 0 -1
    outer loop
      vertex -55.006 -124.281 29
      vertex -66.7737 -143.197 29
      vertex -58.8339 -123.407 29
    endloop
  endfacet
  facet normal 0 0 -1
    outer loop
      vertex -58.8339 -123.407 29
      vertex -59.8014 -122.941 29
      vertex -59.4543 -122.228 29
    endloop
  endfacet
  facet normal -0 0 -1
    outer loop
      vertex -58.8339 -123.407 29
      vertex -66.7737 -143.197 29
      vertex -59.8014 -122.941 29
    endloop
  endfacet
  facet normal 0 0 -1
    outer loop
      vertex -79 -136.832 29
      vertex -59.8014 -122.941 29
      vertex -66.7737 -143.197 29
    endloop
  endfacet
  facet normal -0 0 -1
    outer loop
      vertex -59.8014 -122.941 29
      vertex -79 -136.832 29
      vertex -63.03 -120.367 29
    endloop
  endfacet
  facet normal -0 0 -1
    outer loop
      vertex -63.03 -120.367 29
      vertex -79 -136.832 29
      vertex -68 -117.779 29
    endloop
  endfacet
  facet normal -0 0 -1
    outer loop
      vertex -68 -117.779 29
      vertex -79 -136.832 29
      vertex -78.0064 -111.405 29
    endloop
  endfacet
  facet normal 0 0 -1
    outer loop
      vertex -90.6251 -129.426 29
      vertex -78.0064 -111.405 29
      vertex -79 -136.832 29
    endloop
  endfacet
  facet normal -0 0 -1
    outer loop
      vertex -78.0064 -111.405 29
      vertex -90.6251 -129.426 29
      vertex -87.4191 -104.182 29
    endloop
  endfacet
  facet normal 0 0 -1
    outer loop
      vertex -101.56 -121.035 29
      vertex -87.4191 -104.182 29
      vertex -90.6251 -129.426 29
    endloop
  endfacet
  facet normal -0 0 -1
    outer loop
      vertex -87.4191 -104.182 29
      vertex -101.56 -121.035 29
      vertex -96.1665 -96.1665 29
    endloop
  endfacet
  facet normal 0 0 -1
    outer loop
      vertex -111.723 -111.723 29
      vertex -96.1665 -96.1665 29
      vertex -101.56 -121.035 29
    endloop
  endfacet
  facet normal -0 0 -1
    outer loop
      vertex -96.1665 -96.1665 29
      vertex -111.723 -111.723 29
      vertex -103.74 -87.9015 29
    endloop
  endfacet
  facet normal 0 0 -1
    outer loop
      vertex -105.922 -85.1522 29
      vertex -107.221 -84.8196 29
      vertex -106.571 -84.3053 29
    endloop
  endfacet
  facet normal 0 0 -1
    outer loop
      vertex -121.035 -101.56 29
      vertex -103.74 -87.9015 29
      vertex -111.723 -111.723 29
    endloop
  endfacet
  facet normal -0 0 -1
    outer loop
      vertex -103.74 -87.9015 29
      vertex -121.035 -101.56 29
      vertex -106.552 -85.659 29
    endloop
  endfacet
  facet normal -0 0 -1
    outer loop
      vertex -106.552 -85.659 29
      vertex -121.035 -101.56 29
      vertex -107.221 -84.8196 29
    endloop
  endfacet
  facet normal 0 0 -1
    outer loop
      vertex -129.426 -90.6251 29
      vertex -107.221 -84.8196 29
      vertex -121.035 -101.56 29
    endloop
  endfacet
  facet normal -0 0 -1
    outer loop
      vertex -107.221 -84.8196 29
      vertex -129.426 -90.6251 29
      vertex -108.982 -81.1636 29
    endloop
  endfacet
  facet normal -0 0 -1
    outer loop
      vertex -108.982 -81.1636 29
      vertex -129.426 -90.6251 29
      vertex -111.405 -78.0064 29
    endloop
  endfacet
  facet normal -0 0 -1
    outer loop
      vertex -111.405 -78.0064 29
      vertex -129.426 -90.6251 29
      vertex -117.779 -68 29
    endloop
  endfacet
  facet normal 0 0 -1
    outer loop
      vertex -136.832 -79 29
      vertex -117.779 -68 29
      vertex -129.426 -90.6251 29
    endloop
  endfacet
  facet normal -0 0 -1
    outer loop
      vertex -117.779 -68 29
      vertex -136.832 -79 29
      vertex -123.258 -57.4761 29
    endloop
  endfacet
  facet normal 0 0 -1
    outer loop
      vertex -143.197 -66.7737 29
      vertex -123.258 -57.4761 29
      vertex -136.832 -79 29
    endloop
  endfacet
  facet normal -0 0 -1
    outer loop
      vertex -123.258 -57.4761 29
      vertex -143.197 -66.7737 29
      vertex -127.798 -46.5147 29
    endloop
  endfacet
  facet normal 0 0 -1
    outer loop
      vertex -148.471 -54.0392 29
      vertex -127.798 -46.5147 29
      vertex -143.197 -66.7737 29
    endloop
  endfacet
  facet normal -0 0 -1
    outer loop
      vertex -127.798 -46.5147 29
      vertex -148.471 -54.0392 29
      vertex -131.366 -35.1994 29
    endloop
  endfacet
  facet normal 0 0 -1
    outer loop
      vertex -152.616 -40.8934 29
      vertex -131.366 -35.1994 29
      vertex -148.471 -54.0392 29
    endloop
  endfacet
  facet normal 0 0 -1
    outer loop
      vertex -131.366 -35.1994 29
      vertex -133.166 -30.945 29
      vertex -131.578 -34.2426 29
    endloop
  endfacet
  facet normal 0 -0 -1
    outer loop
      vertex -133.166 -30.945 29
      vertex -131.366 -35.1994 29
      vertex -152.616 -40.8934 29
    endloop
  endfacet
  facet normal 0 0 -1
    outer loop
      vertex 131.366 35.1994 29
      vertex 152.616 40.8934 29
      vertex 133.166 30.945 29
    endloop
  endfacet
  facet normal -0 0 -1
    outer loop
      vertex 152.616 40.8934 29
      vertex 131.366 35.1994 29
      vertex 148.471 54.0392 29
    endloop
  endfacet
  facet normal 0 0 -1
    outer loop
      vertex 127.798 46.5147 29
      vertex 148.471 54.0392 29
      vertex 131.366 35.1994 29
    endloop
  endfacet
  facet normal 0 0 -1
    outer loop
      vertex 131.366 35.1994 29
      vertex 133.166 30.945 29
      vertex 131.578 34.2426 29
    endloop
  endfacet
  facet normal -0 0 -1
    outer loop
      vertex 148.471 54.0392 29
      vertex 127.798 46.5147 29
      vertex 143.197 66.7737 29
    endloop
  endfacet
  facet normal 0 0 -1
    outer loop
      vertex 123.258 57.4761 29
      vertex 143.197 66.7737 29
      vertex 127.798 46.5147 29
    endloop
  endfacet
  facet normal -0 0 -1
    outer loop
      vertex 143.197 66.7737 29
      vertex 123.258 57.4761 29
      vertex 136.832 79 29
    endloop
  endfacet
  facet normal 0 0 -1
    outer loop
      vertex 117.779 68 29
      vertex 136.832 79 29
      vertex 123.258 57.4761 29
    endloop
  endfacet
  facet normal -0 0 -1
    outer loop
      vertex 136.832 79 29
      vertex 117.779 68 29
      vertex 129.426 90.6251 29
    endloop
  endfacet
  facet normal 0 0 -1
    outer loop
      vertex 111.405 78.0064 29
      vertex 129.426 90.6251 29
      vertex 117.779 68 29
    endloop
  endfacet
  facet normal 0 0 -1
    outer loop
      vertex 108.982 81.1636 29
      vertex 129.426 90.6251 29
      vertex 111.405 78.0064 29
    endloop
  endfacet
  facet normal 0 0 -1
    outer loop
      vertex 107.221 84.8196 29
      vertex 129.426 90.6251 29
      vertex 108.982 81.1636 29
    endloop
  endfacet
  facet normal -0 0 -1
    outer loop
      vertex 129.426 90.6251 29
      vertex 107.221 84.8196 29
      vertex 121.035 101.56 29
    endloop
  endfacet
  facet normal 0 0 -1
    outer loop
      vertex 106.552 85.659 29
      vertex 121.035 101.56 29
      vertex 107.221 84.8196 29
    endloop
  endfacet
  facet normal 0 0 -1
    outer loop
      vertex 105.922 85.1522 29
      vertex 107.221 84.8196 29
      vertex 106.571 84.3053 29
    endloop
  endfacet
  facet normal 0 0 -1
    outer loop
      vertex 103.74 87.9015 29
      vertex 121.035 101.56 29
      vertex 106.552 85.659 29
    endloop
  endfacet
  facet normal -0 0 -1
    outer loop
      vertex 121.035 101.56 29
      vertex 103.74 87.9015 29
      vertex 111.723 111.723 29
    endloop
  endfacet
  facet normal 0 0 -1
    outer loop
      vertex 96.1665 96.1665 29
      vertex 111.723 111.723 29
      vertex 103.74 87.9015 29
    endloop
  endfacet
  facet normal -0 0 -1
    outer loop
      vertex 111.723 111.723 29
      vertex 96.1665 96.1665 29
      vertex 101.56 121.035 29
    endloop
  endfacet
  facet normal 0 0 -1
    outer loop
      vertex 87.4191 104.182 29
      vertex 101.56 121.035 29
      vertex 96.1665 96.1665 29
    endloop
  endfacet
  facet normal -0 0 -1
    outer loop
      vertex 101.56 121.035 29
      vertex 87.4191 104.182 29
      vertex 90.6251 129.426 29
    endloop
  endfacet
  facet normal 0 0 -1
    outer loop
      vertex 78.0064 111.405 29
      vertex 90.6251 129.426 29
      vertex 87.4191 104.182 29
    endloop
  endfacet
  facet normal -0 0 -1
    outer loop
      vertex 90.6251 129.426 29
      vertex 78.0064 111.405 29
      vertex 79 136.832 29
    endloop
  endfacet
  facet normal 0 0 -1
    outer loop
      vertex 68 117.779 29
      vertex 79 136.832 29
      vertex 78.0064 111.405 29
    endloop
  endfacet
  facet normal 0 0 -1
    outer loop
      vertex 63.03 120.367 29
      vertex 79 136.832 29
      vertex 68 117.779 29
    endloop
  endfacet
  facet normal 0 0 -1
    outer loop
      vertex 59.8014 122.941 29
      vertex 79 136.832 29
      vertex 63.03 120.367 29
    endloop
  endfacet
  facet normal -0 0 -1
    outer loop
      vertex 79 136.832 29
      vertex 59.8014 122.941 29
      vertex 66.7737 143.197 29
    endloop
  endfacet
  facet normal 0 0 -1
    outer loop
      vertex 58.5069 122.721 29
      vertex 59.8014 122.941 29
      vertex 59.4543 122.228 29
    endloop
  endfacet
  facet normal 0 0 -1
    outer loop
      vertex 59.8014 122.941 29
      vertex 58.8339 123.407 29
      vertex 66.7737 143.197 29
    endloop
  endfacet
  facet normal 0 0 -1
    outer loop
      vertex 55.006 124.281 29
      vertex 66.7737 143.197 29
      vertex 58.8339 123.407 29
    endloop
  endfacet
  facet normal 0 0 -1
    outer loop
      vertex 55.006 124.281 29
      vertex 54.0392 148.471 29
      vertex 66.7737 143.197 29
    endloop
  endfacet
  facet normal 0 0 -1
    outer loop
      vertex 46.5147 127.798 29
      vertex 54.0392 148.471 29
      vertex 55.006 124.281 29
    endloop
  endfacet
  facet normal 0 0 -1
    outer loop
      vertex 46.5147 127.798 29
      vertex 40.8934 152.616 29
      vertex 54.0392 148.471 29
    endloop
  endfacet
  facet normal 0 0 -1
    outer loop
      vertex 35.1994 131.366 29
      vertex 40.8934 152.616 29
      vertex 46.5147 127.798 29
    endloop
  endfacet
  facet normal 0 0 -1
    outer loop
      vertex 35.1994 131.366 29
      vertex 27.4364 155.6 29
      vertex 40.8934 152.616 29
    endloop
  endfacet
  facet normal 0 0 -1
    outer loop
      vertex 23.6162 133.934 29
      vertex 27.4364 155.6 29
      vertex 35.1994 131.366 29
    endloop
  endfacet
  facet normal 0 0 -1
    outer loop
      vertex 23.6162 133.934 29
      vertex 13.7706 157.399 29
      vertex 27.4364 155.6 29
    endloop
  endfacet
  facet normal 0 0 -1
    outer loop
      vertex 11.8532 135.482 29
      vertex 13.7706 157.399 29
      vertex 23.6162 133.934 29
    endloop
  endfacet
  facet normal 0 0 -1
    outer loop
      vertex 4.52791 135.802 29
      vertex 13.7706 157.399 29
      vertex 11.8532 135.482 29
    endloop
  endfacet
  facet normal 0 0 -1
    outer loop
      vertex 0 158 29
      vertex 4.52791 135.802 29
      vertex 0.536874 136.713 29
    endloop
  endfacet
  facet normal 0 0 -1
    outer loop
      vertex 0 136 29
      vertex 0.536874 136.713 29
      vertex 0.533981 135.977 29
    endloop
  endfacet
  facet normal 0 0 -1
    outer loop
      vertex -0.536874 136.713 29
      vertex 0.536874 136.713 29
      vertex 0 136 29
    endloop
  endfacet
  facet normal 0 -0 -1
    outer loop
      vertex 0 158 29
      vertex 0.536874 136.713 29
      vertex -0.536874 136.713 29
    endloop
  endfacet
  facet normal 0 0 -1
    outer loop
      vertex -0.536874 136.713 29
      vertex 0 136 29
      vertex -0.533981 135.977 29
    endloop
  endfacet
  facet normal 0 0 -1
    outer loop
      vertex 4.52791 135.802 29
      vertex 0 158 29
      vertex 13.7706 157.399 29
    endloop
  endfacet
  facet normal 0 0 -1
    outer loop
      vertex -4.52791 135.802 29
      vertex 0 158 29
      vertex -0.536874 136.713 29
    endloop
  endfacet
  facet normal 0 0 -1
    outer loop
      vertex -13.7706 157.399 29
      vertex -4.52791 135.802 29
      vertex -11.8532 135.482 29
    endloop
  endfacet
  facet normal 0 0 -1
    outer loop
      vertex -4.52791 135.802 29
      vertex -13.7706 157.399 29
      vertex 0 158 29
    endloop
  endfacet
  facet normal 0 0 -1
    outer loop
      vertex -23.6162 133.934 29
      vertex -13.7706 157.399 29
      vertex -11.8532 135.482 29
    endloop
  endfacet
  facet normal 0 0 -1
    outer loop
      vertex -23.6162 133.934 29
      vertex -27.4364 155.6 29
      vertex -13.7706 157.399 29
    endloop
  endfacet
  facet normal 0 0 -1
    outer loop
      vertex -35.1994 131.366 29
      vertex -27.4364 155.6 29
      vertex -23.6162 133.934 29
    endloop
  endfacet
  facet normal 0 0 -1
    outer loop
      vertex -35.1994 131.366 29
      vertex -40.8934 152.616 29
      vertex -27.4364 155.6 29
    endloop
  endfacet
  facet normal 0 0 -1
    outer loop
      vertex -46.5147 127.798 29
      vertex -40.8934 152.616 29
      vertex -35.1994 131.366 29
    endloop
  endfacet
  facet normal 0 0 -1
    outer loop
      vertex -46.5147 127.798 29
      vertex -54.0392 148.471 29
      vertex -40.8934 152.616 29
    endloop
  endfacet
  facet normal 0 0 -1
    outer loop
      vertex -55.006 124.281 29
      vertex -54.0392 148.471 29
      vertex -46.5147 127.798 29
    endloop
  endfacet
  facet normal 0 0 -1
    outer loop
      vertex -66.7737 143.197 29
      vertex -55.006 124.281 29
      vertex -58.8339 123.407 29
    endloop
  endfacet
  facet normal 0 0 -1
    outer loop
      vertex -58.5069 122.721 29
      vertex -59.8014 122.941 29
      vertex -58.8339 123.407 29
    endloop
  endfacet
  facet normal 0 0 -1
    outer loop
      vertex -66.7737 143.197 29
      vertex -58.8339 123.407 29
      vertex -59.8014 122.941 29
    endloop
  endfacet
  facet normal 0 0 -1
    outer loop
      vertex -79 136.832 29
      vertex -59.8014 122.941 29
      vertex -63.03 120.367 29
    endloop
  endfacet
  facet normal 0 0 -1
    outer loop
      vertex -55.006 124.281 29
      vertex -66.7737 143.197 29
      vertex -54.0392 148.471 29
    endloop
  endfacet
  facet normal 0 0 -1
    outer loop
      vertex -79 136.832 29
      vertex -63.03 120.367 29
      vertex -68 117.779 29
    endloop
  endfacet
  facet normal 0 0 -1
    outer loop
      vertex -79 136.832 29
      vertex -68 117.779 29
      vertex -78.0064 111.405 29
    endloop
  endfacet
  facet normal 0 0 -1
    outer loop
      vertex -59.8014 122.941 29
      vertex -79 136.832 29
      vertex -66.7737 143.197 29
    endloop
  endfacet
  facet normal 0 0 -1
    outer loop
      vertex -90.6251 129.426 29
      vertex -78.0064 111.405 29
      vertex -87.4191 104.182 29
    endloop
  endfacet
  facet normal 0 0 -1
    outer loop
      vertex -78.0064 111.405 29
      vertex -90.6251 129.426 29
      vertex -79 136.832 29
    endloop
  endfacet
  facet normal 0 0 -1
    outer loop
      vertex -101.56 121.035 29
      vertex -87.4191 104.182 29
      vertex -96.1665 96.1665 29
    endloop
  endfacet
  facet normal 0 0 -1
    outer loop
      vertex -87.4191 104.182 29
      vertex -101.56 121.035 29
      vertex -90.6251 129.426 29
    endloop
  endfacet
  facet normal 0 0 -1
    outer loop
      vertex -111.723 111.723 29
      vertex -96.1665 96.1665 29
      vertex -103.74 87.9015 29
    endloop
  endfacet
  facet normal 0 0 -1
    outer loop
      vertex -121.035 101.56 29
      vertex -103.74 87.9015 29
      vertex -106.552 85.659 29
    endloop
  endfacet
  facet normal -0 0 -1
    outer loop
      vertex -105.922 85.1522 29
      vertex -107.221 84.8196 29
      vertex -106.552 85.659 29
    endloop
  endfacet
  facet normal 0 0 -1
    outer loop
      vertex -121.035 101.56 29
      vertex -106.552 85.659 29
      vertex -107.221 84.8196 29
    endloop
  endfacet
  facet normal 0 0 -1
    outer loop
      vertex -129.426 90.6251 29
      vertex -107.221 84.8196 29
      vertex -108.982 81.1636 29
    endloop
  endfacet
  facet normal 0 0 -1
    outer loop
      vertex -129.426 90.6251 29
      vertex -108.982 81.1636 29
      vertex -111.405 78.0064 29
    endloop
  endfacet
  facet normal 0 0 -1
    outer loop
      vertex -96.1665 96.1665 29
      vertex -111.723 111.723 29
      vertex -101.56 121.035 29
    endloop
  endfacet
  facet normal 0 0 -1
    outer loop
      vertex -129.426 90.6251 29
      vertex -111.405 78.0064 29
      vertex -117.779 68 29
    endloop
  endfacet
  facet normal 0 0 -1
    outer loop
      vertex -103.74 87.9015 29
      vertex -121.035 101.56 29
      vertex -111.723 111.723 29
    endloop
  endfacet
  facet normal 0 0 -1
    outer loop
      vertex -136.832 79 29
      vertex -117.779 68 29
      vertex -123.258 57.4761 29
    endloop
  endfacet
  facet normal 0 0 -1
    outer loop
      vertex -143.197 66.7737 29
      vertex -123.258 57.4761 29
      vertex -127.798 46.5147 29
    endloop
  endfacet
  facet normal 0 0 -1
    outer loop
      vertex -107.221 84.8196 29
      vertex -129.426 90.6251 29
      vertex -121.035 101.56 29
    endloop
  endfacet
  facet normal 0 0 -1
    outer loop
      vertex -148.471 54.0392 29
      vertex -127.798 46.5147 29
      vertex -131.366 35.1994 29
    endloop
  endfacet
  facet normal 0 0 -1
    outer loop
      vertex -133.166 30.945 29
      vertex -131.366 35.1994 29
      vertex -131.578 34.2426 29
    endloop
  endfacet
  facet normal -0 0 -1
    outer loop
      vertex -131.366 35.1994 29
      vertex -133.166 30.945 29
      vertex -152.616 40.8934 29
    endloop
  endfacet
  facet normal 0 0 -1
    outer loop
      vertex -155.6 27.4364 29
      vertex -133.166 30.945 29
      vertex -133.934 23.6162 29
    endloop
  endfacet
  facet normal 0 0 -1
    outer loop
      vertex -155.6 27.4364 29
      vertex -133.934 23.6162 29
      vertex -135.482 11.8532 29
    endloop
  endfacet
  facet normal 0 0 -1
    outer loop
      vertex -117.779 68 29
      vertex -136.832 79 29
      vertex -129.426 90.6251 29
    endloop
  endfacet
  facet normal 0 0 -1
    outer loop
      vertex -157.399 13.7706 29
      vertex -135.482 11.8532 29
      vertex -136 0 29
    endloop
  endfacet
  facet normal 0 0 -1
    outer loop
      vertex -155.6 -27.4364 29
      vertex -133.166 -30.945 29
      vertex -152.616 -40.8934 29
    endloop
  endfacet
  facet normal 0 0 -1
    outer loop
      vertex -133.166 -30.945 29
      vertex -155.6 -27.4364 29
      vertex -133.934 -23.6162 29
    endloop
  endfacet
  facet normal 0 0 -1
    outer loop
      vertex -123.258 57.4761 29
      vertex -143.197 66.7737 29
      vertex -136.832 79 29
    endloop
  endfacet
  facet normal -0 0 -1
    outer loop
      vertex -133.934 -23.6162 29
      vertex -155.6 -27.4364 29
      vertex -135.482 -11.8532 29
    endloop
  endfacet
  facet normal 0 0 -1
    outer loop
      vertex -127.798 46.5147 29
      vertex -148.471 54.0392 29
      vertex -143.197 66.7737 29
    endloop
  endfacet
  facet normal 0 0 -1
    outer loop
      vertex -157.399 -13.7706 29
      vertex -135.482 -11.8532 29
      vertex -155.6 -27.4364 29
    endloop
  endfacet
  facet normal 0 0 -1
    outer loop
      vertex -131.366 35.1994 29
      vertex -152.616 40.8934 29
      vertex -148.471 54.0392 29
    endloop
  endfacet
  facet normal -0 0 -1
    outer loop
      vertex -135.482 -11.8532 29
      vertex -157.399 -13.7706 29
      vertex -136 0 29
    endloop
  endfacet
  facet normal -0 0 -1
    outer loop
      vertex -133.166 30.945 29
      vertex -155.6 27.4364 29
      vertex -152.616 40.8934 29
    endloop
  endfacet
  facet normal 0 0 -1
    outer loop
      vertex -158 0 29
      vertex -136 0 29
      vertex -157.399 -13.7706 29
    endloop
  endfacet
  facet normal 0 0 -1
    outer loop
      vertex -135.482 11.8532 29
      vertex -157.399 13.7706 29
      vertex -155.6 27.4364 29
    endloop
  endfacet
  facet normal 0 0 -1
    outer loop
      vertex -136 0 29
      vertex -158 0 29
      vertex -157.399 13.7706 29
    endloop
  endfacet
  facet normal 0 0 -1
    outer loop
      vertex 133.934 -23.6162 29
      vertex 133.166 -30.945 29
      vertex 132.351 -30.7556 29
    endloop
  endfacet
  facet normal -0 0 -1
    outer loop
      vertex 107.221 -84.8196 29
      vertex 105.922 -85.1522 29
      vertex 106.571 -84.3053 29
    endloop
  endfacet
  facet normal 0 0 -1
    outer loop
      vertex 59.8014 -122.941 29
      vertex 58.5069 -122.721 29
      vertex 59.4543 -122.228 29
    endloop
  endfacet
  facet normal -0 0 -1
    outer loop
      vertex -58.5069 -122.721 29
      vertex -58.8339 -123.407 29
      vertex -59.4543 -122.228 29
    endloop
  endfacet
  facet normal 0 0 -1
    outer loop
      vertex -107.221 -84.8196 29
      vertex -105.922 -85.1522 29
      vertex -106.552 -85.659 29
    endloop
  endfacet
  facet normal -0 0 -1
    outer loop
      vertex -132.351 -30.7556 29
      vertex -133.166 -30.945 29
      vertex -133.934 -23.6162 29
    endloop
  endfacet
  facet normal -0.793341 0.608778 0
    outer loop
      vertex -129.426 90.6251 29
      vertex -121.035 101.56 47
      vertex -121.035 101.56 29
    endloop
  endfacet
  facet normal -0.793341 0.608778 0
    outer loop
      vertex -121.035 101.56 47
      vertex -129.426 90.6251 29
      vertex -129.426 90.6251 47
    endloop
  endfacet
  facet normal -0.991452 -0.130474 0
    outer loop
      vertex 135.482 11.8532 29
      vertex 133.934 23.6162 47
      vertex 133.934 23.6162 29
    endloop
  endfacet
  facet normal -0.991452 -0.130474 0
    outer loop
      vertex 133.934 23.6162 47
      vertex 135.482 11.8532 29
      vertex 135.482 11.8532 47
    endloop
  endfacet
  facet normal -0.999046 -0.0436596 0
    outer loop
      vertex 136 0 29
      vertex 135.482 11.8532 47
      vertex 135.482 11.8532 29
    endloop
  endfacet
  facet normal -0.999046 -0.0436596 0
    outer loop
      vertex 135.482 11.8532 47
      vertex 136 0 29
      vertex 136 0 47
    endloop
  endfacet
  facet normal -0.976289 -0.21647 0
    outer loop
      vertex 132.351 30.7556 29
      vertex 133.934 23.6162 29
      vertex 132.351 30.7556 31.9285
    endloop
  endfacet
  facet normal -0.976321 -0.216325 0.000126274
    outer loop
      vertex 132.351 30.7556 31.9285
      vertex 131.366 35.1994 29
      vertex 131.578 34.2426 29
    endloop
  endfacet
  facet normal -0.976304 -0.216405 0
    outer loop
      vertex 131.366 35.1994 29
      vertex 132.351 30.7556 31.9285
      vertex 131.366 35.1994 47
    endloop
  endfacet
  facet normal -0.976289 -0.21647 -0
    outer loop
      vertex 133.934 23.6162 47
      vertex 132.351 30.7556 31.9285
      vertex 133.934 23.6162 29
    endloop
  endfacet
  facet normal -0.976295 -0.216445 1.24509e-05
    outer loop
      vertex 132.351 30.7556 31.9285
      vertex 133.934 23.6162 47
      vertex 131.366 35.1994 47
    endloop
  endfacet
  facet normal 0.67559 0.737278 -0
    outer loop
      vertex -87.4191 -104.182 29
      vertex -96.1665 -96.1665 47
      vertex -87.4191 -104.182 47
    endloop
  endfacet
  facet normal 0.67559 0.737278 0
    outer loop
      vertex -96.1665 -96.1665 47
      vertex -87.4191 -104.182 29
      vertex -96.1665 -96.1665 29
    endloop
  endfacet
  facet normal 0.216445 -0.976295 0
    outer loop
      vertex -35.1994 131.366 29
      vertex -23.6162 133.934 47
      vertex -35.1994 131.366 47
    endloop
  endfacet
  facet normal 0.216445 -0.976295 0
    outer loop
      vertex -23.6162 133.934 47
      vertex -35.1994 131.366 29
      vertex -23.6162 133.934 29
    endloop
  endfacet
  facet normal -0.216445 0.976295 0
    outer loop
      vertex 35.1994 -131.366 29
      vertex 23.6162 -133.934 47
      vertex 35.1994 -131.366 47
    endloop
  endfacet
  facet normal -0.216445 0.976295 0
    outer loop
      vertex 23.6162 -133.934 47
      vertex 35.1994 -131.366 29
      vertex 23.6162 -133.934 29
    endloop
  endfacet
  facet normal -0.130474 -0.991452 0
    outer loop
      vertex 11.8532 135.482 29
      vertex 23.6162 133.934 47
      vertex 11.8532 135.482 47
    endloop
  endfacet
  facet normal -0.130474 -0.991452 -0
    outer loop
      vertex 23.6162 133.934 47
      vertex 11.8532 135.482 29
      vertex 23.6162 133.934 29
    endloop
  endfacet
  facet normal -0.737276 0.675591 -7.99242e-05
    outer loop
      vertex 96.1665 -96.1665 29
      vertex 104.182 -87.4191 29.3643
      vertex 103.74 -87.9015 29
    endloop
  endfacet
  facet normal -0.737278 0.67559 0
    outer loop
      vertex 104.182 -87.4191 29.3643
      vertex 96.1665 -96.1665 29
      vertex 96.1665 -96.1665 47
    endloop
  endfacet
  facet normal -0.737278 0.67559 0
    outer loop
      vertex 104.182 -87.4191 29.3643
      vertex 96.1665 -96.1665 47
      vertex 104.182 -87.4191 47
    endloop
  endfacet
  facet normal -0.537253 0.843421 0
    outer loop
      vertex 78.0064 -111.405 29
      vertex 68 -117.779 47
      vertex 78.0064 -111.405 47
    endloop
  endfacet
  facet normal -0.537253 0.843421 0
    outer loop
      vertex 68 -117.779 47
      vertex 78.0064 -111.405 29
      vertex 68 -117.779 29
    endloop
  endfacet
  facet normal 0.461612 -0.887082 0
    outer loop
      vertex -59.4543 122.228 29
      vertex -58.5069 122.721 31.6601
      vertex -59.4543 122.228 31.7766
    endloop
  endfacet
  facet normal 0.461612 -0.887082 0
    outer loop
      vertex -58.5069 122.721 31.6601
      vertex -59.4543 122.228 29
      vertex -58.5069 122.721 29
    endloop
  endfacet
  facet normal 0.461789 -0.88699 5.86419e-06
    outer loop
      vertex -68 117.779 47
      vertex -59.4543 122.228 31.7766
      vertex -57.4761 123.258 47
    endloop
  endfacet
  facet normal 0.46178 -0.886994 0
    outer loop
      vertex -68 117.779 29
      vertex -59.4543 122.228 31.7766
      vertex -68 117.779 47
    endloop
  endfacet
  facet normal 0.461858 -0.886954 -0.000304759
    outer loop
      vertex -59.4543 122.228 31.7766
      vertex -68 117.779 29
      vertex -63.03 120.367 29
    endloop
  endfacet
  facet normal 0.461615 -0.88708 3.44707e-05
    outer loop
      vertex -58.5069 122.721 31.6601
      vertex -57.4761 123.258 47
      vertex -59.4543 122.228 31.7766
    endloop
  endfacet
  facet normal 0.462019 -0.88687 0
    outer loop
      vertex -57.4761 123.258 47
      vertex -58.5069 122.721 31.6601
      vertex -57.4761 123.258 30.6064
    endloop
  endfacet
  facet normal -0.130474 0.991452 0
    outer loop
      vertex 23.6162 -133.934 29
      vertex 11.8532 -135.482 47
      vertex 23.6162 -133.934 47
    endloop
  endfacet
  facet normal -0.130474 0.991452 0
    outer loop
      vertex 11.8532 -135.482 47
      vertex 23.6162 -133.934 29
      vertex 11.8532 -135.482 29
    endloop
  endfacet
  facet normal 0.95371 -0.300729 0
    outer loop
      vertex -131.366 35.1994 47
      vertex -127.798 46.5147 29
      vertex -127.798 46.5147 47
    endloop
  endfacet
  facet normal 0.95371 -0.300729 0
    outer loop
      vertex -127.798 46.5147 29
      vertex -131.366 35.1994 47
      vertex -131.366 35.1994 29
    endloop
  endfacet
  facet normal 0.537253 0.843421 -0
    outer loop
      vertex -68 -117.779 29
      vertex -78.0064 -111.405 47
      vertex -68 -117.779 47
    endloop
  endfacet
  facet normal 0.537253 0.843421 0
    outer loop
      vertex -78.0064 -111.405 47
      vertex -68 -117.779 29
      vertex -78.0064 -111.405 29
    endloop
  endfacet
  facet normal -0.991452 0.130474 0
    outer loop
      vertex 133.934 -23.6162 29
      vertex 135.482 -11.8532 47
      vertex 135.482 -11.8532 29
    endloop
  endfacet
  facet normal -0.991452 0.130474 0
    outer loop
      vertex 135.482 -11.8532 47
      vertex 133.934 -23.6162 29
      vertex 133.934 -23.6162 47
    endloop
  endfacet
  facet normal -0.608782 -0.793338 0
    outer loop
      vertex 78.0064 111.405 29
      vertex 87.4191 104.182 47
      vertex 78.0064 111.405 47
    endloop
  endfacet
  facet normal -0.608782 -0.793338 -0
    outer loop
      vertex 87.4191 104.182 47
      vertex 78.0064 111.405 29
      vertex 87.4191 104.182 29
    endloop
  endfacet
  facet normal 0.95371 0.300729 0
    outer loop
      vertex -127.798 -46.5147 47
      vertex -131.366 -35.1994 29
      vertex -131.366 -35.1994 47
    endloop
  endfacet
  facet normal 0.95371 0.300729 0
    outer loop
      vertex -131.366 -35.1994 29
      vertex -127.798 -46.5147 47
      vertex -127.798 -46.5147 29
    endloop
  endfacet
  facet normal 0.88699 -0.461789 0
    outer loop
      vertex -123.258 57.4761 47
      vertex -117.779 68 29
      vertex -117.779 68 47
    endloop
  endfacet
  facet normal 0.88699 -0.461789 0
    outer loop
      vertex -117.779 68 29
      vertex -123.258 57.4761 47
      vertex -123.258 57.4761 29
    endloop
  endfacet
  facet normal 0.976289 0.21647 0
    outer loop
      vertex -133.934 -23.6162 47
      vertex -132.351 -30.7556 31.9285
      vertex -133.934 -23.6162 29
    endloop
  endfacet
  facet normal 0.976295 0.216445 1.24509e-05
    outer loop
      vertex -131.366 -35.1994 47
      vertex -132.351 -30.7556 31.9285
      vertex -133.934 -23.6162 47
    endloop
  endfacet
  facet normal 0.976304 0.216405 -0
    outer loop
      vertex -131.366 -35.1994 29
      vertex -132.351 -30.7556 31.9285
      vertex -131.366 -35.1994 47
    endloop
  endfacet
  facet normal 0.976321 0.216325 0.000126274
    outer loop
      vertex -132.351 -30.7556 31.9285
      vertex -131.366 -35.1994 29
      vertex -131.578 -34.2426 29
    endloop
  endfacet
  facet normal 0.976289 0.21647 0
    outer loop
      vertex -133.934 -23.6162 29
      vertex -132.351 -30.7556 31.9285
      vertex -132.351 -30.7556 29
    endloop
  endfacet
  facet normal -0.976289 0.21647 0
    outer loop
      vertex 132.351 -30.7556 31.9285
      vertex 133.934 -23.6162 29
      vertex 132.351 -30.7556 29
    endloop
  endfacet
  facet normal -0.976289 0.21647 0
    outer loop
      vertex 133.934 -23.6162 29
      vertex 132.351 -30.7556 31.9285
      vertex 133.934 -23.6162 47
    endloop
  endfacet
  facet normal -0.976321 0.216325 0.000126274
    outer loop
      vertex 131.366 -35.1994 29
      vertex 132.351 -30.7556 31.9285
      vertex 131.578 -34.2426 29
    endloop
  endfacet
  facet normal -0.976304 0.216405 0
    outer loop
      vertex 132.351 -30.7556 31.9285
      vertex 131.366 -35.1994 29
      vertex 131.366 -35.1994 47
    endloop
  endfacet
  facet normal -0.976295 0.216445 1.24509e-05
    outer loop
      vertex 132.351 -30.7556 31.9285
      vertex 131.366 -35.1994 47
      vertex 133.934 -23.6162 47
    endloop
  endfacet
  facet normal -0.95371 -0.300729 0
    outer loop
      vertex 131.366 35.1994 29
      vertex 127.798 46.5147 47
      vertex 127.798 46.5147 29
    endloop
  endfacet
  facet normal -0.95371 -0.300729 0
    outer loop
      vertex 127.798 46.5147 47
      vertex 131.366 35.1994 29
      vertex 131.366 35.1994 47
    endloop
  endfacet
  facet normal -0.608782 0.793338 0
    outer loop
      vertex 87.4191 -104.182 29
      vertex 78.0064 -111.405 47
      vertex 87.4191 -104.182 47
    endloop
  endfacet
  facet normal -0.608782 0.793338 0
    outer loop
      vertex 78.0064 -111.405 47
      vertex 87.4191 -104.182 29
      vertex 78.0064 -111.405 29
    endloop
  endfacet
  facet normal 0.991452 0.130474 0
    outer loop
      vertex -133.934 -23.6162 47
      vertex -135.482 -11.8532 29
      vertex -135.482 -11.8532 47
    endloop
  endfacet
  facet normal 0.991452 0.130474 0
    outer loop
      vertex -135.482 -11.8532 29
      vertex -133.934 -23.6162 47
      vertex -133.934 -23.6162 29
    endloop
  endfacet
  facet normal 0.92389 -0.382657 0
    outer loop
      vertex -127.798 46.5147 47
      vertex -123.258 57.4761 29
      vertex -123.258 57.4761 47
    endloop
  endfacet
  facet normal 0.92389 -0.382657 0
    outer loop
      vertex -123.258 57.4761 29
      vertex -127.798 46.5147 47
      vertex -127.798 46.5147 29
    endloop
  endfacet
  facet normal -0.843421 -0.537253 0
    outer loop
      vertex 117.779 68 29
      vertex 111.405 78.0064 47
      vertex 111.405 78.0064 29
    endloop
  endfacet
  facet normal -0.843421 -0.537253 0
    outer loop
      vertex 111.405 78.0064 47
      vertex 117.779 68 29
      vertex 117.779 68 47
    endloop
  endfacet
  facet normal -0.67559 0.737278 0
    outer loop
      vertex 96.1665 -96.1665 29
      vertex 87.4191 -104.182 47
      vertex 96.1665 -96.1665 47
    endloop
  endfacet
  facet normal -0.67559 0.737278 0
    outer loop
      vertex 87.4191 -104.182 47
      vertex 96.1665 -96.1665 29
      vertex 87.4191 -104.182 29
    endloop
  endfacet
  facet normal -0.737276 -0.675591 -7.99242e-05
    outer loop
      vertex 104.182 87.4191 29.3643
      vertex 96.1665 96.1665 29
      vertex 103.74 87.9015 29
    endloop
  endfacet
  facet normal -0.737278 -0.67559 0
    outer loop
      vertex 96.1665 96.1665 29
      vertex 104.182 87.4191 29.3643
      vertex 96.1665 96.1665 47
    endloop
  endfacet
  facet normal -0.737278 -0.67559 0
    outer loop
      vertex 96.1665 96.1665 47
      vertex 104.182 87.4191 29.3643
      vertex 104.182 87.4191 47
    endloop
  endfacet
  facet normal -0.95371 0.300729 0
    outer loop
      vertex 127.798 -46.5147 29
      vertex 131.366 -35.1994 47
      vertex 131.366 -35.1994 29
    endloop
  endfacet
  facet normal -0.95371 0.300729 0
    outer loop
      vertex 131.366 -35.1994 47
      vertex 127.798 -46.5147 29
      vertex 127.798 -46.5147 47
    endloop
  endfacet
  facet normal -0.382657 0.92389 0
    outer loop
      vertex 57.4761 -123.258 30.6064
      vertex 46.5147 -127.798 47
      vertex 57.4761 -123.258 47
    endloop
  endfacet
  facet normal -0.382642 0.923897 1.17955e-05
    outer loop
      vertex 55.006 -124.281 29
      vertex 46.5147 -127.798 47
      vertex 57.4761 -123.258 30.6064
    endloop
  endfacet
  facet normal -0.382664 0.923888 0
    outer loop
      vertex 46.5147 -127.798 47
      vertex 55.006 -124.281 29
      vertex 46.5147 -127.798 29
    endloop
  endfacet
  facet normal 0.737278 -0.67559 0
    outer loop
      vertex -104.182 87.4191 29.3643
      vertex -96.1665 96.1665 29
      vertex -96.1665 96.1665 47
    endloop
  endfacet
  facet normal 0.737278 -0.67559 0
    outer loop
      vertex -104.182 87.4191 29.3643
      vertex -96.1665 96.1665 47
      vertex -104.182 87.4191 47
    endloop
  endfacet
  facet normal 0.737276 -0.675591 -7.99242e-05
    outer loop
      vertex -96.1665 96.1665 29
      vertex -104.182 87.4191 29.3643
      vertex -103.74 87.9015 29
    endloop
  endfacet
  facet normal 0.382657 -0.92389 0
    outer loop
      vertex -57.4761 123.258 30.6064
      vertex -46.5147 127.798 47
      vertex -57.4761 123.258 47
    endloop
  endfacet
  facet normal 0.382642 -0.923897 1.17955e-05
    outer loop
      vertex -55.006 124.281 29
      vertex -46.5147 127.798 47
      vertex -57.4761 123.258 30.6064
    endloop
  endfacet
  facet normal 0.382664 -0.923888 0
    outer loop
      vertex -46.5147 127.798 47
      vertex -55.006 124.281 29
      vertex -46.5147 127.798 29
    endloop
  endfacet
  facet normal 0.537253 -0.843421 0
    outer loop
      vertex -78.0064 111.405 29
      vertex -68 117.779 47
      vertex -78.0064 111.405 47
    endloop
  endfacet
  facet normal 0.537253 -0.843421 0
    outer loop
      vertex -68 117.779 47
      vertex -78.0064 111.405 29
      vertex -68 117.779 29
    endloop
  endfacet
  facet normal -0.216445 -0.976295 0
    outer loop
      vertex 23.6162 133.934 29
      vertex 35.1994 131.366 47
      vertex 23.6162 133.934 47
    endloop
  endfacet
  facet normal -0.216445 -0.976295 -0
    outer loop
      vertex 35.1994 131.366 47
      vertex 23.6162 133.934 29
      vertex 35.1994 131.366 29
    endloop
  endfacet
  facet normal -0.382657 -0.92389 0
    outer loop
      vertex 46.5147 127.798 47
      vertex 57.4761 123.258 30.6064
      vertex 57.4761 123.258 47
    endloop
  endfacet
  facet normal -0.382664 -0.923888 0
    outer loop
      vertex 55.006 124.281 29
      vertex 46.5147 127.798 47
      vertex 46.5147 127.798 29
    endloop
  endfacet
  facet normal -0.382642 -0.923897 1.17955e-05
    outer loop
      vertex 46.5147 127.798 47
      vertex 55.006 124.281 29
      vertex 57.4761 123.258 30.6064
    endloop
  endfacet
  facet normal -0.0436596 -0.999046 -2.17436e-05
    outer loop
      vertex 0 136 47
      vertex 0.533981 135.977 31.5779
      vertex 11.8532 135.482 47
    endloop
  endfacet
  facet normal -0.0430328 -0.999074 0
    outer loop
      vertex 0 136 29
      vertex 0.533981 135.977 31.5779
      vertex 0 136 47
    endloop
  endfacet
  facet normal -0.0430328 -0.999074 -0
    outer loop
      vertex 0.533981 135.977 31.5779
      vertex 0 136 29
      vertex 0.533981 135.977 29
    endloop
  endfacet
  facet normal -0.0437471 -0.999043 4.25754e-05
    outer loop
      vertex 4.52791 135.802 29
      vertex 11.8532 135.482 47
      vertex 0.533981 135.977 31.5779
    endloop
  endfacet
  facet normal -0.0436427 -0.999047 -0
    outer loop
      vertex 11.8532 135.482 47
      vertex 4.52791 135.802 29
      vertex 11.8532 135.482 29
    endloop
  endfacet
  facet normal -0.461612 0.887082 0
    outer loop
      vertex 59.4543 -122.228 29
      vertex 58.5069 -122.721 31.6601
      vertex 59.4543 -122.228 31.7766
    endloop
  endfacet
  facet normal -0.461612 0.887082 0
    outer loop
      vertex 58.5069 -122.721 31.6601
      vertex 59.4543 -122.228 29
      vertex 58.5069 -122.721 29
    endloop
  endfacet
  facet normal -0.461789 0.88699 5.86419e-06
    outer loop
      vertex 68 -117.779 47
      vertex 59.4543 -122.228 31.7766
      vertex 57.4761 -123.258 47
    endloop
  endfacet
  facet normal -0.46178 0.886994 0
    outer loop
      vertex 68 -117.779 29
      vertex 59.4543 -122.228 31.7766
      vertex 68 -117.779 47
    endloop
  endfacet
  facet normal -0.461858 0.886954 -0.000304759
    outer loop
      vertex 59.4543 -122.228 31.7766
      vertex 68 -117.779 29
      vertex 63.03 -120.367 29
    endloop
  endfacet
  facet normal -0.461615 0.88708 3.44707e-05
    outer loop
      vertex 58.5069 -122.721 31.6601
      vertex 57.4761 -123.258 47
      vertex 59.4543 -122.228 31.7766
    endloop
  endfacet
  facet normal -0.462019 0.88687 0
    outer loop
      vertex 57.4761 -123.258 47
      vertex 58.5069 -122.721 31.6601
      vertex 57.4761 -123.258 30.6064
    endloop
  endfacet
  facet normal -0.537253 -0.843421 0
    outer loop
      vertex 68 117.779 29
      vertex 78.0064 111.405 47
      vertex 68 117.779 47
    endloop
  endfacet
  facet normal -0.537253 -0.843421 -0
    outer loop
      vertex 78.0064 111.405 47
      vertex 68 117.779 29
      vertex 78.0064 111.405 29
    endloop
  endfacet
  facet normal -0.461789 -0.88699 5.86419e-06
    outer loop
      vertex 57.4761 123.258 47
      vertex 59.4543 122.228 31.7766
      vertex 68 117.779 47
    endloop
  endfacet
  facet normal -0.461615 -0.88708 3.44707e-05
    outer loop
      vertex 57.4761 123.258 47
      vertex 58.5069 122.721 31.6601
      vertex 59.4543 122.228 31.7766
    endloop
  endfacet
  facet normal -0.462019 -0.88687 0
    outer loop
      vertex 58.5069 122.721 31.6601
      vertex 57.4761 123.258 47
      vertex 57.4761 123.258 30.6064
    endloop
  endfacet
  facet normal -0.461858 -0.886954 -0.000304759
    outer loop
      vertex 68 117.779 29
      vertex 59.4543 122.228 31.7766
      vertex 63.03 120.367 29
    endloop
  endfacet
  facet normal -0.46178 -0.886994 0
    outer loop
      vertex 59.4543 122.228 31.7766
      vertex 68 117.779 29
      vertex 68 117.779 47
    endloop
  endfacet
  facet normal -0.461612 -0.887082 0
    outer loop
      vertex 59.4543 122.228 29
      vertex 58.5069 122.721 31.6601
      vertex 58.5069 122.721 29
    endloop
  endfacet
  facet normal -0.461612 -0.887082 0
    outer loop
      vertex 58.5069 122.721 31.6601
      vertex 59.4543 122.228 29
      vertex 59.4543 122.228 31.7766
    endloop
  endfacet
  facet normal -0.0436596 0.999046 -2.17436e-05
    outer loop
      vertex 11.8532 -135.482 47
      vertex 0.533981 -135.977 31.5779
      vertex 0 -136 47
    endloop
  endfacet
  facet normal -0.0436427 0.999047 0
    outer loop
      vertex 4.52791 -135.802 29
      vertex 11.8532 -135.482 47
      vertex 11.8532 -135.482 29
    endloop
  endfacet
  facet normal -0.0437471 0.999043 4.25754e-05
    outer loop
      vertex 11.8532 -135.482 47
      vertex 4.52791 -135.802 29
      vertex 0.533981 -135.977 31.5779
    endloop
  endfacet
  facet normal -0.0430328 0.999074 0
    outer loop
      vertex 0 -136 29
      vertex 0.533981 -135.977 31.5779
      vertex 0.533981 -135.977 29
    endloop
  endfacet
  facet normal -0.0430328 0.999074 0
    outer loop
      vertex 0.533981 -135.977 31.5779
      vertex 0 -136 29
      vertex 0 -136 47
    endloop
  endfacet
  facet normal -0.843421 0.537253 0
    outer loop
      vertex 111.405 -78.0064 29
      vertex 117.779 -68 47
      vertex 117.779 -68 29
    endloop
  endfacet
  facet normal -0.843421 0.537253 0
    outer loop
      vertex 117.779 -68 47
      vertex 111.405 -78.0064 29
      vertex 111.405 -78.0064 47
    endloop
  endfacet
  facet normal -0.999046 0.0436596 0
    outer loop
      vertex 135.482 -11.8532 29
      vertex 136 0 47
      vertex 136 0 29
    endloop
  endfacet
  facet normal -0.999046 0.0436596 0
    outer loop
      vertex 136 0 47
      vertex 135.482 -11.8532 29
      vertex 135.482 -11.8532 47
    endloop
  endfacet
  facet normal -0.793738 0.60826 0
    outer loop
      vertex 105.922 -85.1522 31.8313
      vertex 106.571 -84.3053 29
      vertex 105.922 -85.1522 29
    endloop
  endfacet
  facet normal -0.793305 0.608824 2.85731e-05
    outer loop
      vertex 106.571 -84.3053 31.9011
      vertex 111.405 -78.0064 29
      vertex 108.982 -81.1636 29
    endloop
  endfacet
  facet normal -0.793312 0.608816 0
    outer loop
      vertex 111.405 -78.0064 29
      vertex 106.571 -84.3053 31.9011
      vertex 111.405 -78.0064 47
    endloop
  endfacet
  facet normal -0.793738 0.60826 0
    outer loop
      vertex 106.571 -84.3053 29
      vertex 105.922 -85.1522 31.8313
      vertex 106.571 -84.3053 31.9011
    endloop
  endfacet
  facet normal -0.793732 0.608268 -0.000145745
    outer loop
      vertex 104.182 -87.4191 47
      vertex 106.571 -84.3053 31.9011
      vertex 105.922 -85.1522 31.8313
    endloop
  endfacet
  facet normal -0.793261 0.608882 0
    outer loop
      vertex 104.182 -87.4191 47
      vertex 105.922 -85.1522 31.8313
      vertex 104.182 -87.4191 29.3643
    endloop
  endfacet
  facet normal -0.793338 0.608782 2.25355e-05
    outer loop
      vertex 106.571 -84.3053 31.9011
      vertex 104.182 -87.4191 47
      vertex 111.405 -78.0064 47
    endloop
  endfacet
  facet normal 0.300729 -0.95371 0
    outer loop
      vertex -46.5147 127.798 29
      vertex -35.1994 131.366 47
      vertex -46.5147 127.798 47
    endloop
  endfacet
  facet normal 0.300729 -0.95371 0
    outer loop
      vertex -35.1994 131.366 47
      vertex -46.5147 127.798 29
      vertex -35.1994 131.366 29
    endloop
  endfacet
  facet normal 0.843421 -0.537253 0
    outer loop
      vertex -117.779 68 47
      vertex -111.405 78.0064 29
      vertex -111.405 78.0064 47
    endloop
  endfacet
  facet normal 0.843421 -0.537253 0
    outer loop
      vertex -111.405 78.0064 29
      vertex -117.779 68 47
      vertex -117.779 68 29
    endloop
  endfacet
  facet normal 0.130474 0.991452 -0
    outer loop
      vertex -11.8532 -135.482 29
      vertex -23.6162 -133.934 47
      vertex -11.8532 -135.482 47
    endloop
  endfacet
  facet normal 0.130474 0.991452 0
    outer loop
      vertex -23.6162 -133.934 47
      vertex -11.8532 -135.482 29
      vertex -23.6162 -133.934 29
    endloop
  endfacet
  facet normal 0.793312 0.608816 0
    outer loop
      vertex -106.571 -84.3053 31.9011
      vertex -111.405 -78.0064 29
      vertex -111.405 -78.0064 47
    endloop
  endfacet
  facet normal 0.793305 0.608824 2.85731e-05
    outer loop
      vertex -111.405 -78.0064 29
      vertex -106.571 -84.3053 31.9011
      vertex -108.982 -81.1636 29
    endloop
  endfacet
  facet normal 0.793738 0.60826 0
    outer loop
      vertex -106.571 -84.3053 31.9011
      vertex -105.922 -85.1522 31.8313
      vertex -106.571 -84.3053 29
    endloop
  endfacet
  facet normal 0.793338 0.608782 2.25355e-05
    outer loop
      vertex -104.182 -87.4191 47
      vertex -106.571 -84.3053 31.9011
      vertex -111.405 -78.0064 47
    endloop
  endfacet
  facet normal 0.793732 0.608268 -0.000145745
    outer loop
      vertex -106.571 -84.3053 31.9011
      vertex -104.182 -87.4191 47
      vertex -105.922 -85.1522 31.8313
    endloop
  endfacet
  facet normal 0.793261 0.608882 0
    outer loop
      vertex -105.922 -85.1522 31.8313
      vertex -104.182 -87.4191 47
      vertex -104.182 -87.4191 29.3643
    endloop
  endfacet
  facet normal 0.793738 0.60826 0
    outer loop
      vertex -106.571 -84.3053 29
      vertex -105.922 -85.1522 31.8313
      vertex -105.922 -85.1522 29
    endloop
  endfacet
  facet normal -0.92389 -0.382657 0
    outer loop
      vertex 127.798 46.5147 29
      vertex 123.258 57.4761 47
      vertex 123.258 57.4761 29
    endloop
  endfacet
  facet normal -0.92389 -0.382657 0
    outer loop
      vertex 123.258 57.4761 47
      vertex 127.798 46.5147 29
      vertex 127.798 46.5147 47
    endloop
  endfacet
  facet normal -0.88699 -0.461789 0
    outer loop
      vertex 123.258 57.4761 29
      vertex 117.779 68 47
      vertex 117.779 68 29
    endloop
  endfacet
  facet normal -0.88699 -0.461789 0
    outer loop
      vertex 117.779 68 47
      vertex 123.258 57.4761 29
      vertex 123.258 57.4761 47
    endloop
  endfacet
  facet normal 0.843421 0.537253 0
    outer loop
      vertex -111.405 -78.0064 47
      vertex -117.779 -68 29
      vertex -117.779 -68 47
    endloop
  endfacet
  facet normal 0.843421 0.537253 0
    outer loop
      vertex -117.779 -68 29
      vertex -111.405 -78.0064 47
      vertex -111.405 -78.0064 29
    endloop
  endfacet
  facet normal 0.0436596 -0.999046 -2.17436e-05
    outer loop
      vertex -11.8532 135.482 47
      vertex -0.533981 135.977 31.5779
      vertex 0 136 47
    endloop
  endfacet
  facet normal 0.0436427 -0.999047 0
    outer loop
      vertex -4.52791 135.802 29
      vertex -11.8532 135.482 47
      vertex -11.8532 135.482 29
    endloop
  endfacet
  facet normal 0.0437471 -0.999043 4.25754e-05
    outer loop
      vertex -11.8532 135.482 47
      vertex -4.52791 135.802 29
      vertex -0.533981 135.977 31.5779
    endloop
  endfacet
  facet normal 0.0430328 -0.999074 0
    outer loop
      vertex 0 136 29
      vertex -0.533981 135.977 31.5779
      vertex -0.533981 135.977 29
    endloop
  endfacet
  facet normal 0.0430328 -0.999074 0
    outer loop
      vertex -0.533981 135.977 31.5779
      vertex 0 136 29
      vertex 0 136 47
    endloop
  endfacet
  facet normal 0.999046 0.0436596 0
    outer loop
      vertex -135.482 -11.8532 47
      vertex -136 0 29
      vertex -136 0 47
    endloop
  endfacet
  facet normal 0.999046 0.0436596 0
    outer loop
      vertex -136 0 29
      vertex -135.482 -11.8532 47
      vertex -135.482 -11.8532 29
    endloop
  endfacet
  facet normal 0.216445 0.976295 -0
    outer loop
      vertex -23.6162 -133.934 29
      vertex -35.1994 -131.366 47
      vertex -23.6162 -133.934 47
    endloop
  endfacet
  facet normal 0.216445 0.976295 0
    outer loop
      vertex -35.1994 -131.366 47
      vertex -23.6162 -133.934 29
      vertex -35.1994 -131.366 29
    endloop
  endfacet
  facet normal 0.130474 -0.991452 0
    outer loop
      vertex -23.6162 133.934 29
      vertex -11.8532 135.482 47
      vertex -23.6162 133.934 47
    endloop
  endfacet
  facet normal 0.130474 -0.991452 0
    outer loop
      vertex -11.8532 135.482 47
      vertex -23.6162 133.934 29
      vertex -11.8532 135.482 29
    endloop
  endfacet
  facet normal 0.793261 -0.608882 0
    outer loop
      vertex -104.182 87.4191 47
      vertex -105.922 85.1522 31.8313
      vertex -104.182 87.4191 29.3643
    endloop
  endfacet
  facet normal 0.793738 -0.60826 0
    outer loop
      vertex -106.571 84.3053 29
      vertex -105.922 85.1522 31.8313
      vertex -106.571 84.3053 31.9011
    endloop
  endfacet
  facet normal 0.793732 -0.608268 -0.000145745
    outer loop
      vertex -104.182 87.4191 47
      vertex -106.571 84.3053 31.9011
      vertex -105.922 85.1522 31.8313
    endloop
  endfacet
  facet normal 0.793338 -0.608782 2.25355e-05
    outer loop
      vertex -111.405 78.0064 47
      vertex -106.571 84.3053 31.9011
      vertex -104.182 87.4191 47
    endloop
  endfacet
  facet normal 0.793312 -0.608816 0
    outer loop
      vertex -111.405 78.0064 29
      vertex -106.571 84.3053 31.9011
      vertex -111.405 78.0064 47
    endloop
  endfacet
  facet normal 0.793305 -0.608824 2.85731e-05
    outer loop
      vertex -106.571 84.3053 31.9011
      vertex -111.405 78.0064 29
      vertex -108.982 81.1636 29
    endloop
  endfacet
  facet normal 0.793738 -0.60826 0
    outer loop
      vertex -105.922 85.1522 31.8313
      vertex -106.571 84.3053 29
      vertex -105.922 85.1522 29
    endloop
  endfacet
  facet normal 0.67559 -0.737278 0
    outer loop
      vertex -96.1665 96.1665 29
      vertex -87.4191 104.182 47
      vertex -96.1665 96.1665 47
    endloop
  endfacet
  facet normal 0.67559 -0.737278 0
    outer loop
      vertex -87.4191 104.182 47
      vertex -96.1665 96.1665 29
      vertex -87.4191 104.182 29
    endloop
  endfacet
  facet normal 0.608782 0.793338 -0
    outer loop
      vertex -78.0064 -111.405 29
      vertex -87.4191 -104.182 47
      vertex -78.0064 -111.405 47
    endloop
  endfacet
  facet normal 0.608782 0.793338 0
    outer loop
      vertex -87.4191 -104.182 47
      vertex -78.0064 -111.405 29
      vertex -87.4191 -104.182 29
    endloop
  endfacet
  facet normal 0.737278 0.67559 0
    outer loop
      vertex -96.1665 -96.1665 47
      vertex -104.182 -87.4191 29.3643
      vertex -104.182 -87.4191 47
    endloop
  endfacet
  facet normal 0.737278 0.67559 -0
    outer loop
      vertex -96.1665 -96.1665 29
      vertex -104.182 -87.4191 29.3643
      vertex -96.1665 -96.1665 47
    endloop
  endfacet
  facet normal 0.737276 0.675591 -7.99242e-05
    outer loop
      vertex -104.182 -87.4191 29.3643
      vertex -96.1665 -96.1665 29
      vertex -103.74 -87.9015 29
    endloop
  endfacet
  facet normal -0.300729 0.95371 0
    outer loop
      vertex 46.5147 -127.798 29
      vertex 35.1994 -131.366 47
      vertex 46.5147 -127.798 47
    endloop
  endfacet
  facet normal -0.300729 0.95371 0
    outer loop
      vertex 35.1994 -131.366 47
      vertex 46.5147 -127.798 29
      vertex 35.1994 -131.366 29
    endloop
  endfacet
  facet normal 0.461789 0.88699 5.86419e-06
    outer loop
      vertex -57.4761 -123.258 47
      vertex -59.4543 -122.228 31.7766
      vertex -68 -117.779 47
    endloop
  endfacet
  facet normal 0.461615 0.88708 3.44707e-05
    outer loop
      vertex -57.4761 -123.258 47
      vertex -58.5069 -122.721 31.6601
      vertex -59.4543 -122.228 31.7766
    endloop
  endfacet
  facet normal 0.462019 0.88687 0
    outer loop
      vertex -58.5069 -122.721 31.6601
      vertex -57.4761 -123.258 47
      vertex -57.4761 -123.258 30.6064
    endloop
  endfacet
  facet normal 0.461858 0.886954 -0.000304759
    outer loop
      vertex -68 -117.779 29
      vertex -59.4543 -122.228 31.7766
      vertex -63.03 -120.367 29
    endloop
  endfacet
  facet normal 0.46178 0.886994 0
    outer loop
      vertex -59.4543 -122.228 31.7766
      vertex -68 -117.779 29
      vertex -68 -117.779 47
    endloop
  endfacet
  facet normal 0.461612 0.887082 0
    outer loop
      vertex -59.4543 -122.228 29
      vertex -58.5069 -122.721 31.6601
      vertex -58.5069 -122.721 29
    endloop
  endfacet
  facet normal 0.461612 0.887082 0
    outer loop
      vertex -58.5069 -122.721 31.6601
      vertex -59.4543 -122.228 29
      vertex -59.4543 -122.228 31.7766
    endloop
  endfacet
  facet normal 0.608782 -0.793338 0
    outer loop
      vertex -87.4191 104.182 29
      vertex -78.0064 111.405 47
      vertex -87.4191 104.182 47
    endloop
  endfacet
  facet normal 0.608782 -0.793338 0
    outer loop
      vertex -78.0064 111.405 47
      vertex -87.4191 104.182 29
      vertex -78.0064 111.405 29
    endloop
  endfacet
  facet normal 0.976304 -0.216405 0
    outer loop
      vertex -132.351 30.7556 31.9285
      vertex -131.366 35.1994 29
      vertex -131.366 35.1994 47
    endloop
  endfacet
  facet normal 0.976321 -0.216325 0.000126274
    outer loop
      vertex -131.366 35.1994 29
      vertex -132.351 30.7556 31.9285
      vertex -131.578 34.2426 29
    endloop
  endfacet
  facet normal 0.976295 -0.216445 1.24509e-05
    outer loop
      vertex -133.934 23.6162 47
      vertex -132.351 30.7556 31.9285
      vertex -131.366 35.1994 47
    endloop
  endfacet
  facet normal 0.976289 -0.21647 0
    outer loop
      vertex -133.934 23.6162 29
      vertex -132.351 30.7556 31.9285
      vertex -133.934 23.6162 47
    endloop
  endfacet
  facet normal 0.976289 -0.21647 0
    outer loop
      vertex -132.351 30.7556 31.9285
      vertex -133.934 23.6162 29
      vertex -132.351 30.7556 29
    endloop
  endfacet
  facet normal 0.382657 0.92389 0
    outer loop
      vertex -46.5147 -127.798 47
      vertex -57.4761 -123.258 30.6064
      vertex -57.4761 -123.258 47
    endloop
  endfacet
  facet normal 0.382664 0.923888 0
    outer loop
      vertex -55.006 -124.281 29
      vertex -46.5147 -127.798 47
      vertex -46.5147 -127.798 29
    endloop
  endfacet
  facet normal 0.382642 0.923897 1.17955e-05
    outer loop
      vertex -46.5147 -127.798 47
      vertex -55.006 -124.281 29
      vertex -57.4761 -123.258 30.6064
    endloop
  endfacet
  facet normal -0.92389 0.382657 0
    outer loop
      vertex 123.258 -57.4761 29
      vertex 127.798 -46.5147 47
      vertex 127.798 -46.5147 29
    endloop
  endfacet
  facet normal -0.92389 0.382657 0
    outer loop
      vertex 127.798 -46.5147 47
      vertex 123.258 -57.4761 29
      vertex 123.258 -57.4761 47
    endloop
  endfacet
  facet normal -0.88699 0.461789 0
    outer loop
      vertex 117.779 -68 29
      vertex 123.258 -57.4761 47
      vertex 123.258 -57.4761 29
    endloop
  endfacet
  facet normal -0.88699 0.461789 0
    outer loop
      vertex 123.258 -57.4761 47
      vertex 117.779 -68 29
      vertex 117.779 -68 47
    endloop
  endfacet
  facet normal -0.67559 -0.737278 0
    outer loop
      vertex 87.4191 104.182 29
      vertex 96.1665 96.1665 47
      vertex 87.4191 104.182 47
    endloop
  endfacet
  facet normal -0.67559 -0.737278 -0
    outer loop
      vertex 96.1665 96.1665 47
      vertex 87.4191 104.182 29
      vertex 96.1665 96.1665 29
    endloop
  endfacet
  facet normal -0.793261 -0.608882 0
    outer loop
      vertex 105.922 85.1522 31.8313
      vertex 104.182 87.4191 47
      vertex 104.182 87.4191 29.3643
    endloop
  endfacet
  facet normal -0.793738 -0.60826 -0
    outer loop
      vertex 106.571 84.3053 31.9011
      vertex 105.922 85.1522 31.8313
      vertex 106.571 84.3053 29
    endloop
  endfacet
  facet normal -0.793732 -0.608268 -0.000145745
    outer loop
      vertex 105.922 85.1522 31.8313
      vertex 106.571 84.3053 31.9011
      vertex 104.182 87.4191 47
    endloop
  endfacet
  facet normal -0.793305 -0.608824 2.85731e-05
    outer loop
      vertex 111.405 78.0064 29
      vertex 106.571 84.3053 31.9011
      vertex 108.982 81.1636 29
    endloop
  endfacet
  facet normal -0.793312 -0.608816 0
    outer loop
      vertex 106.571 84.3053 31.9011
      vertex 111.405 78.0064 29
      vertex 111.405 78.0064 47
    endloop
  endfacet
  facet normal -0.793338 -0.608782 2.25355e-05
    outer loop
      vertex 106.571 84.3053 31.9011
      vertex 111.405 78.0064 47
      vertex 104.182 87.4191 47
    endloop
  endfacet
  facet normal -0.793738 -0.60826 0
    outer loop
      vertex 105.922 85.1522 29
      vertex 106.571 84.3053 29
      vertex 105.922 85.1522 31.8313
    endloop
  endfacet
  facet normal 0.300729 0.95371 -0
    outer loop
      vertex -35.1994 -131.366 29
      vertex -46.5147 -127.798 47
      vertex -35.1994 -131.366 47
    endloop
  endfacet
  facet normal 0.300729 0.95371 0
    outer loop
      vertex -46.5147 -127.798 47
      vertex -35.1994 -131.366 29
      vertex -46.5147 -127.798 29
    endloop
  endfacet
  facet normal 0.0436596 0.999046 -2.17436e-05
    outer loop
      vertex 0 -136 47
      vertex -0.533981 -135.977 31.5779
      vertex -11.8532 -135.482 47
    endloop
  endfacet
  facet normal 0.0430328 0.999074 -0
    outer loop
      vertex 0 -136 29
      vertex -0.533981 -135.977 31.5779
      vertex 0 -136 47
    endloop
  endfacet
  facet normal 0.0430328 0.999074 0
    outer loop
      vertex -0.533981 -135.977 31.5779
      vertex 0 -136 29
      vertex -0.533981 -135.977 29
    endloop
  endfacet
  facet normal 0.0437471 0.999043 4.25754e-05
    outer loop
      vertex -4.52791 -135.802 29
      vertex -11.8532 -135.482 47
      vertex -0.533981 -135.977 31.5779
    endloop
  endfacet
  facet normal 0.0436427 0.999047 0
    outer loop
      vertex -11.8532 -135.482 47
      vertex -4.52791 -135.802 29
      vertex -11.8532 -135.482 29
    endloop
  endfacet
  facet normal 0.88699 0.461789 0
    outer loop
      vertex -117.779 -68 47
      vertex -123.258 -57.4761 29
      vertex -123.258 -57.4761 47
    endloop
  endfacet
  facet normal 0.88699 0.461789 0
    outer loop
      vertex -123.258 -57.4761 29
      vertex -117.779 -68 47
      vertex -117.779 -68 29
    endloop
  endfacet
  facet normal 0.92389 0.382657 0
    outer loop
      vertex -123.258 -57.4761 47
      vertex -127.798 -46.5147 29
      vertex -127.798 -46.5147 47
    endloop
  endfacet
  facet normal 0.92389 0.382657 0
    outer loop
      vertex -127.798 -46.5147 29
      vertex -123.258 -57.4761 47
      vertex -123.258 -57.4761 29
    endloop
  endfacet
  facet normal 0.991452 -0.130474 0
    outer loop
      vertex -135.482 11.8532 47
      vertex -133.934 23.6162 29
      vertex -133.934 23.6162 47
    endloop
  endfacet
  facet normal 0.991452 -0.130474 0
    outer loop
      vertex -133.934 23.6162 29
      vertex -135.482 11.8532 47
      vertex -135.482 11.8532 29
    endloop
  endfacet
  facet normal 0.999046 -0.0436596 0
    outer loop
      vertex -136 0 47
      vertex -135.482 11.8532 29
      vertex -135.482 11.8532 47
    endloop
  endfacet
  facet normal 0.999046 -0.0436596 0
    outer loop
      vertex -135.482 11.8532 29
      vertex -136 0 47
      vertex -136 0 29
    endloop
  endfacet
  facet normal -0.300729 -0.95371 0
    outer loop
      vertex 35.1994 131.366 29
      vertex 46.5147 127.798 47
      vertex 35.1994 131.366 47
    endloop
  endfacet
  facet normal -0.300729 -0.95371 -0
    outer loop
      vertex 46.5147 127.798 47
      vertex 35.1994 131.366 29
      vertex 46.5147 127.798 29
    endloop
  endfacet
  facet normal -0.052569 0.0388578 -0.997861
    outer loop
      vertex 151.538 19.5336 49.8365
      vertex 148.244 23.1536 50.151
      vertex 150.134 23.4404 50.0626
    endloop
  endfacet
  facet normal -0.997488 0.0454286 0.0543563
    outer loop
      vertex 174.673 1.26651 573
      vertex 147.108 21.6142 50.151
      vertex 174.63 0.322348 573
    endloop
  endfacet
  facet normal 0.67149 -0.738234 -0.0641314
    outer loop
      vertex 151.538 19.5336 49.8365
      vertex 178.398 -1.48277 573
      vertex 150.817 18.8767 49.849
    endloop
  endfacet
  facet normal 0.671848 -0.737907 -0.0641367
    outer loop
      vertex 178.398 -1.48277 573
      vertex 151.538 19.5336 49.8365
      vertex 179.119 -0.826315 573
    endloop
  endfacet
  facet normal -0.0526259 0.0387843 -0.997861
    outer loop
      vertex 147.391 19.7238 50.0626
      vertex 147.108 21.6142 50.151
      vertex 151.538 19.5336 49.8365
    endloop
  endfacet
  facet normal 0.426005 0.904631 0.0127461
    outer loop
      vertex 151.015 23.0265 50
      vertex 177.704 3.08925 573
      vertex 178.588 2.67296 573
    endloop
  endfacet
  facet normal 0.425926 0.904668 0.0127516
    outer loop
      vertex 177.704 3.08925 573
      vertex 151.015 23.0265 50
      vertex 150.134 23.4404 50.0626
    endloop
  endfacet
  facet normal -0.739095 -0.67348 0.0127553
    outer loop
      vertex 174.981 -0.650107 573
      vertex 147.391 19.7238 50.0626
      vertex 148.046 19.0038 50
    endloop
  endfacet
  facet normal -0.752072 -0.658932 0.0140067
    outer loop
      vertex 147.391 19.7238 50.0626
      vertex 174.981 -0.650107 573
      vertex 174.961 -0.62728 573
    endloop
  endfacet
  facet normal 0.939589 0.340375 -0.0362909
    outer loop
      vertex 179.247 1.95046 573
      vertex 152 21.3898 49.8844
      vertex 151.67 22.3064 49.9374
    endloop
  endfacet
  facet normal 0.944097 0.327584 -0.037001
    outer loop
      vertex 152 21.3898 49.8844
      vertex 179.247 1.95046 573
      vertex 179.257 1.92164 573
    endloop
  endfacet
  facet normal -0.0527623 0.0387027 -0.997857
    outer loop
      vertex 152 21.3898 49.8844
      vertex 150.134 23.4404 50.0626
      vertex 151.67 22.3064 49.9374
    endloop
  endfacet
  facet normal -0.671372 0.73834 0.0641304
    outer loop
      vertex 175.81 2.80595 573
      vertex 148.244 23.1536 50.151
      vertex 175.111 2.17035 573
    endloop
  endfacet
  facet normal -0.0477363 -0.998199 -0.0363301
    outer loop
      vertex 176.503 -1.76607 573
      vertex 148.927 18.5899 49.9374
      vertex 177.449 -1.81131 573
    endloop
  endfacet
  facet normal -0.0525677 0.0389697 -0.997857
    outer loop
      vertex 148.927 18.5899 49.9374
      vertex 147.391 19.7238 50.0626
      vertex 149.9 18.5453 49.8844
    endloop
  endfacet
  facet normal -0.0527981 0.0389623 -0.997845
    outer loop
      vertex 148.244 23.1536 50.151
      vertex 147.108 21.6142 50.151
      vertex 147.523 22.4967 50.1635
    endloop
  endfacet
  facet normal -0.0526081 0.0388221 -0.99786
    outer loop
      vertex 151.538 19.5336 49.8365
      vertex 147.108 21.6142 50.151
      vertex 148.244 23.1536 50.151
    endloop
  endfacet
  facet normal -0.0526073 0.0388439 -0.99786
    outer loop
      vertex 151.538 19.5336 49.8365
      vertex 150.134 23.4404 50.0626
      vertex 152 21.3898 49.8844
    endloop
  endfacet
  facet normal 0.903185 -0.424433 -0.0641344
    outer loop
      vertex 179.132 -0.798784 573
      vertex 151.953 20.4161 49.849
      vertex 179.534 0.0566634 573
    endloop
  endfacet
  facet normal 0.903422 -0.42393 -0.0641263
    outer loop
      vertex 179.132 -0.798784 573
      vertex 151.538 19.5336 49.8365
      vertex 151.953 20.4161 49.849
    endloop
  endfacet
  facet normal 0.902395 -0.426107 -0.0641567
    outer loop
      vertex 151.538 19.5336 49.8365
      vertex 179.132 -0.798784 573
      vertex 179.119 -0.826315 573
    endloop
  endfacet
  facet normal -0.0526431 0.0388675 -0.997857
    outer loop
      vertex 148.046 19.0038 50
      vertex 147.391 19.7238 50.0626
      vertex 148.927 18.5899 49.9374
    endloop
  endfacet
  facet normal -0.0526226 0.038853 -0.997858
    outer loop
      vertex 149.9 18.5453 49.8844
      vertex 147.391 19.7238 50.0626
      vertex 151.538 19.5336 49.8365
    endloop
  endfacet
  facet normal -0.425926 -0.904668 -0.0127518
    outer loop
      vertex 148.927 18.5899 49.9374
      vertex 175.619 -1.34978 573
      vertex 148.046 19.0038 50
    endloop
  endfacet
  facet normal -0.426005 -0.904631 -0.0127463
    outer loop
      vertex 175.619 -1.34978 573
      vertex 148.927 18.5899 49.9374
      vertex 176.503 -1.76607 573
    endloop
  endfacet
  facet normal -0.738863 -0.673735 0.0127337
    outer loop
      vertex 174.981 -0.650107 573
      vertex 148.046 19.0038 50
      vertex 175.619 -1.34978 573
    endloop
  endfacet
  facet normal -0.0524743 0.0386064 -0.997876
    outer loop
      vertex 150.817 18.8767 49.849
      vertex 149.9 18.5453 49.8844
      vertex 151.538 19.5336 49.8365
    endloop
  endfacet
  facet normal -0.047734 -0.998199 -0.0363303
    outer loop
      vertex 149.9 18.5453 49.8844
      vertex 177.449 -1.81131 573
      vertex 148.927 18.5899 49.9374
    endloop
  endfacet
  facet normal -0.0485771 -0.99816 -0.0362843
    outer loop
      vertex 177.449 -1.81131 573
      vertex 149.9 18.5453 49.8844
      vertex 177.479 -1.81277 573
    endloop
  endfacet
  facet normal -0.0524528 0.0388106 -0.997869
    outer loop
      vertex 147.391 19.7238 50.0626
      vertex 147.061 20.6405 50.1156
      vertex 147.108 21.6142 50.151
    endloop
  endfacet
  facet normal -0.939601 -0.340342 0.0362912
    outer loop
      vertex 147.391 19.7238 50.0626
      vertex 174.95 -0.598249 573
      vertex 147.061 20.6405 50.1156
    endloop
  endfacet
  facet normal -0.934534 -0.3541 0.0354895
    outer loop
      vertex 174.95 -0.598249 573
      vertex 147.391 19.7238 50.0626
      vertex 174.961 -0.62728 573
    endloop
  endfacet
  facet normal -0.33775 0.939664 0.0543759
    outer loop
      vertex 176.699 3.12549 573
      vertex 148.244 23.1536 50.151
      vertex 175.81 2.80595 573
    endloop
  endfacet
  facet normal -0.052572 0.0388785 -0.99786
    outer loop
      vertex 150.134 23.4404 50.0626
      vertex 148.244 23.1536 50.151
      vertex 149.161 23.485 50.1156
    endloop
  endfacet
  facet normal 0.738943 0.673648 -0.0127414
    outer loop
      vertex 179.226 1.97312 573
      vertex 151.015 23.0265 50
      vertex 178.588 2.67296 573
    endloop
  endfacet
  facet normal 0.997489 -0.0454082 -0.0543557
    outer loop
      vertex 179.534 0.0566634 573
      vertex 151.953 20.4161 49.849
      vertex 179.577 1.00125 573
    endloop
  endfacet
  facet normal -0.052477 0.0388117 -0.997868
    outer loop
      vertex 151.953 20.4161 49.849
      vertex 151.538 19.5336 49.8365
      vertex 152 21.3898 49.8844
    endloop
  endfacet
  facet normal 0.0477656 0.998198 0.0363286
    outer loop
      vertex 177.704 3.08925 573
      vertex 150.134 23.4404 50.0626
      vertex 176.759 3.13447 573
    endloop
  endfacet
  facet normal -0.670424 0.739202 0.0641163
    outer loop
      vertex 148.244 23.1536 50.151
      vertex 175.088 2.14949 573
      vertex 175.111 2.17035 573
    endloop
  endfacet
  facet normal -0.67149 0.738234 0.0641321
    outer loop
      vertex 175.088 2.14949 573
      vertex 148.244 23.1536 50.151
      vertex 147.523 22.4967 50.1635
    endloop
  endfacet
  facet normal -0.997452 0.0461693 0.0543845
    outer loop
      vertex 147.061 20.6405 50.1156
      vertex 174.63 0.322348 573
      vertex 147.108 21.6142 50.151
    endloop
  endfacet
  facet normal -0.998025 0.0322912 0.0538755
    outer loop
      vertex 174.63 0.322348 573
      vertex 147.061 20.6405 50.1156
      vertex 174.629 0.291441 573
    endloop
  endfacet
  facet normal -0.940025 -0.339161 0.0363618
    outer loop
      vertex 174.629 0.291441 573
      vertex 147.061 20.6405 50.1156
      vertex 174.95 -0.598249 573
    endloop
  endfacet
  facet normal 0.337522 -0.939746 -0.0543664
    outer loop
      vertex 150.817 18.8767 49.849
      vertex 177.479 -1.81277 573
      vertex 149.9 18.5453 49.8844
    endloop
  endfacet
  facet normal 0.334772 -0.940735 -0.0542654
    outer loop
      vertex 177.479 -1.81277 573
      vertex 150.817 18.8767 49.849
      vertex 177.508 -1.80245 573
    endloop
  endfacet
  facet normal 0.337545 -0.939738 -0.0543675
    outer loop
      vertex 177.508 -1.80245 573
      vertex 150.817 18.8767 49.849
      vertex 178.398 -1.48277 573
    endloop
  endfacet
  facet normal 0.0476561 0.998203 0.0363343
    outer loop
      vertex 150.134 23.4404 50.0626
      vertex 176.728 3.13595 573
      vertex 176.759 3.13447 573
    endloop
  endfacet
  facet normal 0.047734 0.998199 0.0363303
    outer loop
      vertex 176.728 3.13595 573
      vertex 150.134 23.4404 50.0626
      vertex 149.161 23.485 50.1156
    endloop
  endfacet
  facet normal -0.338791 0.939287 0.0544156
    outer loop
      vertex 149.161 23.485 50.1156
      vertex 176.699 3.12549 573
      vertex 176.728 3.13595 573
    endloop
  endfacet
  facet normal -0.337522 0.939746 0.0543666
    outer loop
      vertex 176.699 3.12549 573
      vertex 149.161 23.485 50.1156
      vertex 148.244 23.1536 50.151
    endloop
  endfacet
  facet normal -0.0526475 0.0388581 -0.997857
    outer loop
      vertex 151.67 22.3064 49.9374
      vertex 150.134 23.4404 50.0626
      vertex 151.015 23.0265 50
    endloop
  endfacet
  facet normal 0.739141 0.673429 -0.0127609
    outer loop
      vertex 179.226 1.97312 573
      vertex 151.67 22.3064 49.9374
      vertex 151.015 23.0265 50
    endloop
  endfacet
  facet normal 0.733407 0.67968 -0.0122158
    outer loop
      vertex 151.67 22.3064 49.9374
      vertex 179.226 1.97312 573
      vertex 179.247 1.95046 573
    endloop
  endfacet
  facet normal 0.997452 -0.0461693 -0.0543831
    outer loop
      vertex 179.579 1.03173 573
      vertex 151.953 20.4161 49.849
      vertex 152 21.3898 49.8844
    endloop
  endfacet
  facet normal 0.996342 -0.0653768 -0.0550362
    outer loop
      vertex 151.953 20.4161 49.849
      vertex 179.579 1.03173 573
      vertex 179.577 1.00125 573
    endloop
  endfacet
  facet normal 0.939716 0.340022 -0.0363099
    outer loop
      vertex 179.579 1.03173 573
      vertex 152 21.3898 49.8844
      vertex 179.257 1.92164 573
    endloop
  endfacet
  facet normal -0.903086 0.424644 0.0641384
    outer loop
      vertex 175.088 2.14949 573
      vertex 147.523 22.4967 50.1635
      vertex 174.686 1.29456 573
    endloop
  endfacet
  facet normal -0.903422 0.42393 0.0641269
    outer loop
      vertex 147.108 21.6142 50.151
      vertex 174.686 1.29456 573
      vertex 147.523 22.4967 50.1635
    endloop
  endfacet
  facet normal -0.905432 0.41963 0.0640658
    outer loop
      vertex 174.686 1.29456 573
      vertex 147.108 21.6142 50.151
      vertex 174.673 1.26651 573
    endloop
  endfacet
  facet normal 0.980973 -0.181623 -0.0685923
    outer loop
      vertex 177.489 39.2554 573
      vertex 143.422 52.8383 49.8252
      vertex 177.665 40.206 573
    endloop
  endfacet
  facet normal 0.836409 -0.543799 -0.0685819
    outer loop
      vertex 177.489 39.2554 573
      vertex 142.891 52.0199 49.8385
      vertex 143.422 52.8383 49.8252
    endloop
  endfacet
  facet normal 0.836796 -0.543201 -0.0685929
    outer loop
      vertex 142.891 52.0199 49.8385
      vertex 177.489 39.2554 573
      vertex 176.958 38.4374 573
    endloop
  endfacet
  facet normal -0.182476 -0.983116 -0.0136414
    outer loop
      vertex 141.136 51.263 49.9331
      vertex 174.236 37.8614 573
      vertex 140.179 51.4397 50
    endloop
  endfacet
  facet normal -0.18559 -0.982535 -0.0134295
    outer loop
      vertex 174.236 37.8614 573
      vertex 141.136 51.263 49.9331
      vertex 174.245 37.8597 573
    endloop
  endfacet
  facet normal -0.0651174 0.0259209 -0.997541
    outer loop
      vertex 138.812 52.7729 50.1236
      vertex 138.611 53.7265 50.1615
      vertex 138.789 54.6855 50.1748
    endloop
  endfacet
  facet normal -0.0649237 0.0258884 -0.997554
    outer loop
      vertex 139.363 51.9699 50.0669
      vertex 138.812 52.7729 50.1236
      vertex 141.074 56.2608 50.0669
    endloop
  endfacet
  facet normal -0.0649514 0.0259071 -0.997552
    outer loop
      vertex 140.179 51.4397 50
      vertex 139.363 51.9699 50.0669
      vertex 141.136 51.263 49.9331
    endloop
  endfacet
  facet normal 0.54368 0.839182 -0.0136162
    outer loop
      vertex 142.847 55.5539 49.9331
      vertex 176.087 42.5058 573
      vertex 176.908 41.9739 573
    endloop
  endfacet
  facet normal 0.544006 0.83897 -0.0136422
    outer loop
      vertex 176.087 42.5058 573
      vertex 142.847 55.5539 49.9331
      vertex 142.031 56.0841 50
    endloop
  endfacet
  facet normal -0.182575 -0.983097 -0.0136347
    outer loop
      vertex 174.245 37.8597 573
      vertex 141.136 51.263 49.9331
      vertex 175.197 37.6829 573
    endloop
  endfacet
  facet normal 0.206961 -0.977577 -0.0388572
    outer loop
      vertex 142.088 51.4668 49.8764
      vertex 175.197 37.6829 573
      vertex 141.136 51.263 49.9331
    endloop
  endfacet
  facet normal 0.206403 -0.977697 -0.038825
    outer loop
      vertex 175.197 37.6829 573
      vertex 142.088 51.4668 49.8764
      vertex 175.206 37.6848 573
    endloop
  endfacet
  facet normal -0.0649721 0.025855 -0.997552
    outer loop
      vertex 143.398 54.7509 49.8764
      vertex 141.074 56.2608 50.0669
      vertex 142.847 55.5539 49.9331
    endloop
  endfacet
  facet normal -0.836875 0.543079 0.0685949
    outer loop
      vertex 138.789 54.6855 50.1748
      vertex 173.365 41.9298 573
      vertex 139.319 55.5039 50.1615
    endloop
  endfacet
  facet normal -0.845986 0.528741 0.0688476
    outer loop
      vertex 173.365 41.9298 573
      vertex 138.789 54.6855 50.1748
      vertex 173.36 41.9218 573
    endloop
  endfacet
  facet normal -0.0649483 0.025938 -0.997551
    outer loop
      vertex 142.088 51.4668 49.8764
      vertex 139.363 51.9699 50.0669
      vertex 142.891 52.0199 49.8385
    endloop
  endfacet
  facet normal -0.0649564 0.0258944 -0.997552
    outer loop
      vertex 141.136 51.263 49.9331
      vertex 139.363 51.9699 50.0669
      vertex 142.088 51.4668 49.8764
    endloop
  endfacet
  facet normal 0.97608 0.209499 -0.0581198
    outer loop
      vertex 177.665 40.2235 573
      vertex 143.398 54.7509 49.8764
      vertex 177.462 41.1693 573
    endloop
  endfacet
  facet normal 0.981062 -0.181144 -0.0685854
    outer loop
      vertex 177.666 40.2148 573
      vertex 143.422 52.8383 49.8252
      vertex 143.6 53.7973 49.8385
    endloop
  endfacet
  facet normal 0.991332 -0.112651 -0.067605
    outer loop
      vertex 143.422 52.8383 49.8252
      vertex 177.666 40.2148 573
      vertex 177.665 40.206 573
    endloop
  endfacet
  facet normal -0.0648644 0.0258742 -0.997559
    outer loop
      vertex 143.422 52.8383 49.8252
      vertex 142.891 52.0199 49.8385
      vertex 143.6 53.7973 49.8385
    endloop
  endfacet
  facet normal -0.206403 0.977697 0.0388237
    outer loop
      vertex 141.074 56.2608 50.0669
      vertex 175.117 42.6823 573
      vertex 175.126 42.6842 573
    endloop
  endfacet
  facet normal -0.206863 0.977598 0.0388512
    outer loop
      vertex 175.117 42.6823 573
      vertex 141.074 56.2608 50.0669
      vertex 140.122 56.0571 50.1236
    endloop
  endfacet
  facet normal -0.0649514 0.0259071 -0.997552
    outer loop
      vertex 142.847 55.5539 49.9331
      vertex 141.074 56.2608 50.0669
      vertex 142.031 56.0841 50
    endloop
  endfacet
  facet normal 0.823019 0.566682 -0.0388809
    outer loop
      vertex 177.462 41.1693 573
      vertex 142.847 55.5539 49.9331
      vertex 176.908 41.9739 573
    endloop
  endfacet
  facet normal 0.822647 0.567224 -0.0388414
    outer loop
      vertex 142.847 55.5539 49.9331
      vertex 177.462 41.1693 573
      vertex 143.398 54.7509 49.8764
    endloop
  endfacet
  facet normal -0.980949 0.181753 0.0685955
    outer loop
      vertex 172.834 41.1117 573
      vertex 138.789 54.6855 50.1748
      vertex 172.658 40.1618 573
    endloop
  endfacet
  facet normal -0.064957 0.02591 -0.997552
    outer loop
      vertex 141.074 56.2608 50.0669
      vertex 138.812 52.7729 50.1236
      vertex 140.122 56.0571 50.1236
    endloop
  endfacet
  facet normal -0.0649888 0.0259227 -0.997549
    outer loop
      vertex 138.812 52.7729 50.1236
      vertex 138.789 54.6855 50.1748
      vertex 140.122 56.0571 50.1236
    endloop
  endfacet
  facet normal 0.206875 -0.977596 -0.0388522
    outer loop
      vertex 175.206 37.6848 573
      vertex 142.088 51.4668 49.8764
      vertex 176.153 37.8852 573
    endloop
  endfacet
  facet normal -0.064943 0.0258961 -0.997553
    outer loop
      vertex 143.6 53.7973 49.8385
      vertex 139.363 51.9699 50.0669
      vertex 141.074 56.2608 50.0669
    endloop
  endfacet
  facet normal -0.0649479 0.0259076 -0.997552
    outer loop
      vertex 142.891 52.0199 49.8385
      vertex 139.363 51.9699 50.0669
      vertex 143.6 53.7973 49.8385
    endloop
  endfacet
  facet normal 0.976167 0.209091 -0.0581368
    outer loop
      vertex 177.665 40.2235 573
      vertex 143.6 53.7973 49.8385
      vertex 143.398 54.7509 49.8764
    endloop
  endfacet
  facet normal 0.991572 0.113974 -0.0616078
    outer loop
      vertex 143.6 53.7973 49.8385
      vertex 177.665 40.2235 573
      vertex 177.666 40.2148 573
    endloop
  endfacet
  facet normal -0.0649504 0.0258885 -0.997553
    outer loop
      vertex 143.6 53.7973 49.8385
      vertex 141.074 56.2608 50.0669
      vertex 143.398 54.7509 49.8764
    endloop
  endfacet
  facet normal 0.564429 -0.823432 -0.0581331
    outer loop
      vertex 142.891 52.0199 49.8385
      vertex 176.153 37.8852 573
      vertex 142.088 51.4668 49.8764
    endloop
  endfacet
  facet normal 0.564711 -0.823238 -0.0581458
    outer loop
      vertex 176.153 37.8852 573
      vertex 142.891 52.0199 49.8385
      vertex 176.958 38.4374 573
    endloop
  endfacet
  facet normal -0.976373 -0.208112 0.0581742
    outer loop
      vertex 138.812 52.7729 50.1236
      vertex 172.656 40.1524 573
      vertex 138.611 53.7265 50.1615
    endloop
  endfacet
  facet normal -0.976057 -0.209608 0.0581176
    outer loop
      vertex 172.656 40.1524 573
      vertex 138.812 52.7729 50.1236
      vertex 172.861 39.1978 573
    endloop
  endfacet
  facet normal -0.981062 0.181144 0.068586
    outer loop
      vertex 138.611 53.7265 50.1615
      vertex 172.658 40.1618 573
      vertex 138.789 54.6855 50.1748
    endloop
  endfacet
  facet normal -0.97578 0.207613 0.0689287
    outer loop
      vertex 172.658 40.1618 573
      vertex 138.611 53.7265 50.1615
      vertex 172.656 40.1524 573
    endloop
  endfacet
  facet normal -0.822647 -0.567224 0.0388421
    outer loop
      vertex 173.415 38.3933 573
      vertex 138.812 52.7729 50.1236
      vertex 139.363 51.9699 50.0669
    endloop
  endfacet
  facet normal -0.822986 -0.56673 0.0388781
    outer loop
      vertex 138.812 52.7729 50.1236
      vertex 173.415 38.3933 573
      vertex 172.861 39.1978 573
    endloop
  endfacet
  facet normal -0.836736 0.543295 0.0685912
    outer loop
      vertex 173.36 41.9218 573
      vertex 138.789 54.6855 50.1748
      vertex 172.834 41.1117 573
    endloop
  endfacet
  facet normal 0.182505 0.98311 0.0136398
    outer loop
      vertex 142.031 56.0841 50
      vertex 175.126 42.6842 573
      vertex 176.087 42.5058 573
    endloop
  endfacet
  facet normal 0.182476 0.983116 0.0136417
    outer loop
      vertex 175.126 42.6842 573
      vertex 142.031 56.0841 50
      vertex 141.074 56.2608 50.0669
    endloop
  endfacet
  facet normal -0.558535 0.82746 0.0578668
    outer loop
      vertex 140.122 56.0571 50.1236
      vertex 173.365 41.9298 573
      vertex 173.373 41.9352 573
    endloop
  endfacet
  facet normal -0.564499 0.823384 0.0581358
    outer loop
      vertex 173.365 41.9298 573
      vertex 140.122 56.0571 50.1236
      vertex 139.319 55.5039 50.1615
    endloop
  endfacet
  facet normal -0.0648447 0.0257822 -0.997562
    outer loop
      vertex 140.122 56.0571 50.1236
      vertex 138.789 54.6855 50.1748
      vertex 139.319 55.5039 50.1615
    endloop
  endfacet
  facet normal -0.544006 -0.83897 0.0136426
    outer loop
      vertex 140.179 51.4397 50
      vertex 173.415 38.3933 573
      vertex 139.363 51.9699 50.0669
    endloop
  endfacet
  facet normal -0.54368 -0.839182 0.0136165
    outer loop
      vertex 173.415 38.3933 573
      vertex 140.179 51.4397 50
      vertex 174.236 37.8614 573
    endloop
  endfacet
  facet normal -0.206875 0.977596 0.0388519
    outer loop
      vertex 175.117 42.6823 573
      vertex 140.122 56.0571 50.1236
      vertex 174.17 42.4819 573
    endloop
  endfacet
  facet normal -0.564702 0.823244 0.0581451
    outer loop
      vertex 174.17 42.4819 573
      vertex 140.122 56.0571 50.1236
      vertex 173.373 41.9352 573
    endloop
  endfacet
  facet normal -0.997891 -0.0100304 0.0641273
    outer loop
      vertex 123.162 83.3015 50.151
      vertex 156.816 77.9045 573
      vertex 123.153 84.2768 50.1635
    endloop
  endfacet
  facet normal -0.997889 -0.0102295 0.0641251
    outer loop
      vertex 156.816 77.9045 573
      vertex 123.162 83.3015 50.151
      vertex 156.826 76.929 573
    endloop
  endfacet
  facet normal 0.925508 -0.373258 -0.06414
    outer loop
      vertex 161.74 76.9725 573
      vertex 127.691 82.4441 49.849
      vertex 128.055 83.3488 49.8365
    endloop
  endfacet
  facet normal 0.925077 -0.374326 -0.0641232
    outer loop
      vertex 127.691 82.4441 49.849
      vertex 161.74 76.9725 573
      vertex 161.374 76.068 573
    endloop
  endfacet
  facet normal -0.0642654 0.0121325 -0.997859
    outer loop
      vertex 127.009 81.7478 49.8844
      vertex 124.237 81.721 50.0626
      vertex 128.055 83.3488 49.8365
    endloop
  endfacet
  facet normal -0.0640159 0.011969 -0.997877
    outer loop
      vertex 127.691 82.4441 49.849
      vertex 127.009 81.7478 49.8844
      vertex 128.055 83.3488 49.8365
    endloop
  endfacet
  facet normal -0.064255 0.012108 -0.99786
    outer loop
      vertex 124.237 81.721 50.0626
      vertex 123.162 83.3015 50.151
      vertex 128.055 83.3488 49.8365
    endloop
  endfacet
  facet normal -0.0642668 0.0122982 -0.997857
    outer loop
      vertex 126.113 81.3659 49.9374
      vertex 124.237 81.721 50.0626
      vertex 127.009 81.7478 49.8844
    endloop
  endfacet
  facet normal 0.918462 0.391756 -0.0543603
    outer loop
      vertex 161.73 77.948 573
      vertex 128.047 84.3242 49.849
      vertex 161.359 78.8178 573
    endloop
  endfacet
  facet normal -0.0642404 0.012205 -0.99786
    outer loop
      vertex 128.055 83.3488 49.8365
      vertex 123.518 85.1815 50.151
      vertex 125.096 86.2598 50.0626
    endloop
  endfacet
  facet normal 0.69937 0.713836 -0.0363295
    outer loop
      vertex 161.326 78.8673 573
      vertex 126.972 85.9047 49.9374
      vertex 160.65 79.5296 573
    endloop
  endfacet
  facet normal -0.918726 -0.391132 0.0543852
    outer loop
      vertex 157.208 76.0311 573
      vertex 123.162 83.3015 50.151
      vertex 123.542 82.404 50.1156
    endloop
  endfacet
  facet normal -0.918824 -0.390902 0.0543948
    outer loop
      vertex 123.162 83.3015 50.151
      vertex 157.208 76.0311 573
      vertex 156.826 76.929 573
    endloop
  endfacet
  facet normal -0.0643992 0.0121947 -0.99785
    outer loop
      vertex 123.162 83.3015 50.151
      vertex 123.153 84.2768 50.1635
      vertex 123.518 85.1815 50.151
    endloop
  endfacet
  facet normal -0.0642555 0.0121675 -0.997859
    outer loop
      vertex 128.055 83.3488 49.8365
      vertex 123.162 83.3015 50.151
      vertex 123.518 85.1815 50.151
    endloop
  endfacet
  facet normal -0.373727 -0.927451 0.0127583
    outer loop
      vertex 157.906 75.3474 573
      vertex 124.237 81.721 50.0626
      vertex 158.784 74.9936 573
    endloop
  endfacet
  facet normal -0.00889463 0.999879 0.0127592
    outer loop
      vertex 126.069 86.2692 50
      vertex 158.765 79.8862 573
      vertex 159.743 79.8949 573
    endloop
  endfacet
  facet normal -0.00883901 0.99988 0.0127557
    outer loop
      vertex 158.765 79.8862 573
      vertex 126.069 86.2692 50
      vertex 125.096 86.2598 50.0626
    endloop
  endfacet
  facet normal -0.0642738 0.0121709 -0.997858
    outer loop
      vertex 128.055 83.3488 49.8365
      vertex 125.096 86.2598 50.0626
      vertex 127.666 85.2217 49.8844
    endloop
  endfacet
  facet normal 0.9979 0.00900651 -0.0641399
    outer loop
      vertex 161.73 77.948 573
      vertex 128.055 83.3488 49.8365
      vertex 128.047 84.3242 49.849
    endloop
  endfacet
  facet normal 0.997889 0.0102295 -0.0641266
    outer loop
      vertex 128.055 83.3488 49.8365
      vertex 161.73 77.948 573
      vertex 161.74 76.9725 573
    endloop
  endfacet
  facet normal 0.713247 0.699915 -0.037392
    outer loop
      vertex 127.666 85.2217 49.8844
      vertex 161.326 78.8673 573
      vertex 161.347 78.8459 573
    endloop
  endfacet
  facet normal 0.699561 0.713648 -0.0363446
    outer loop
      vertex 161.326 78.8673 573
      vertex 127.666 85.2217 49.8844
      vertex 126.972 85.9047 49.9374
    endloop
  endfacet
  facet normal -0.0643061 0.0120907 -0.997857
    outer loop
      vertex 127.666 85.2217 49.8844
      vertex 125.096 86.2598 50.0626
      vertex 126.972 85.9047 49.9374
    endloop
  endfacet
  facet normal -0.0642527 0.0123728 -0.997857
    outer loop
      vertex 125.139 81.3565 50
      vertex 124.237 81.721 50.0626
      vertex 126.113 81.3659 49.9374
    endloop
  endfacet
  facet normal -0.925153 0.374138 0.0641266
    outer loop
      vertex 123.153 84.2768 50.1635
      vertex 157.182 78.809 573
      vertex 123.518 85.1815 50.151
    endloop
  endfacet
  facet normal -0.925077 0.374326 0.0641237
    outer loop
      vertex 157.182 78.809 573
      vertex 123.153 84.2768 50.1635
      vertex 156.816 77.9045 573
    endloop
  endfacet
  facet normal -0.0640803 0.0122274 -0.99787
    outer loop
      vertex 123.542 82.404 50.1156
      vertex 123.162 83.3015 50.151
      vertex 124.237 81.721 50.0626
    endloop
  endfacet
  facet normal 0.918293 0.392154 -0.054345
    outer loop
      vertex 161.359 78.8178 573
      vertex 127.666 85.2217 49.8844
      vertex 161.347 78.8459 573
    endloop
  endfacet
  facet normal 0.918359 0.391999 -0.0543512
    outer loop
      vertex 127.666 85.2217 49.8844
      vertex 161.359 78.8178 573
      vertex 128.047 84.3242 49.849
    endloop
  endfacet
  facet normal -0.0638257 0.0122647 -0.997886
    outer loop
      vertex 128.055 83.3488 49.8365
      vertex 127.666 85.2217 49.8844
      vertex 128.047 84.3242 49.849
    endloop
  endfacet
  facet normal -0.699051 -0.71415 0.0363045
    outer loop
      vertex 124.237 81.721 50.0626
      vertex 157.208 76.0311 573
      vertex 123.542 82.404 50.1156
    endloop
  endfacet
  facet normal -0.699289 -0.713915 0.0363221
    outer loop
      vertex 157.208 76.0311 573
      vertex 124.237 81.721 50.0626
      vertex 157.906 75.3474 573
    endloop
  endfacet
  facet normal 0.00882997 -0.99988 -0.0127552
    outer loop
      vertex 126.113 81.3659 49.9374
      vertex 158.813 74.9821 573
      vertex 125.139 81.3565 50
    endloop
  endfacet
  facet normal 0.00890373 -0.999879 -0.0127598
    outer loop
      vertex 158.813 74.9821 573
      vertex 126.113 81.3659 49.9374
      vertex 159.79 74.9908 573
    endloop
  endfacet
  facet normal -0.373875 -0.927391 0.0127689
    outer loop
      vertex 125.139 81.3565 50
      vertex 158.784 74.9936 573
      vertex 124.237 81.721 50.0626
    endloop
  endfacet
  facet normal -0.368597 -0.929506 0.0124036
    outer loop
      vertex 158.784 74.9936 573
      vertex 125.139 81.3565 50
      vertex 158.813 74.9821 573
    endloop
  endfacet
  facet normal 0.390019 -0.92009 -0.0363252
    outer loop
      vertex 127.009 81.7478 49.8844
      vertex 159.79 74.9908 573
      vertex 126.113 81.3659 49.9374
    endloop
  endfacet
  facet normal 0.389843 -0.920165 -0.0363151
    outer loop
      vertex 159.79 74.9908 573
      vertex 127.009 81.7478 49.8844
      vertex 160.69 75.3721 573
    endloop
  endfacet
  facet normal -0.390099 0.920056 0.0363302
    outer loop
      vertex 158.737 79.8742 573
      vertex 124.2 85.8778 50.1156
      vertex 157.866 79.5049 573
    endloop
  endfacet
  facet normal -0.393656 0.918531 0.0365404
    outer loop
      vertex 125.096 86.2598 50.0626
      vertex 158.737 79.8742 573
      vertex 158.765 79.8862 573
    endloop
  endfacet
  facet normal -0.390106 0.920053 0.0363306
    outer loop
      vertex 158.737 79.8742 573
      vertex 125.096 86.2598 50.0626
      vertex 124.2 85.8778 50.1156
    endloop
  endfacet
  facet normal -0.0642092 0.0121591 -0.997862
    outer loop
      vertex 125.096 86.2598 50.0626
      vertex 123.518 85.1815 50.151
      vertex 124.2 85.8778 50.1156
    endloop
  endfacet
  facet normal -0.711965 0.700107 0.0543728
    outer loop
      vertex 123.518 85.1815 50.151
      vertex 157.866 79.5049 573
      vertex 124.2 85.8778 50.1156
    endloop
  endfacet
  facet normal -0.712123 0.699945 0.0543815
    outer loop
      vertex 157.866 79.5049 573
      vertex 123.518 85.1815 50.151
      vertex 157.182 78.809 573
    endloop
  endfacet
  facet normal -0.0643156 0.0120409 -0.997857
    outer loop
      vertex 126.972 85.9047 49.9374
      vertex 125.096 86.2598 50.0626
      vertex 126.069 86.2692 50
    endloop
  endfacet
  facet normal 0.373563 0.927517 -0.0127477
    outer loop
      vertex 126.972 85.9047 49.9374
      vertex 159.743 79.8949 573
      vertex 160.65 79.5296 573
    endloop
  endfacet
  facet normal 0.37352 0.927535 -0.0127448
    outer loop
      vertex 159.743 79.8949 573
      vertex 126.972 85.9047 49.9374
      vertex 126.069 86.2692 50
    endloop
  endfacet
  facet normal 0.711965 -0.700107 -0.0543726
    outer loop
      vertex 161.374 76.068 573
      vertex 127.009 81.7478 49.8844
      vertex 127.691 82.4441 49.849
    endloop
  endfacet
  facet normal 0.712123 -0.699945 -0.0543812
    outer loop
      vertex 127.009 81.7478 49.8844
      vertex 161.374 76.068 573
      vertex 160.69 75.3721 573
    endloop
  endfacet
  facet normal 0.989539 -0.126917 -0.0685838
    outer loop
      vertex 142.756 111.41 573
      vertex 106.17 108.866 49.8385
      vertex 142.879 112.369 573
    endloop
  endfacet
  facet normal -0.262132 0.964936 0.013641
    outer loop
      vertex 140.198 114.695 573
      vertex 102.693 111.899 50.0669
      vertex 139.263 114.441 573
    endloop
  endfacet
  facet normal 0.991528 -0.11017 -0.0688045
    outer loop
      vertex 142.879 112.369 573
      vertex 106.293 109.834 49.8252
      vertex 142.88 112.378 573
    endloop
  endfacet
  facet normal 0.989569 -0.126683 -0.0685875
    outer loop
      vertex 106.293 109.834 49.8252
      vertex 142.879 112.369 573
      vertex 106.17 108.866 49.8385
    endloop
  endfacet
  facet normal -0.0697459 -0.0048592 -0.997553
    outer loop
      vertex 106.17 108.866 49.8385
      vertex 103.013 107.291 50.0669
      vertex 106.037 110.775 49.8385
    endloop
  endfacet
  facet normal 0.262101 -0.964944 -0.0136377
    outer loop
      vertex 104.917 107.423 49.9331
      vertex 140.553 109.71 573
      vertex 103.978 107.167 50
    endloop
  endfacet
  facet normal 0.261709 -0.965051 -0.0136105
    outer loop
      vertex 140.553 109.71 573
      vertex 104.917 107.423 49.9331
      vertex 141.497 109.966 573
    endloop
  endfacet
  facet normal -0.97385 -0.216411 0.0691569
    outer loop
      vertex 101.317 109.488 50.1748
      vertex 137.882 112.021 573
      vertex 137.88 112.03 573
    endloop
  endfacet
  facet normal -0.962411 -0.262794 0.0685817
    outer loop
      vertex 137.882 112.021 573
      vertex 101.317 109.488 50.1748
      vertex 101.573 108.547 50.1615
    endloop
  endfacet
  facet normal 0.125929 0.991946 -0.0136311
    outer loop
      vertex 141.177 114.575 573
      vertex 104.597 112.031 49.9331
      vertex 140.216 114.697 573
    endloop
  endfacet
  facet normal -0.0699321 -0.00492598 -0.99754
    outer loop
      vertex 101.573 108.547 50.1615
      vertex 101.317 109.488 50.1748
      vertex 102.168 107.775 50.1236
    endloop
  endfacet
  facet normal -0.0697671 -0.00481646 -0.997552
    outer loop
      vertex 104.917 107.423 49.9331
      vertex 103.013 107.291 50.0669
      vertex 106.17 108.866 49.8385
    endloop
  endfacet
  facet normal 0.610481 -0.791077 -0.0388472
    outer loop
      vertex 105.687 108.02 49.8764
      vertex 141.497 109.966 573
      vertex 104.917 107.423 49.9331
    endloop
  endfacet
  facet normal 0.650226 -0.758597 -0.0416887
    outer loop
      vertex 141.497 109.966 573
      vertex 105.687 108.02 49.8764
      vertex 141.504 109.972 573
    endloop
  endfacet
  facet normal -0.0697626 -0.00484463 -0.997552
    outer loop
      vertex 103.013 107.291 50.0669
      vertex 102.693 111.899 50.0669
      vertex 106.037 110.775 49.8385
    endloop
  endfacet
  facet normal 0.962398 0.262844 -0.068581
    outer loop
      vertex 142.88 112.378 573
      vertex 106.037 110.775 49.8385
      vertex 142.623 113.319 573
    endloop
  endfacet
  facet normal 0.962411 0.262794 -0.0685818
    outer loop
      vertex 106.037 110.775 49.8385
      vertex 142.88 112.378 573
      vertex 106.293 109.834 49.8252
    endloop
  endfacet
  facet normal -0.0697701 -0.00477374 -0.997552
    outer loop
      vertex 103.978 107.167 50
      vertex 103.013 107.291 50.0669
      vertex 104.917 107.423 49.9331
    endloop
  endfacet
  facet normal -0.0696289 -0.00493712 -0.997561
    outer loop
      vertex 105.687 108.02 49.8764
      vertex 104.917 107.423 49.9331
      vertex 106.17 108.866 49.8385
    endloop
  endfacet
  facet normal 0.892796 -0.446398 -0.0603715
    outer loop
      vertex 105.687 108.02 49.8764
      vertex 142.756 111.41 573
      vertex 142.752 111.402 573
    endloop
  endfacet
  facet normal 0.86584 -0.496932 -0.0581339
    outer loop
      vertex 142.756 111.41 573
      vertex 105.687 108.02 49.8764
      vertex 106.17 108.866 49.8385
    endloop
  endfacet
  facet normal -0.0696676 -0.00485374 -0.997558
    outer loop
      vertex 106.17 108.866 49.8385
      vertex 106.037 110.775 49.8385
      vertex 106.293 109.834 49.8252
    endloop
  endfacet
  facet normal -0.495764 -0.867586 0.0388873
    outer loop
      vertex 138.743 110.313 573
      vertex 103.013 107.291 50.0669
      vertex 139.583 109.833 573
    endloop
  endfacet
  facet normal -0.789127 -0.61147 0.0581595
    outer loop
      vertex 138.137 111.089 573
      vertex 101.573 108.547 50.1615
      vertex 138.729 110.325 573
    endloop
  endfacet
  facet normal -0.989523 0.127047 0.0685832
    outer loop
      vertex 138.004 112.998 573
      vertex 101.44 110.456 50.1615
      vertex 137.881 112.04 573
    endloop
  endfacet
  facet normal 0.495764 0.867586 -0.0388902
    outer loop
      vertex 142.017 114.095 573
      vertex 104.597 112.031 49.9331
      vertex 141.177 114.575 573
    endloop
  endfacet
  facet normal -0.0697683 -0.0048001 -0.997552
    outer loop
      vertex 105.441 111.547 49.8764
      vertex 102.693 111.899 50.0669
      vertex 104.597 112.031 49.9331
    endloop
  endfacet
  facet normal 0.610398 -0.791142 -0.0388404
    outer loop
      vertex 141.504 109.972 573
      vertex 105.687 108.02 49.8764
      vertex 142.27 110.563 573
    endloop
  endfacet
  facet normal 0.86563 -0.497299 -0.0581177
    outer loop
      vertex 142.27 110.563 573
      vertex 105.687 108.02 49.8764
      vertex 142.752 111.402 573
    endloop
  endfacet
  facet normal -0.126505 -0.991872 0.0136684
    outer loop
      vertex 103.978 107.167 50
      vertex 139.583 109.833 573
      vertex 103.013 107.291 50.0669
    endloop
  endfacet
  facet normal -0.125785 -0.991964 0.0136198
    outer loop
      vertex 139.583 109.833 573
      vertex 103.978 107.167 50
      vertex 140.553 109.71 573
    endloop
  endfacet
  facet normal -0.0698048 -0.00483617 -0.997549
    outer loop
      vertex 101.923 111.302 50.1236
      vertex 101.317 109.488 50.1748
      vertex 101.44 110.456 50.1615
    endloop
  endfacet
  facet normal -0.86584 0.496932 0.0581361
    outer loop
      vertex 101.44 110.456 50.1615
      vertex 138.49 113.844 573
      vertex 101.923 111.302 50.1236
    endloop
  endfacet
  facet normal -0.846641 0.52915 0.0565667
    outer loop
      vertex 138.49 113.844 573
      vertex 101.44 110.456 50.1615
      vertex 138.485 113.836 573
    endloop
  endfacet
  facet normal -0.865819 0.496968 0.0581337
    outer loop
      vertex 138.485 113.836 573
      vertex 101.44 110.456 50.1615
      vertex 138.004 112.998 573
    endloop
  endfacet
  facet normal -0.0697102 -0.00484236 -0.997556
    outer loop
      vertex 102.168 107.775 50.1236
      vertex 101.923 111.302 50.1236
      vertex 103.013 107.291 50.0669
    endloop
  endfacet
  facet normal -0.610398 0.791142 0.0388409
    outer loop
      vertex 139.263 114.441 573
      vertex 102.693 111.899 50.0669
      vertex 138.497 113.85 573
    endloop
  endfacet
  facet normal -0.0697733 -0.00484674 -0.997551
    outer loop
      vertex 102.168 107.775 50.1236
      vertex 101.317 109.488 50.1748
      vertex 101.923 111.302 50.1236
    endloop
  endfacet
  facet normal -0.992673 0.0992673 0.068887
    outer loop
      vertex 101.44 110.456 50.1615
      vertex 137.88 112.03 573
      vertex 137.881 112.04 573
    endloop
  endfacet
  facet normal -0.989569 0.126683 0.0685881
    outer loop
      vertex 137.88 112.03 573
      vertex 101.44 110.456 50.1615
      vertex 101.317 109.488 50.1748
    endloop
  endfacet
  facet normal 0.52955 0.84728 -0.0411522
    outer loop
      vertex 105.441 111.547 49.8764
      vertex 142.017 114.095 573
      vertex 142.025 114.09 573
    endloop
  endfacet
  facet normal 0.495126 0.867952 -0.038846
    outer loop
      vertex 142.017 114.095 573
      vertex 105.441 111.547 49.8764
      vertex 104.597 112.031 49.9331
    endloop
  endfacet
  facet normal 0.110423 0.993805 -0.0125847
    outer loop
      vertex 104.597 112.031 49.9331
      vertex 140.207 114.698 573
      vertex 140.216 114.697 573
    endloop
  endfacet
  facet normal 0.126505 0.991872 -0.0136697
    outer loop
      vertex 140.207 114.698 573
      vertex 104.597 112.031 49.9331
      vertex 103.632 112.155 50
    endloop
  endfacet
  facet normal -0.962278 -0.263284 0.0685757
    outer loop
      vertex 137.882 112.021 573
      vertex 101.573 108.547 50.1615
      vertex 138.137 111.089 573
    endloop
  endfacet
  facet normal -0.798616 -0.598962 0.0587913
    outer loop
      vertex 101.573 108.547 50.1615
      vertex 138.735 110.317 573
      vertex 138.729 110.325 573
    endloop
  endfacet
  facet normal -0.789327 -0.611211 0.0581725
    outer loop
      vertex 138.735 110.317 573
      vertex 101.573 108.547 50.1615
      vertex 102.168 107.775 50.1236
    endloop
  endfacet
  facet normal -0.494686 -0.868204 0.0388164
    outer loop
      vertex 103.013 107.291 50.0669
      vertex 138.735 110.317 573
      vertex 102.168 107.775 50.1236
    endloop
  endfacet
  facet normal -0.446928 -0.893857 0.0357024
    outer loop
      vertex 138.735 110.317 573
      vertex 103.013 107.291 50.0669
      vertex 138.743 110.313 573
    endloop
  endfacet
  facet normal -0.650226 0.758597 0.0416892
    outer loop
      vertex 102.693 111.899 50.0669
      vertex 138.49 113.844 573
      vertex 138.497 113.85 573
    endloop
  endfacet
  facet normal -0.610481 0.791077 0.0388477
    outer loop
      vertex 138.49 113.844 573
      vertex 102.693 111.899 50.0669
      vertex 101.923 111.302 50.1236
    endloop
  endfacet
  facet normal -0.0697034 -0.00484052 -0.997556
    outer loop
      vertex 103.013 107.291 50.0669
      vertex 101.923 111.302 50.1236
      vertex 102.693 111.899 50.0669
    endloop
  endfacet
  facet normal 0.788843 0.611839 -0.058141
    outer loop
      vertex 142.623 113.319 573
      vertex 105.441 111.547 49.8764
      vertex 142.025 114.09 573
    endloop
  endfacet
  facet normal 0.788834 0.61185 -0.0581404
    outer loop
      vertex 105.441 111.547 49.8764
      vertex 142.623 113.319 573
      vertex 106.037 110.775 49.8385
    endloop
  endfacet
  facet normal -0.0697809 -0.00489929 -0.99755
    outer loop
      vertex 106.037 110.775 49.8385
      vertex 102.693 111.899 50.0669
      vertex 105.441 111.547 49.8764
    endloop
  endfacet
  facet normal -0.0697701 -0.00477374 -0.997552
    outer loop
      vertex 104.597 112.031 49.9331
      vertex 102.693 111.899 50.0669
      vertex 103.632 112.155 50
    endloop
  endfacet
  facet normal -0.316179 0.948538 0.0174993
    outer loop
      vertex 103.632 112.155 50
      vertex 140.198 114.695 573
      vertex 140.207 114.698 573
    endloop
  endfacet
  facet normal -0.262101 0.964944 0.0136387
    outer loop
      vertex 140.198 114.695 573
      vertex 103.632 112.155 50
      vertex 102.693 111.899 50.0669
    endloop
  endfacet
  facet normal 0.99586 0.0644194 -0.064127
    outer loop
      vertex 112.388 138.553 573
      vertex 79.2742 129.683 49.849
      vertex 112.327 139.496 573
    endloop
  endfacet
  facet normal -0.657973 -0.751076 0.054383
    outer loop
      vertex 75.5539 127.846 50.1156
      vertex 107.917 137.355 573
      vertex 74.8217 128.49 50.151
    endloop
  endfacet
  facet normal -0.673246 -0.737364 0.0550789
    outer loop
      vertex 107.917 137.355 573
      vertex 75.5539 127.846 50.1156
      vertex 107.94 137.334 573
    endloop
  endfacet
  facet normal 0.99573 0.066382 -0.0641526
    outer loop
      vertex 112.327 139.496 573
      vertex 79.2101 130.656 49.8365
      vertex 112.325 139.526 573
    endloop
  endfacet
  facet normal 0.995837 0.0647805 -0.0641323
    outer loop
      vertex 79.2101 130.656 49.8365
      vertex 112.327 139.496 573
      vertex 79.2742 129.683 49.849
    endloop
  endfacet
  facet normal -0.657456 -0.751529 0.054358
    outer loop
      vertex 107.94 137.334 573
      vertex 75.5539 127.846 50.1156
      vertex 108.651 136.712 573
    endloop
  endfacet
  facet normal -0.0632376 -0.016807 -0.997857
    outer loop
      vertex 78.3202 128.026 49.9374
      vertex 76.4759 127.532 50.0626
      vertex 78.9617 128.759 49.8844
    endloop
  endfacet
  facet normal -0.0632077 -0.0169184 -0.997857
    outer loop
      vertex 77.125 132.488 49.9374
      vertex 75.2807 131.994 50.0626
      vertex 76.1536 132.425 50
    endloop
  endfacet
  facet normal -0.0631803 -0.0169233 -0.997859
    outer loop
      vertex 78.9617 128.759 49.8844
      vertex 76.4759 127.532 50.0626
      vertex 79.2101 130.656 49.8365
    endloop
  endfacet
  facet normal -0.0629494 -0.0167445 -0.997876
    outer loop
      vertex 79.2101 130.656 49.8365
      vertex 78.047 132.174 49.8844
      vertex 78.7792 131.531 49.849
    endloop
  endfacet
  facet normal -0.0628851 -0.0169624 -0.997877
    outer loop
      vertex 79.2742 129.683 49.849
      vertex 78.9617 128.759 49.8844
      vertex 79.2101 130.656 49.8365
    endloop
  endfacet
  facet normal -0.0631638 -0.0168758 -0.99786
    outer loop
      vertex 79.2101 130.656 49.8365
      vertex 74.3266 130.338 50.151
      vertex 75.2807 131.994 50.0626
    endloop
  endfacet
  facet normal -0.441851 0.896998 0.0127584
    outer loop
      vertex 76.1536 132.425 50
      vertex 108.381 140.861 573
      vertex 109.258 141.293 573
    endloop
  endfacet
  facet normal -0.441957 0.896945 0.0127658
    outer loop
      vertex 108.381 140.861 573
      vertex 76.1536 132.425 50
      vertex 75.2807 131.994 50.0626
    endloop
  endfacet
  facet normal -0.995856 -0.0644875 0.0641287
    outer loop
      vertex 107.424 139.172 573
      vertex 74.3907 129.365 50.1635
      vertex 107.485 138.23 573
    endloop
  endfacet
  facet normal -0.894825 -0.441788 0.064131
    outer loop
      vertex 74.3907 129.365 50.1635
      vertex 107.917 137.355 573
      vertex 107.485 138.23 573
    endloop
  endfacet
  facet normal -0.894867 -0.441702 0.0641324
    outer loop
      vertex 107.917 137.355 573
      vertex 74.3907 129.365 50.1635
      vertex 74.8217 128.49 50.151
    endloop
  endfacet
  facet normal 0.0654624 -0.997773 0.0127746
    outer loop
      vertex 109.607 136.401 573
      vertex 77.4473 127.595 50
      vertex 110.552 136.463 573
    endloop
  endfacet
  facet normal 0.441674 -0.897085 -0.012746
    outer loop
      vertex 110.552 136.463 573
      vertex 77.4473 127.595 50
      vertex 111.401 136.881 573
    endloop
  endfacet
  facet normal -0.0654279 0.997775 -0.0127767
    outer loop
      vertex 77.125 132.488 49.9374
      vertex 109.258 141.293 573
      vertex 110.234 141.357 573
    endloop
  endfacet
  facet normal -0.0655331 0.997769 -0.0127701
    outer loop
      vertex 109.258 141.293 573
      vertex 77.125 132.488 49.9374
      vertex 76.1536 132.425 50
    endloop
  endfacet
  facet normal -0.750217 0.660195 0.036292
    outer loop
      vertex 74.6391 131.262 50.1156
      vertex 108.381 140.861 573
      vertex 75.2807 131.994 50.0626
    endloop
  endfacet
  facet normal -0.75119 0.659083 0.0363753
    outer loop
      vertex 108.381 140.861 573
      vertex 74.6391 131.262 50.1156
      vertex 107.737 140.127 573
    endloop
  endfacet
  facet normal -0.0634508 -0.0169992 -0.99784
    outer loop
      vertex 74.3907 129.365 50.1635
      vertex 74.3266 130.338 50.151
      vertex 74.8217 128.49 50.151
    endloop
  endfacet
  facet normal -0.0631608 -0.0169215 -0.99786
    outer loop
      vertex 74.8217 128.49 50.151
      vertex 74.3266 130.338 50.151
      vertex 79.2101 130.656 49.8365
    endloop
  endfacet
  facet normal -0.320137 -0.946675 0.0363155
    outer loop
      vertex 108.651 136.712 573
      vertex 75.5539 127.846 50.1156
      vertex 109.547 136.409 573
    endloop
  endfacet
  facet normal -0.0632077 -0.0169184 -0.997857
    outer loop
      vertex 77.4473 127.595 50
      vertex 76.4759 127.532 50.0626
      vertex 78.3202 128.026 49.9374
    endloop
  endfacet
  facet normal 0.894825 0.441788 -0.06413
    outer loop
      vertex 112.325 139.526 573
      vertex 78.7792 131.531 49.849
      vertex 111.893 140.401 573
    endloop
  endfacet
  facet normal 0.894907 0.44162 -0.0641328
    outer loop
      vertex 78.7792 131.531 49.849
      vertex 112.325 139.526 573
      vertex 79.2101 130.656 49.8365
    endloop
  endfacet
  facet normal 0.657965 0.751083 -0.0543817
    outer loop
      vertex 78.7792 131.531 49.849
      vertex 111.159 141.044 573
      vertex 111.893 140.401 573
    endloop
  endfacet
  facet normal 0.657394 0.751584 -0.0543555
    outer loop
      vertex 111.159 141.044 573
      vertex 78.7792 131.531 49.849
      vertex 78.047 132.174 49.8844
    endloop
  endfacet
  facet normal 0.296218 0.954481 -0.0349342
    outer loop
      vertex 78.047 132.174 49.8844
      vertex 111.13 141.053 573
      vertex 111.159 141.044 573
    endloop
  endfacet
  facet normal 0.320297 0.946621 -0.0363236
    outer loop
      vertex 111.13 141.053 573
      vertex 78.047 132.174 49.8844
      vertex 77.125 132.488 49.9374
    endloop
  endfacet
  facet normal -0.0631701 -0.0170587 -0.997857
    outer loop
      vertex 78.047 132.174 49.8844
      vertex 75.2807 131.994 50.0626
      vertex 77.125 132.488 49.9374
    endloop
  endfacet
  facet normal -0.0631792 -0.0169211 -0.997859
    outer loop
      vertex 79.2101 130.656 49.8365
      vertex 75.2807 131.994 50.0626
      vertex 78.047 132.174 49.8844
    endloop
  endfacet
  facet normal -0.945111 0.322197 0.0543617
    outer loop
      vertex 74.6391 131.262 50.1156
      vertex 107.422 139.203 573
      vertex 107.737 140.127 573
    endloop
  endfacet
  facet normal -0.945255 0.321772 0.0543772
    outer loop
      vertex 107.422 139.203 573
      vertex 74.6391 131.262 50.1156
      vertex 74.3266 130.338 50.151
    endloop
  endfacet
  facet normal -0.995871 -0.0642498 0.0641262
    outer loop
      vertex 74.3266 130.338 50.151
      vertex 107.424 139.172 573
      vertex 107.422 139.203 573
    endloop
  endfacet
  facet normal -0.995837 -0.0647805 0.064133
    outer loop
      vertex 107.424 139.172 573
      vertex 74.3266 130.338 50.151
      vertex 74.3907 129.365 50.1635
    endloop
  endfacet
  facet normal -0.0631215 -0.0169149 -0.997862
    outer loop
      vertex 75.5539 127.846 50.1156
      vertex 74.8217 128.49 50.151
      vertex 76.4759 127.532 50.0626
    endloop
  endfacet
  facet normal -0.0631444 -0.0169548 -0.99786
    outer loop
      vertex 76.4759 127.532 50.0626
      vertex 74.8217 128.49 50.151
      vertex 79.2101 130.656 49.8365
    endloop
  endfacet
  facet normal 0.750684 -0.659661 -0.0363316
    outer loop
      vertex 78.3202 128.026 49.9374
      vertex 112.074 137.629 573
      vertex 111.429 136.895 573
    endloop
  endfacet
  facet normal 0.750713 -0.659629 -0.0363341
    outer loop
      vertex 112.074 137.629 573
      vertex 78.3202 128.026 49.9374
      vertex 78.9617 128.759 49.8844
    endloop
  endfacet
  facet normal 0.441957 -0.896945 -0.0127668
    outer loop
      vertex 78.3202 128.026 49.9374
      vertex 111.401 136.881 573
      vertex 77.4473 127.595 50
    endloop
  endfacet
  facet normal 0.447175 -0.89435 -0.0131408
    outer loop
      vertex 111.401 136.881 573
      vertex 78.3202 128.026 49.9374
      vertex 111.429 136.895 573
    endloop
  endfacet
  facet normal 0.945421 -0.321279 -0.0543949
    outer loop
      vertex 112.074 137.629 573
      vertex 79.2742 129.683 49.849
      vertex 112.388 138.553 573
    endloop
  endfacet
  facet normal 0.945255 -0.321772 -0.054377
    outer loop
      vertex 79.2742 129.683 49.849
      vertex 112.074 137.629 573
      vertex 78.9617 128.759 49.8844
    endloop
  endfacet
  facet normal 0.321084 0.946352 -0.0363703
    outer loop
      vertex 111.13 141.053 573
      vertex 77.125 132.488 49.9374
      vertex 110.234 141.357 573
    endloop
  endfacet
  facet normal -0.320297 -0.946621 0.036325
    outer loop
      vertex 76.4759 127.532 50.0626
      vertex 109.547 136.409 573
      vertex 75.5539 127.846 50.1156
    endloop
  endfacet
  facet normal -0.316022 -0.948066 0.0360792
    outer loop
      vertex 109.547 136.409 573
      vertex 76.4759 127.532 50.0626
      vertex 109.577 136.399 573
    endloop
  endfacet
  facet normal 0.0655331 -0.997769 0.0127702
    outer loop
      vertex 77.4473 127.595 50
      vertex 109.577 136.399 573
      vertex 76.4759 127.532 50.0626
    endloop
  endfacet
  facet normal 0.0665136 -0.997705 0.0127088
    outer loop
      vertex 109.577 136.399 573
      vertex 77.4473 127.595 50
      vertex 109.607 136.401 573
    endloop
  endfacet
  facet normal -0.0631984 -0.0168557 -0.997859
    outer loop
      vertex 75.2807 131.994 50.0626
      vertex 74.3266 130.338 50.151
      vertex 74.6391 131.262 50.1156
    endloop
  endfacet
  facet normal 0.941625 0.329569 -0.0687586
    outer loop
      vertex 80.2798 162.317 573
      vertex 48.1113 145.076 49.8252
      vertex 80.277 162.325 573
    endloop
  endfacet
  facet normal 0.94654 0.315209 -0.0685876
    outer loop
      vertex 48.1113 145.076 49.8252
      vertex 80.2798 162.317 573
      vertex 48.4203 144.151 49.8385
    endloop
  endfacet
  facet normal -0.645407 0.763732 0.0128081
    outer loop
      vertex 44.7065 146.012 50
      vertex 75.8174 163.532 573
      vertex 75.8245 163.538 573
    endloop
  endfacet
  facet normal -0.654849 0.755636 0.0136409
    outer loop
      vertex 75.8174 163.532 573
      vertex 44.7065 146.012 50
      vertex 43.9717 145.374 50.0669
    endloop
  endfacet
  facet normal 0.995722 -0.0718158 -0.0581438
    outer loop
      vertex 80.2096 161.343 573
      vertex 48.3524 143.178 49.8764
      vertex 80.2792 162.308 573
    endloop
  endfacet
  facet normal 0.946563 0.315142 -0.0685865
    outer loop
      vertex 80.277 162.325 573
      vertex 48.1113 145.076 49.8252
      vertex 79.9717 163.242 573
    endloop
  endfacet
  facet normal -0.0607367 -0.034625 -0.997553
    outer loop
      vertex 43.7784 142.605 50.1748
      vertex 43.5373 144.503 50.1236
      vertex 45.2886 141.431 50.1236
    endloop
  endfacet
  facet normal -0.060701 -0.0346915 -0.997553
    outer loop
      vertex 47.1832 141.669 50
      vertex 46.2598 141.361 50.0669
      vertex 47.918 142.307 49.9331
    endloop
  endfacet
  facet normal -0.0607369 -0.0346305 -0.997553
    outer loop
      vertex 46.2598 141.361 50.0669
      vertex 43.9717 145.374 50.0669
      vertex 48.4203 144.151 49.8385
    endloop
  endfacet
  facet normal -0.0607389 -0.034638 -0.997552
    outer loop
      vertex 48.4203 144.151 49.8385
      vertex 43.9717 145.374 50.0669
      vertex 47.4725 145.813 49.8385
    endloop
  endfacet
  facet normal -0.741557 -0.667401 0.0683335
    outer loop
      vertex 43.7784 142.605 50.1748
      vertex 75.6238 160.752 573
      vertex 75.6175 160.759 573
    endloop
  endfacet
  facet normal -0.753263 -0.654134 0.0685861
    outer loop
      vertex 75.6238 160.752 573
      vertex 43.7784 142.605 50.1748
      vertex 44.4172 141.868 50.1615
    endloop
  endfacet
  facet normal 0.753381 0.653997 -0.0685886
    outer loop
      vertex 79.9658 163.249 573
      vertex 47.4725 145.813 49.8385
      vertex 79.3321 163.979 573
    endloop
  endfacet
  facet normal -0.316075 0.948635 -0.0136902
    outer loop
      vertex 45.6299 146.32 49.9331
      vertex 76.5563 164.173 573
      vertex 77.4837 164.482 573
    endloop
  endfacet
  facet normal -0.31727 0.948238 -0.013606
    outer loop
      vertex 76.5563 164.173 573
      vertex 45.6299 146.32 49.9331
      vertex 44.7065 146.012 50
    endloop
  endfacet
  facet normal -0.060701 -0.0346915 -0.997553
    outer loop
      vertex 45.6299 146.32 49.9331
      vertex 43.9717 145.374 50.0669
      vertex 44.7065 146.012 50
    endloop
  endfacet
  facet normal -0.445961 -0.89316 0.0581717
    outer loop
      vertex 76.2656 160.019 573
      vertex 45.2886 141.431 50.1236
      vertex 77.1308 159.587 573
    endloop
  endfacet
  facet normal -0.995867 0.0697107 0.0582258
    outer loop
      vertex 43.5373 144.503 50.1236
      vertex 75.3788 162.649 573
      vertex 75.3795 162.659 573
    endloop
  endfacet
  facet normal -0.995726 0.0717508 0.0581465
    outer loop
      vertex 75.3788 162.649 573
      vertex 43.5373 144.503 50.1236
      vertex 43.4694 143.53 50.1615
    endloop
  endfacet
  facet normal 0.893256 -0.447867 -0.0388457
    outer loop
      vertex 79.7759 160.478 573
      vertex 48.3524 143.178 49.8764
      vertex 80.2096 161.343 573
    endloop
  endfacet
  facet normal -0.0607226 -0.0346537 -0.997553
    outer loop
      vertex 47.918 142.307 49.9331
      vertex 46.2598 141.361 50.0669
      vertex 48.3524 143.178 49.8764
    endloop
  endfacet
  facet normal 0.31727 -0.948238 0.0136042
    outer loop
      vertex 47.1832 141.669 50
      vertex 79.0241 159.826 573
      vertex 46.2598 141.361 50.0669
    endloop
  endfacet
  facet normal 0.322646 -0.946428 0.0132141
    outer loop
      vertex 79.0241 159.826 573
      vertex 47.1832 141.669 50
      vertex 79.0329 159.829 573
    endloop
  endfacet
  facet normal 0.909258 -0.414217 -0.0409198
    outer loop
      vertex 79.7718 160.469 573
      vertex 48.3524 143.178 49.8764
      vertex 79.7759 160.478 573
    endloop
  endfacet
  facet normal 0.893192 -0.447996 -0.0388383
    outer loop
      vertex 48.3524 143.178 49.8764
      vertex 79.7718 160.469 573
      vertex 47.918 142.307 49.9331
    endloop
  endfacet
  facet normal 0.44497 0.893657 -0.0581288
    outer loop
      vertex 79.3321 163.979 573
      vertex 47.4725 145.813 49.8385
      vertex 78.4665 164.41 573
    endloop
  endfacet
  facet normal -0.655325 0.755223 0.0136833
    outer loop
      vertex 76.5563 164.173 573
      vertex 44.7065 146.012 50
      vertex 75.8245 163.538 573
    endloop
  endfacet
  facet normal -0.0607427 -0.0346085 -0.997553
    outer loop
      vertex 47.4725 145.813 49.8385
      vertex 43.9717 145.374 50.0669
      vertex 46.6011 146.25 49.8764
    endloop
  endfacet
  facet normal -0.753142 -0.654273 0.0685839
    outer loop
      vertex 75.6238 160.752 573
      vertex 44.4172 141.868 50.1615
      vertex 76.2571 160.023 573
    endloop
  endfacet
  facet normal -0.0607568 -0.0346365 -0.997551
    outer loop
      vertex 45.2886 141.431 50.1236
      vertex 43.5373 144.503 50.1236
      vertex 43.9717 145.374 50.0669
    endloop
  endfacet
  facet normal 0.442035 0.89512 -0.0580069
    outer loop
      vertex 47.4725 145.813 49.8385
      vertex 78.4584 164.414 573
      vertex 78.4665 164.41 573
    endloop
  endfacet
  facet normal 0.445499 0.893392 -0.0581507
    outer loop
      vertex 78.4584 164.414 573
      vertex 47.4725 145.813 49.8385
      vertex 46.6011 146.25 49.8764
    endloop
  endfacet
  facet normal -0.0607547 -0.0346166 -0.997552
    outer loop
      vertex 48.3524 143.178 49.8764
      vertex 46.2598 141.361 50.0669
      vertex 48.4203 144.151 49.8385
    endloop
  endfacet
  facet normal 0.996085 -0.0664057 -0.0583538
    outer loop
      vertex 80.2792 162.308 573
      vertex 48.4203 144.151 49.8385
      vertex 80.2798 162.317 573
    endloop
  endfacet
  facet normal 0.995726 -0.0717508 -0.0581464
    outer loop
      vertex 48.4203 144.151 49.8385
      vertex 80.2792 162.308 573
      vertex 48.3524 143.178 49.8764
    endloop
  endfacet
  facet normal 0.654849 -0.755636 -0.0136413
    outer loop
      vertex 47.918 142.307 49.9331
      vertex 79.0329 159.829 573
      vertex 47.1832 141.669 50
    endloop
  endfacet
  facet normal 0.654648 -0.755811 -0.0136234
    outer loop
      vertex 79.0329 159.829 573
      vertex 47.918 142.307 49.9331
      vertex 79.7718 160.469 573
    endloop
  endfacet
  facet normal -0.0607344 -0.0346291 -0.997553
    outer loop
      vertex 45.2886 141.431 50.1236
      vertex 43.9717 145.374 50.0669
      vertex 46.2598 141.361 50.0669
    endloop
  endfacet
  facet normal 0.762816 0.642945 -0.0688063
    outer loop
      vertex 79.9717 163.242 573
      vertex 47.4725 145.813 49.8385
      vertex 79.9658 163.249 573
    endloop
  endfacet
  facet normal 0.753263 0.654134 -0.0685856
    outer loop
      vertex 47.4725 145.813 49.8385
      vertex 79.9717 163.242 573
      vertex 48.1113 145.076 49.8252
    endloop
  endfacet
  facet normal -0.060719 -0.0346266 -0.997554
    outer loop
      vertex 48.4203 144.151 49.8385
      vertex 47.4725 145.813 49.8385
      vertex 48.1113 145.076 49.8252
    endloop
  endfacet
  facet normal -0.445499 -0.893392 0.0581521
    outer loop
      vertex 45.2886 141.431 50.1236
      vertex 76.2571 160.023 573
      vertex 44.4172 141.868 50.1615
    endloop
  endfacet
  facet normal -0.425098 -0.903332 0.0572973
    outer loop
      vertex 76.2571 160.023 573
      vertex 45.2886 141.431 50.1236
      vertex 76.2656 160.019 573
    endloop
  endfacet
  facet normal -0.0607767 -0.0346768 -0.997549
    outer loop
      vertex 44.4172 141.868 50.1615
      vertex 43.7784 142.605 50.1748
      vertex 45.2886 141.431 50.1236
    endloop
  endfacet
  facet normal -0.0695784 -0.99682 0.0388501
    outer loop
      vertex 46.2598 141.361 50.0669
      vertex 77.1308 159.587 573
      vertex 45.2886 141.431 50.1236
    endloop
  endfacet
  facet normal -0.0695434 -0.996822 0.0388481
    outer loop
      vertex 77.1308 159.587 573
      vertex 46.2598 141.361 50.0669
      vertex 78.1055 159.519 573
    endloop
  endfacet
  facet normal 0.316942 -0.948347 0.0136286
    outer loop
      vertex 78.1055 159.519 573
      vertex 46.2598 141.361 50.0669
      vertex 79.0241 159.826 573
    endloop
  endfacet
  facet normal -0.0607007 -0.0346205 -0.997555
    outer loop
      vertex 43.7784 142.605 50.1748
      vertex 43.4694 143.53 50.1615
      vertex 43.5373 144.503 50.1236
    endloop
  endfacet
  facet normal -0.946449 -0.315483 0.068591
    outer loop
      vertex 43.4694 143.53 50.1615
      vertex 75.6175 160.759 573
      vertex 75.6145 160.768 573
    endloop
  endfacet
  facet normal -0.94654 -0.315209 0.0685876
    outer loop
      vertex 75.6175 160.759 573
      vertex 43.4694 143.53 50.1615
      vertex 43.7784 142.605 50.1748
    endloop
  endfacet
  facet normal -0.995724 0.0717871 0.058145
    outer loop
      vertex 75.3788 162.649 573
      vertex 43.4694 143.53 50.1615
      vertex 75.3093 161.685 573
    endloop
  endfacet
  facet normal -0.946594 -0.31505 0.0685856
    outer loop
      vertex 75.3093 161.685 573
      vertex 43.4694 143.53 50.1615
      vertex 75.6145 160.768 573
    endloop
  endfacet
  facet normal -0.0607347 -0.0346325 -0.997553
    outer loop
      vertex 46.6011 146.25 49.8764
      vertex 43.9717 145.374 50.0669
      vertex 45.6299 146.32 49.9331
    endloop
  endfacet
  facet normal -0.880214 0.473115 0.0372281
    outer loop
      vertex 43.9717 145.374 50.0669
      vertex 75.3795 162.659 573
      vertex 75.3838 162.667 573
    endloop
  endfacet
  facet normal -0.893192 0.447996 0.0388378
    outer loop
      vertex 75.3795 162.659 573
      vertex 43.9717 145.374 50.0669
      vertex 43.5373 144.503 50.1236
    endloop
  endfacet
  facet normal 0.110338 0.99304 -0.0411999
    outer loop
      vertex 46.6011 146.25 49.8764
      vertex 78.4494 164.415 573
      vertex 78.4584 164.414 573
    endloop
  endfacet
  facet normal 0.0695785 0.99682 -0.0388497
    outer loop
      vertex 78.4494 164.415 573
      vertex 46.6011 146.25 49.8764
      vertex 45.6299 146.32 49.9331
    endloop
  endfacet
  facet normal 0.0691612 0.99685 -0.0388245
    outer loop
      vertex 78.4494 164.415 573
      vertex 45.6299 146.32 49.9331
      vertex 77.4837 164.482 573
    endloop
  endfacet
  facet normal -0.893297 0.447785 0.0388516
    outer loop
      vertex 75.8174 163.532 573
      vertex 43.9717 145.374 50.0669
      vertex 75.3838 162.667 573
    endloop
  endfacet
  facet normal 0.869121 0.490425 -0.0641318
    outer loop
      vertex 41.1428 173.595 573
      vertex 15.1565 151.236 49.849
      vertex 40.6784 174.418 573
    endloop
  endfacet
  facet normal -0.0496218 -0.0426277 -0.997858
    outer loop
      vertex 15.0155 149.33 49.9374
      vertex 13.5682 148.084 50.0626
      vertex 15.2755 150.268 49.8844
    endloop
  endfacet
  facet normal -0.615049 -0.785876 0.0641395
    outer loop
      vertex 11.6623 148.229 50.151
      vertex 36.8652 171.177 573
      vertex 10.8944 148.831 50.1635
    endloop
  endfacet
  facet normal -0.614764 -0.786099 0.0641356
    outer loop
      vertex 36.8652 171.177 573
      vertex 11.6623 148.229 50.151
      vertex 37.6337 170.576 573
    endloop
  endfacet
  facet normal 0.872363 0.484646 -0.0640465
    outer loop
      vertex 40.6784 174.418 573
      vertex 14.6764 152.085 49.8365
      vertex 40.6634 174.445 573
    endloop
  endfacet
  facet normal 0.869074 0.490507 -0.0641332
    outer loop
      vertex 14.6764 152.085 49.8365
      vertex 40.6784 174.418 573
      vertex 15.1565 151.236 49.849
    endloop
  endfacet
  facet normal 0.292266 0.954736 -0.0553222
    outer loop
      vertex 13.9085 152.686 49.849
      vertex 39.8655 175.054 573
      vertex 39.8949 175.045 573
    endloop
  endfacet
  facet normal 0.266481 0.962306 -0.0543665
    outer loop
      vertex 39.8655 175.054 573
      vertex 13.9085 152.686 49.849
      vertex 12.9696 152.948 49.8844
    endloop
  endfacet
  facet normal -0.0495866 -0.0426553 -0.997859
    outer loop
      vertex 15.2755 150.268 49.8844
      vertex 13.5682 148.084 50.0626
      vertex 14.6764 152.085 49.8365
    endloop
  endfacet
  facet normal 0.122536 -0.9918 0.0363027
    outer loop
      vertex 38.5744 170.315 573
      vertex 12.6013 147.967 50.1156
      vertex 39.5133 170.431 573
    endloop
  endfacet
  facet normal -0.266455 -0.962313 0.0543642
    outer loop
      vertex 12.6013 147.967 50.1156
      vertex 38.5446 170.323 573
      vertex 11.6623 148.229 50.151
    endloop
  endfacet
  facet normal -0.258897 -0.96439 0.054078
    outer loop
      vertex 38.5446 170.323 573
      vertex 12.6013 147.967 50.1156
      vertex 38.5744 170.315 573
    endloop
  endfacet
  facet normal 0.960777 -0.274981 -0.0359719
    outer loop
      vertex 41.2519 172.597 573
      vertex 15.2755 150.268 49.8844
      vertex 41.2602 172.626 573
    endloop
  endfacet
  facet normal 0.962499 -0.268843 -0.0363194
    outer loop
      vertex 15.2755 150.268 49.8844
      vertex 41.2519 172.597 573
      vertex 15.0155 149.33 49.9374
    endloop
  endfacet
  facet normal 0.787053 -0.616754 -0.012735
    outer loop
      vertex 40.3948 170.916 573
      vertex 14.416 148.563 50
      vertex 40.9786 171.661 573
    endloop
  endfacet
  facet normal -0.0496528 -0.0426258 -0.997857
    outer loop
      vertex 12.0026 152.831 49.9374
      vertex 10.5553 151.586 50.0626
      vertex 11.1549 152.353 50
    endloop
  endfacet
  facet normal -0.787104 0.616688 0.0127409
    outer loop
      vertex 37.1148 174.681 573
      vertex 10.5553 151.586 50.0626
      vertex 36.5311 173.936 573
    endloop
  endfacet
  facet normal -0.0495866 -0.042615 -0.99786
    outer loop
      vertex 14.6764 152.085 49.8365
      vertex 10.4144 149.68 50.151
      vertex 10.5553 151.586 50.0626
    endloop
  endfacet
  facet normal 0.991008 0.122224 -0.0544458
    outer loop
      vertex 41.2602 172.626 573
      vertex 15.1565 151.236 49.849
      vertex 41.2565 172.656 573
    endloop
  endfacet
  facet normal 0.991299 0.119876 -0.0543643
    outer loop
      vertex 15.1565 151.236 49.849
      vertex 41.2602 172.626 573
      vertex 15.2755 150.268 49.8844
    endloop
  endfacet
  facet normal 0.99128 0.12003 -0.0543695
    outer loop
      vertex 41.2565 172.656 573
      vertex 15.1565 151.236 49.849
      vertex 41.1428 173.595 573
    endloop
  endfacet
  facet normal -0.868955 -0.490717 0.0641367
    outer loop
      vertex 36.401 171.999 573
      vertex 10.8944 148.831 50.1635
      vertex 36.8652 171.177 573
    endloop
  endfacet
  facet normal -0.991487 -0.118339 0.0543108
    outer loop
      vertex 10.2953 150.647 50.1156
      vertex 36.3857 172.026 573
      vertex 36.382 172.057 573
    endloop
  endfacet
  facet normal -0.991272 -0.120099 0.054372
    outer loop
      vertex 36.3857 172.026 573
      vertex 10.2953 150.647 50.1156
      vertex 10.4144 149.68 50.151
    endloop
  endfacet
  facet normal -0.488364 0.872543 -0.0130267
    outer loop
      vertex 12.0026 152.831 49.9374
      vertex 37.1337 174.706 573
      vertex 37.1605 174.721 573
    endloop
  endfacet
  facet normal -0.491849 0.870587 -0.0127774
    outer loop
      vertex 37.1337 174.706 573
      vertex 12.0026 152.831 49.9374
      vertex 11.1549 152.353 50
    endloop
  endfacet
  facet normal -0.79762 0.603001 0.0138477
    outer loop
      vertex 11.1549 152.353 50
      vertex 37.1148 174.681 573
      vertex 37.1337 174.706 573
    endloop
  endfacet
  facet normal -0.787265 0.616483 0.0127581
    outer loop
      vertex 37.1148 174.681 573
      vertex 11.1549 152.353 50
      vertex 10.5553 151.586 50.0626
    endloop
  endfacet
  facet normal -0.0495458 -0.042716 -0.997858
    outer loop
      vertex 14.416 148.563 50
      vertex 13.5682 148.084 50.0626
      vertex 15.0155 149.33 49.9374
    endloop
  endfacet
  facet normal 0.122012 -0.991863 0.0363324
    outer loop
      vertex 13.5682 148.084 50.0626
      vertex 39.5133 170.431 573
      vertex 12.6013 147.967 50.1156
    endloop
  endfacet
  facet normal 0.0971876 -0.994553 0.0376789
    outer loop
      vertex 39.5133 170.431 573
      vertex 13.5682 148.084 50.0626
      vertex 39.544 170.434 573
    endloop
  endfacet
  facet normal -0.049261 -0.0425485 -0.997879
    outer loop
      vertex 15.2755 150.268 49.8844
      vertex 14.6764 152.085 49.8365
      vertex 15.1565 151.236 49.849
    endloop
  endfacet
  facet normal 0.49258 -0.870174 0.0127228
    outer loop
      vertex 14.416 148.563 50
      vertex 39.544 170.434 573
      vertex 13.5682 148.084 50.0626
    endloop
  endfacet
  facet normal 0.512577 -0.858567 0.0112766
    outer loop
      vertex 39.544 170.434 573
      vertex 14.416 148.563 50
      vertex 39.5708 170.45 573
    endloop
  endfacet
  facet normal 0.492226 -0.870374 0.0127496
    outer loop
      vertex 39.5708 170.45 573
      vertex 14.416 148.563 50
      vertex 40.3948 170.916 573
    endloop
  endfacet
  facet normal -0.991278 -0.120052 0.0543705
    outer loop
      vertex 36.2684 172.995 573
      vertex 10.2953 150.647 50.1156
      vertex 36.382 172.057 573
    endloop
  endfacet
  facet normal -0.86823 -0.491997 0.0641547
    outer loop
      vertex 10.4144 149.68 50.151
      vertex 36.401 171.999 573
      vertex 36.3857 172.026 573
    endloop
  endfacet
  facet normal -0.869118 -0.49043 0.0641319
    outer loop
      vertex 36.401 171.999 573
      vertex 10.4144 149.68 50.151
      vertex 10.8944 148.831 50.1635
    endloop
  endfacet
  facet normal 0.266131 0.962403 -0.0543527
    outer loop
      vertex 39.8655 175.054 573
      vertex 12.9696 152.948 49.8844
      vertex 38.9542 175.306 573
    endloop
  endfacet
  facet normal -0.0494703 -0.0424539 -0.997873
    outer loop
      vertex 14.6764 152.085 49.8365
      vertex 12.9696 152.948 49.8844
      vertex 13.9085 152.686 49.849
    endloop
  endfacet
  facet normal -0.130794 0.990761 -0.0358483
    outer loop
      vertex 12.9696 152.948 49.8844
      vertex 38.9239 175.302 573
      vertex 38.9542 175.306 573
    endloop
  endfacet
  facet normal -0.122 0.991865 -0.0363318
    outer loop
      vertex 38.9239 175.302 573
      vertex 12.9696 152.948 49.8844
      vertex 12.0026 152.831 49.9374
    endloop
  endfacet
  facet normal -0.492181 0.8704 -0.0127534
    outer loop
      vertex 37.9846 175.187 573
      vertex 12.0026 152.831 49.9374
      vertex 37.1605 174.721 573
    endloop
  endfacet
  facet normal 0.962591 -0.268512 -0.0363388
    outer loop
      vertex 40.9975 171.685 573
      vertex 15.0155 149.33 49.9374
      vertex 41.2519 172.597 573
    endloop
  endfacet
  facet normal 0.785574 -0.61864 -0.0125819
    outer loop
      vertex 40.9786 171.661 573
      vertex 15.0155 149.33 49.9374
      vertex 40.9975 171.685 573
    endloop
  endfacet
  facet normal 0.787314 -0.61642 -0.012763
    outer loop
      vertex 15.0155 149.33 49.9374
      vertex 40.9786 171.661 573
      vertex 14.416 148.563 50
    endloop
  endfacet
  facet normal -0.0495295 -0.0426713 -0.997861
    outer loop
      vertex 13.5682 148.084 50.0626
      vertex 11.6623 148.229 50.151
      vertex 14.6764 152.085 49.8365
    endloop
  endfacet
  facet normal -0.049531 -0.0426924 -0.99786
    outer loop
      vertex 12.6013 147.967 50.1156
      vertex 11.6623 148.229 50.151
      vertex 13.5682 148.084 50.0626
    endloop
  endfacet
  facet normal -0.26722 -0.962099 0.0543945
    outer loop
      vertex 37.6337 170.576 573
      vertex 11.6623 148.229 50.151
      vertex 38.5446 170.323 573
    endloop
  endfacet
  facet normal 0.614129 0.786596 -0.0641246
    outer loop
      vertex 14.6764 152.085 49.8365
      vertex 39.8949 175.045 573
      vertex 40.6634 174.445 573
    endloop
  endfacet
  facet normal 0.614414 0.786373 -0.0641286
    outer loop
      vertex 39.8949 175.045 573
      vertex 14.6764 152.085 49.8365
      vertex 13.9085 152.686 49.849
    endloop
  endfacet
  facet normal -0.121444 0.991932 -0.0363633
    outer loop
      vertex 38.9239 175.302 573
      vertex 12.0026 152.831 49.9374
      vertex 37.9846 175.187 573
    endloop
  endfacet
  facet normal -0.0498592 -0.0428803 -0.997835
    outer loop
      vertex 10.8944 148.831 50.1635
      vertex 10.4144 149.68 50.151
      vertex 11.6623 148.229 50.151
    endloop
  endfacet
  facet normal -0.0495749 -0.0426357 -0.99786
    outer loop
      vertex 11.6623 148.229 50.151
      vertex 10.4144 149.68 50.151
      vertex 14.6764 152.085 49.8365
    endloop
  endfacet
  facet normal -0.0495143 -0.0427868 -0.997857
    outer loop
      vertex 12.9696 152.948 49.8844
      vertex 10.5553 151.586 50.0626
      vertex 12.0026 152.831 49.9374
    endloop
  endfacet
  facet normal -0.0495797 -0.0426711 -0.997858
    outer loop
      vertex 14.6764 152.085 49.8365
      vertex 10.5553 151.586 50.0626
      vertex 12.9696 152.948 49.8844
    endloop
  endfacet
  facet normal -0.962535 0.268712 0.0363273
    outer loop
      vertex 10.5553 151.586 50.0626
      vertex 36.2684 172.995 573
      vertex 36.5311 173.936 573
    endloop
  endfacet
  facet normal -0.962572 0.268578 0.0363346
    outer loop
      vertex 36.2684 172.995 573
      vertex 10.5553 151.586 50.0626
      vertex 10.2953 150.647 50.1156
    endloop
  endfacet
  facet normal -0.0494748 -0.0426235 -0.997865
    outer loop
      vertex 10.4144 149.68 50.151
      vertex 10.2953 150.647 50.1156
      vertex 10.5553 151.586 50.0626
    endloop
  endfacet
  facet normal 0.395227 0.916019 -0.0685929
    outer loop
      vertex 1.2157 181.778 573
      vertex -20.4945 151.97 49.8385
      vertex 0.328019 182.161 573
    endloop
  endfacet
  facet normal -0.0396949 -0.0575722 -0.997552
    outer loop
      vertex -18.9194 150.884 49.8385
      vertex -23.4583 150.056 50.0669
      vertex -20.4945 151.97 49.8385
    endloop
  endfacet
  facet normal -0.0396987 -0.0575517 -0.997553
    outer loop
      vertex -19.6557 147.433 50.0669
      vertex -23.4583 150.056 50.0669
      vertex -18.9194 150.884 49.8385
    endloop
  endfacet
  facet normal -0.394946 -0.916141 0.068586
    outer loop
      vertex -21.5357 147.091 50.1615
      vertex -1.6219 177.648 573
      vertex -22.4311 147.478 50.1748
    endloop
  endfacet
  facet normal -0.394768 -0.916217 0.0685837
    outer loop
      vertex -1.6219 177.648 573
      vertex -21.5357 147.091 50.1615
      vertex -0.726033 177.262 573
    endloop
  endfacet
  facet normal -0.0397199 -0.057572 -0.997551
    outer loop
      vertex -22.4311 147.478 50.1748
      vertex -23.4716 149.083 50.1236
      vertex -20.5611 147.075 50.1236
    endloop
  endfacet
  facet normal 0.715973 0.69475 -0.0685889
    outer loop
      vertex 1.90313 181.074 573
      vertex -19.5992 151.583 49.8252
      vertex 1.22388 181.774 573
    endloop
  endfacet
  facet normal 0.715847 0.69488 -0.068591
    outer loop
      vertex -19.5992 151.583 49.8252
      vertex 1.90313 181.074 573
      vertex -18.9194 150.884 49.8385
    endloop
  endfacet
  facet normal -0.928167 -0.367593 0.0581546
    outer loop
      vertex -23.4716 149.083 50.1236
      vertex -2.30114 178.349 573
      vertex -2.66035 179.256 573
    endloop
  endfacet
  facet normal -0.928303 -0.36725 0.058141
    outer loop
      vertex -2.30114 178.349 573
      vertex -23.4716 149.083 50.1236
      vertex -23.1108 148.177 50.1615
    endloop
  endfacet
  facet normal -0.0397088 -0.0575665 -0.997552
    outer loop
      vertex -20.5611 147.075 50.1236
      vertex -23.4583 150.056 50.0669
      vertex -19.6557 147.433 50.0669
    endloop
  endfacet
  facet normal -0.0397305 -0.0575875 -0.99755
    outer loop
      vertex -20.5611 147.075 50.1236
      vertex -23.4716 149.083 50.1236
      vertex -23.4583 150.056 50.0669
    endloop
  endfacet
  facet normal 0.696887 -0.717051 0.0136432
    outer loop
      vertex 1.1578 177.611 573
      vertex -19.6557 147.433 50.0669
      vertex 1.85233 178.286 573
    endloop
  endfacet
  facet normal -0.0397389 -0.0576611 -0.997545
    outer loop
      vertex -21.5357 147.091 50.1615
      vertex -22.4311 147.478 50.1748
      vertex -20.5611 147.075 50.1236
    endloop
  endfacet
  facet normal -0.0396788 -0.0575526 -0.997554
    outer loop
      vertex -18.9572 148.111 50
      vertex -19.6557 147.433 50.0669
      vertex -18.572 149.005 49.9331
    endloop
  endfacet
  facet normal -0.0396258 -0.0575892 -0.997554
    outer loop
      vertex -18.572 149.005 49.9331
      vertex -19.6557 147.433 50.0669
      vertex -18.5587 149.978 49.8764
    endloop
  endfacet
  facet normal -0.0397262 -0.0575458 -0.997552
    outer loop
      vertex -18.5587 149.978 49.8764
      vertex -19.6557 147.433 50.0669
      vertex -18.9194 150.884 49.8385
    endloop
  endfacet
  facet normal 0.999119 -0.0158611 -0.038851
    outer loop
      vertex 2.24683 179.19 573
      vertex -18.5587 149.978 49.8764
      vertex 2.26234 180.167 573
    endloop
  endfacet
  facet normal 0.999118 -0.0159208 -0.0388476
    outer loop
      vertex -18.5587 149.978 49.8764
      vertex 2.24683 179.19 573
      vertex -18.572 149.005 49.9331
    endloop
  endfacet
  facet normal -0.0396142 -0.0576336 -0.997552
    outer loop
      vertex -21.4691 151.986 49.8764
      vertex -23.4583 150.056 50.0669
      vertex -22.3746 151.627 49.9331
    endloop
  endfacet
  facet normal -0.723816 -0.686591 0.0684307
    outer loop
      vertex -23.1108 148.177 50.1615
      vertex -2.2945 178.342 573
      vertex -2.30114 178.349 573
    endloop
  endfacet
  facet normal -0.715899 -0.694827 0.0685906
    outer loop
      vertex -2.2945 178.342 573
      vertex -23.1108 148.177 50.1615
      vertex -22.4311 147.478 50.1748
    endloop
  endfacet
  facet normal -0.0141257 -0.998207 0.0581649
    outer loop
      vertex -20.5611 147.075 50.1236
      vertex -0.726033 177.262 573
      vertex -21.5357 147.091 50.1615
    endloop
  endfacet
  facet normal 0 -0.998338 0.0576366
    outer loop
      vertex -0.726033 177.262 573
      vertex -20.5611 147.075 50.1236
      vertex -0.716492 177.262 573
    endloop
  endfacet
  facet normal 0.928167 0.367593 -0.0581549
    outer loop
      vertex 2.26234 180.167 573
      vertex -18.9194 150.884 49.8385
      vertex 1.90313 181.074 573
    endloop
  endfacet
  facet normal 0.928339 0.367161 -0.0581377
    outer loop
      vertex -18.9194 150.884 49.8385
      vertex 2.26234 180.167 573
      vertex -18.5587 149.978 49.8764
    endloop
  endfacet
  facet normal -0.0134258 -0.998218 0.0581393
    outer loop
      vertex -0.716492 177.262 573
      vertex -20.5611 147.075 50.1236
      vertex 0.250067 177.249 573
    endloop
  endfacet
  facet normal 0.670357 -0.741862 0.0161983
    outer loop
      vertex -19.6557 147.433 50.0669
      vertex 1.85897 178.292 573
      vertex 1.85233 178.286 573
    endloop
  endfacet
  facet normal 0.697106 -0.716839 0.0136211
    outer loop
      vertex 1.85897 178.292 573
      vertex -19.6557 147.433 50.0669
      vertex -18.9572 148.111 50
    endloop
  endfacet
  facet normal 0.0134185 0.998218 -0.05814
    outer loop
      vertex 0.328019 182.161 573
      vertex -20.4945 151.97 49.8385
      vertex -0.639066 182.174 573
    endloop
  endfacet
  facet normal 0.438237 0.896195 -0.0691594
    outer loop
      vertex -19.5992 151.583 49.8252
      vertex 1.2157 181.778 573
      vertex 1.22388 181.774 573
    endloop
  endfacet
  facet normal 0.394983 0.916125 -0.0685888
    outer loop
      vertex 1.2157 181.778 573
      vertex -19.5992 151.583 49.8252
      vertex -20.4945 151.97 49.8385
    endloop
  endfacet
  facet normal -0.0397219 -0.0576113 -0.997549
    outer loop
      vertex -18.9194 150.884 49.8385
      vertex -20.4945 151.97 49.8385
      vertex -19.5992 151.583 49.8252
    endloop
  endfacet
  facet normal -0.0398202 -0.0574916 -0.997552
    outer loop
      vertex -22.3746 151.627 49.9331
      vertex -23.4583 150.056 50.0669
      vertex -23.0731 150.95 50
    endloop
  endfacet
  facet normal -0.370148 0.928161 -0.0388292
    outer loop
      vertex -21.4691 151.986 49.8764
      vertex -1.55581 181.812 573
      vertex -0.648081 182.174 573
    endloop
  endfacet
  facet normal -0.370379 0.92807 -0.0388152
    outer loop
      vertex -1.55581 181.812 573
      vertex -21.4691 151.986 49.8764
      vertex -22.3746 151.627 49.9331
    endloop
  endfacet
  facet normal -0.716401 -0.69431 0.0685795
    outer loop
      vertex -2.2945 178.342 573
      vertex -22.4311 147.478 50.1748
      vertex -1.6219 177.648 573
    endloop
  endfacet
  facet normal -0.696644 0.717287 -0.0136655
    outer loop
      vertex -1.55581 181.812 573
      vertex -23.0731 150.95 50
      vertex -2.25699 181.131 573
    endloop
  endfacet
  facet normal -0.696579 0.71735 -0.0136718
    outer loop
      vertex -23.0731 150.95 50
      vertex -1.55581 181.812 573
      vertex -22.3746 151.627 49.9331
    endloop
  endfacet
  facet normal -0.0396223 -0.0575091 -0.997558
    outer loop
      vertex -23.1108 148.177 50.1615
      vertex -23.4716 149.083 50.1236
      vertex -22.4311 147.478 50.1748
    endloop
  endfacet
  facet normal 0.917944 -0.396474 -0.0136559
    outer loop
      vertex 1.85897 178.292 573
      vertex -18.572 149.005 49.9331
      vertex 2.24683 179.19 573
    endloop
  endfacet
  facet normal 0.917921 -0.396528 -0.013652
    outer loop
      vertex -18.572 149.005 49.9331
      vertex 1.85897 178.292 573
      vertex -18.9572 148.111 50
    endloop
  endfacet
  facet normal 0.369677 -0.928347 0.0388592
    outer loop
      vertex 0.250067 177.249 573
      vertex -20.5611 147.075 50.1236
      vertex 1.14909 177.607 573
    endloop
  endfacet
  facet normal 0.369531 -0.928405 0.0388686
    outer loop
      vertex -19.6557 147.433 50.0669
      vertex 1.14909 177.607 573
      vertex -20.5611 147.075 50.1236
    endloop
  endfacet
  facet normal 0.41707 -0.908169 0.0358096
    outer loop
      vertex 1.14909 177.607 573
      vertex -19.6557 147.433 50.0669
      vertex 1.1578 177.611 573
    endloop
  endfacet
  facet normal 0 0.998338 -0.0576376
    outer loop
      vertex -20.4945 151.97 49.8385
      vertex -0.648081 182.174 573
      vertex -0.639066 182.174 573
    endloop
  endfacet
  facet normal 0.0141256 0.998207 -0.058166
    outer loop
      vertex -0.648081 182.174 573
      vertex -20.4945 151.97 49.8385
      vertex -21.4691 151.986 49.8764
    endloop
  endfacet
  facet normal -0.0397367 -0.0575076 -0.997554
    outer loop
      vertex -20.4945 151.97 49.8385
      vertex -23.4583 150.056 50.0669
      vertex -21.4691 151.986 49.8764
    endloop
  endfacet
  facet normal -0.999119 0.0158509 0.0388516
    outer loop
      vertex -23.4583 150.056 50.0669
      vertex -2.66035 179.256 573
      vertex -2.64485 180.233 573
    endloop
  endfacet
  facet normal -0.999118 0.0159208 0.0388477
    outer loop
      vertex -2.66035 179.256 573
      vertex -23.4583 150.056 50.0669
      vertex -23.4716 149.083 50.1236
    endloop
  endfacet
  facet normal -0.917882 0.39662 0.013645
    outer loop
      vertex -2.25699 181.131 573
      vertex -23.0731 150.95 50
      vertex -2.64113 180.242 573
    endloop
  endfacet
  facet normal -0.924067 0.381948 0.0147084
    outer loop
      vertex -23.0731 150.95 50
      vertex -2.64485 180.233 573
      vertex -2.64113 180.242 573
    endloop
  endfacet
  facet normal -0.917921 0.396528 0.013652
    outer loop
      vertex -2.64485 180.233 573
      vertex -23.0731 150.95 50
      vertex -23.4583 150.056 50.0669
    endloop
  endfacet
  facet normal 0.570211 0.818991 -0.0641328
    outer loop
      vertex -38.2517 174.255 573
      vertex -51.9632 142.835 49.849
      vertex -39.0273 174.795 573
    endloop
  endfacet
  facet normal -0.0261922 -0.0598907 -0.997861
    outer loop
      vertex -55.5606 139.375 50.151
      vertex -56.2606 141.154 50.0626
      vertex -52.7641 143.392 49.8365
    endloop
  endfacet
  facet normal -0.0261217 -0.0599305 -0.997861
    outer loop
      vertex -52.0268 139.306 50.0626
      vertex -53.8069 138.61 50.151
      vertex -52.7641 143.392 49.8365
    endloop
  endfacet
  facet normal 0.562686 0.824169 -0.0642631
    outer loop
      vertex -51.9632 142.835 49.849
      vertex -39.0522 174.812 573
      vertex -39.0273 174.795 573
    endloop
  endfacet
  facet normal 0.570462 0.818817 -0.0641278
    outer loop
      vertex -39.0522 174.812 573
      vertex -51.9632 142.835 49.849
      vertex -52.7641 143.392 49.8365
    endloop
  endfacet
  facet normal -0.177413 0.982634 -0.0543663
    outer loop
      vertex -40.0054 175.02 573
      vertex -53.7169 143.6 49.849
      vertex -40.9359 174.852 573
    endloop
  endfacet
  facet normal -0.569746 -0.819314 0.0641404
    outer loop
      vertex -41.8569 170.777 573
      vertex -55.5606 139.375 50.151
      vertex -41.0818 170.238 573
    endloop
  endfacet
  facet normal -0.213015 -0.974941 0.064137
    outer loop
      vertex -53.8069 138.61 50.151
      vertex -41.0564 170.22 573
      vertex -54.7597 138.819 50.1635
    endloop
  endfacet
  facet normal -0.212757 -0.974998 0.0641341
    outer loop
      vertex -41.0564 170.22 573
      vertex -53.8069 138.61 50.151
      vertex -40.1032 170.012 573
    endloop
  endfacet
  facet normal 0.816081 -0.577785 0.0132968
    outer loop
      vertex -38.3209 170.714 573
      vertex -51.4706 140.105 50
      vertex -38.3032 170.739 573
    endloop
  endfacet
  facet normal 0.821127 -0.570604 0.0127496
    outer loop
      vertex -51.4706 140.105 50
      vertex -38.3209 170.714 573
      vertex -52.0268 139.306 50.0626
    endloop
  endfacet
  facet normal 0.820998 -0.570789 0.0127632
    outer loop
      vertex -38.3032 170.739 573
      vertex -51.4706 140.105 50
      vertex -37.763 171.516 573
    endloop
  endfacet
  facet normal 0.983531 0.177036 -0.0364078
    outer loop
      vertex -37.5539 172.471 573
      vertex -51.4362 142.015 49.8844
      vertex -37.5593 172.501 573
    endloop
  endfacet
  facet normal 0.983815 0.175469 -0.0363241
    outer loop
      vertex -51.4362 142.015 49.8844
      vertex -37.5539 172.471 573
      vertex -51.2632 141.056 49.9374
    endloop
  endfacet
  facet normal 0.98382 0.175441 -0.0363225
    outer loop
      vertex -37.5593 172.501 573
      vertex -51.4362 142.015 49.8844
      vertex -37.7255 173.433 573
    endloop
  endfacet
  facet normal -0.0263354 -0.0598983 -0.997857
    outer loop
      vertex -51.2632 141.056 49.9374
      vertex -52.0268 139.306 50.0626
      vertex -51.4362 142.015 49.8844
    endloop
  endfacet
  facet normal -0.0261584 -0.059937 -0.997859
    outer loop
      vertex -52.0268 139.306 50.0626
      vertex -52.7641 143.392 49.8365
      vertex -51.4362 142.015 49.8844
    endloop
  endfacet
  facet normal -0.976779 0.213869 0.0127562
    outer loop
      vertex -56.0532 142.105 50
      vertex -42.5547 172.561 573
      vertex -42.3456 173.516 573
    endloop
  endfacet
  facet normal -0.976781 0.213862 0.0127566
    outer loop
      vertex -42.5547 172.561 573
      vertex -56.0532 142.105 50
      vertex -56.2606 141.154 50.0626
    endloop
  endfacet
  facet normal -0.026152 -0.0599532 -0.997859
    outer loop
      vertex -52.7641 143.392 49.8365
      vertex -56.2606 141.154 50.0626
      vertex -54.6766 143.429 49.8844
    endloop
  endfacet
  facet normal -0.540183 0.840763 -0.0363379
    outer loop
      vertex -40.9659 174.847 573
      vertex -55.497 142.904 49.9374
      vertex -41.7877 174.319 573
    endloop
  endfacet
  facet normal -0.540321 0.840674 -0.0363287
    outer loop
      vertex -55.497 142.904 49.9374
      vertex -40.9659 174.847 573
      vertex -54.6766 143.429 49.8844
    endloop
  endfacet
  facet normal -0.0260551 -0.0600206 -0.997857
    outer loop
      vertex -54.6766 143.429 49.8844
      vertex -56.2606 141.154 50.0626
      vertex -55.497 142.904 49.9374
    endloop
  endfacet
  facet normal 0.976786 -0.213837 -0.0127582
    outer loop
      vertex -37.763 171.516 573
      vertex -51.4706 140.105 50
      vertex -37.5605 172.441 573
    endloop
  endfacet
  facet normal -0.0263316 -0.060363 -0.997829
    outer loop
      vertex -54.7597 138.819 50.1635
      vertex -55.5606 139.375 50.151
      vertex -53.8069 138.61 50.151
    endloop
  endfacet
  facet normal -0.0261411 -0.0599262 -0.99786
    outer loop
      vertex -53.8069 138.61 50.151
      vertex -55.5606 139.375 50.151
      vertex -52.7641 143.392 49.8365
    endloop
  endfacet
  facet normal -0.0260123 -0.0597965 -0.997872
    outer loop
      vertex -51.4362 142.015 49.8844
      vertex -52.7641 143.392 49.8365
      vertex -51.9632 142.835 49.849
    endloop
  endfacet
  facet normal 0.84097 0.538343 -0.0543738
    outer loop
      vertex -37.7255 173.433 573
      vertex -51.9632 142.835 49.849
      vertex -38.2517 174.255 573
    endloop
  endfacet
  facet normal 0.841067 0.538192 -0.0543676
    outer loop
      vertex -51.9632 142.835 49.849
      vertex -37.7255 173.433 573
      vertex -51.4362 142.015 49.8844
    endloop
  endfacet
  facet normal -0.0261496 -0.0598172 -0.997867
    outer loop
      vertex -52.7641 143.392 49.8365
      vertex -54.6766 143.429 49.8844
      vertex -53.7169 143.6 49.849
    endloop
  endfacet
  facet normal -0.164152 0.98491 -0.0548262
    outer loop
      vertex -53.7169 143.6 49.849
      vertex -40.9659 174.847 573
      vertex -40.9359 174.852 573
    endloop
  endfacet
  facet normal -0.177102 0.982689 -0.0543779
    outer loop
      vertex -40.9659 174.847 573
      vertex -53.7169 143.6 49.849
      vertex -54.6766 143.429 49.8844
    endloop
  endfacet
  facet normal -0.841268 -0.53788 0.0543549
    outer loop
      vertex -56.0877 140.195 50.1156
      vertex -41.8569 170.777 573
      vertex -42.3831 171.6 573
    endloop
  endfacet
  facet normal -0.84102 -0.538265 0.0543707
    outer loop
      vertex -41.8569 170.777 573
      vertex -56.0877 140.195 50.1156
      vertex -55.5606 139.375 50.151
    endloop
  endfacet
  facet normal -0.983805 -0.175521 0.0363271
    outer loop
      vertex -42.5492 172.531 573
      vertex -56.0877 140.195 50.1156
      vertex -42.3831 171.6 573
    endloop
  endfacet
  facet normal -0.982948 -0.180207 0.0365856
    outer loop
      vertex -56.2606 141.154 50.0626
      vertex -42.5492 172.531 573
      vertex -42.5547 172.561 573
    endloop
  endfacet
  facet normal -0.983832 -0.17537 0.0363185
    outer loop
      vertex -42.5492 172.531 573
      vertex -56.2606 141.154 50.0626
      vertex -56.0877 140.195 50.1156
    endloop
  endfacet
  facet normal -0.0260952 -0.0598527 -0.997866
    outer loop
      vertex -56.0877 140.195 50.1156
      vertex -56.2606 141.154 50.0626
      vertex -55.5606 139.375 50.151
    endloop
  endfacet
  facet normal -0.0261354 -0.0598956 -0.997862
    outer loop
      vertex -52.8472 138.781 50.1156
      vertex -53.8069 138.61 50.151
      vertex -52.0268 139.306 50.0626
    endloop
  endfacet
  facet normal 0.548375 -0.835466 0.0357882
    outer loop
      vertex -52.8472 138.781 50.1156
      vertex -38.3209 170.714 573
      vertex -38.3468 170.697 573
    endloop
  endfacet
  facet normal 0.540321 -0.840674 0.03633
    outer loop
      vertex -38.3209 170.714 573
      vertex -52.8472 138.781 50.1156
      vertex -52.0268 139.306 50.0626
    endloop
  endfacet
  facet normal -0.577009 -0.814224 0.0640246
    outer loop
      vertex -41.0818 170.238 573
      vertex -54.7597 138.819 50.1635
      vertex -41.0564 170.22 573
    endloop
  endfacet
  facet normal -0.569772 -0.819296 0.06414
    outer loop
      vertex -54.7597 138.819 50.1635
      vertex -41.0818 170.238 573
      vertex -55.5606 139.375 50.151
    endloop
  endfacet
  facet normal 0.976566 -0.214844 -0.012692
    outer loop
      vertex -37.5605 172.441 573
      vertex -51.2632 141.056 49.9374
      vertex -37.5539 172.471 573
    endloop
  endfacet
  facet normal 0.976781 -0.213862 -0.0127565
    outer loop
      vertex -51.2632 141.056 49.9374
      vertex -37.5605 172.441 573
      vertex -51.4706 140.105 50
    endloop
  endfacet
  facet normal -0.0261397 -0.0599837 -0.997857
    outer loop
      vertex -51.4706 140.105 50
      vertex -52.0268 139.306 50.0626
      vertex -51.2632 141.056 49.9374
    endloop
  endfacet
  facet normal -0.0261397 -0.0599837 -0.997857
    outer loop
      vertex -55.497 142.904 49.9374
      vertex -56.2606 141.154 50.0626
      vertex -56.0532 142.105 50
    endloop
  endfacet
  facet normal 0.212757 0.974998 -0.0641324
    outer loop
      vertex -52.7641 143.392 49.8365
      vertex -40.0054 175.02 573
      vertex -39.0522 174.812 573
    endloop
  endfacet
  facet normal 0.212039 0.975155 -0.0641244
    outer loop
      vertex -40.0054 175.02 573
      vertex -52.7641 143.392 49.8365
      vertex -53.7169 143.6 49.849
    endloop
  endfacet
  facet normal 0.177102 -0.982689 0.0543779
    outer loop
      vertex -52.8472 138.781 50.1156
      vertex -40.1032 170.012 573
      vertex -53.8069 138.61 50.151
    endloop
  endfacet
  facet normal 0.192742 -0.979772 0.0538225
    outer loop
      vertex -40.1032 170.012 573
      vertex -52.8472 138.781 50.1156
      vertex -40.0727 170.018 573
    endloop
  endfacet
  facet normal -0.821178 0.57053 -0.012743
    outer loop
      vertex -55.497 142.904 49.9374
      vertex -42.3456 173.516 573
      vertex -41.7877 174.319 573
    endloop
  endfacet
  facet normal -0.821126 0.570604 -0.0127487
    outer loop
      vertex -42.3456 173.516 573
      vertex -55.497 142.904 49.9374
      vertex -56.0532 142.105 50
    endloop
  endfacet
  facet normal 0.176463 -0.982803 0.0544013
    outer loop
      vertex -40.0727 170.018 573
      vertex -52.8472 138.781 50.1156
      vertex -39.1426 170.185 573
    endloop
  endfacet
  facet normal 0.540711 -0.840425 0.0363034
    outer loop
      vertex -39.1426 170.185 573
      vertex -52.8472 138.781 50.1156
      vertex -38.3468 170.697 573
    endloop
  endfacet
  facet normal -0.0107865 -0.0690474 -0.997555
    outer loop
      vertex -82.3385 123.589 50.1236
      vertex -86.2422 125.018 50.0669
      vertex -81.6781 124.305 50.0669
    endloop
  endfacet
  facet normal -0.0110185 -0.069049 -0.997552
    outer loop
      vertex -81.3428 125.218 50
      vertex -81.6781 124.305 50.0669
      vertex -81.3835 126.191 49.9331
    endloop
  endfacet
  facet normal -0.998918 -0.0443963 0.0138783
    outer loop
      vertex -86.2829 125.99 50
      vertex -80.5832 161.237 573
      vertex -80.5836 161.246 573
    endloop
  endfacet
  facet normal -0.99907 -0.0408944 0.013644
    outer loop
      vertex -80.5832 161.237 573
      vertex -86.2829 125.99 50
      vertex -86.2422 125.018 50.0669
    endloop
  endfacet
  facet normal 0.0419324 -0.996764 0.0685842
    outer loop
      vertex -84.1978 123.14 50.1748
      vertex -77.5654 159.393 573
      vertex -78.54 159.352 573
    endloop
  endfacet
  facet normal 0.04185 -0.996767 0.0685855
    outer loop
      vertex -77.5654 159.393 573
      vertex -84.1978 123.14 50.1748
      vertex -83.2233 123.18 50.1615
    endloop
  endfacet
  facet normal -0.0107932 -0.0690899 -0.997552
    outer loop
      vertex -81.6781 124.305 50.0669
      vertex -86.2422 125.018 50.0669
      vertex -82.5119 127.733 49.8385
    endloop
  endfacet
  facet normal -0.0107832 -0.0691036 -0.997551
    outer loop
      vertex -82.5119 127.733 49.8385
      vertex -86.2422 125.018 50.0669
      vertex -84.4024 128.028 49.8385
    endloop
  endfacet
  facet normal -0.0107773 -0.0691232 -0.99755
    outer loop
      vertex -83.2233 123.18 50.1615
      vertex -84.1978 123.14 50.1748
      vertex -82.3385 123.589 50.1236
    endloop
  endfacet
  facet normal -0.0107972 -0.0690765 -0.997553
    outer loop
      vertex -85.8316 124.135 50.1236
      vertex -86.2422 125.018 50.0669
      vertex -82.3385 123.589 50.1236
    endloop
  endfacet
  facet normal 0.34363 0.936597 -0.0685888
    outer loop
      vertex -82.5119 127.733 49.8385
      vertex -77.7663 164.304 573
      vertex -76.8505 163.968 573
    endloop
  endfacet
  facet normal 0.343541 0.93663 -0.0685903
    outer loop
      vertex -77.7663 164.304 573
      vertex -82.5119 127.733 49.8385
      vertex -83.4279 128.068 49.8252
    endloop
  endfacet
  facet normal -0.010657 -0.0691049 -0.997552
    outer loop
      vertex -86.2422 125.018 50.0669
      vertex -86.2829 125.99 50
      vertex -85.9475 126.904 49.9331
    endloop
  endfacet
  facet normal -0.676711 -0.733948 0.0581571
    outer loop
      vertex -80.1733 160.35 573
      vertex -85.8316 124.135 50.1236
      vertex -79.4629 159.695 573
    endloop
  endfacet
  facet normal 0.938954 -0.343772 0.0136493
    outer loop
      vertex -76.0192 160.524 573
      vertex -81.3428 125.218 50
      vertex -75.6831 161.442 573
    endloop
  endfacet
  facet normal 0.938935 -0.343824 0.013653
    outer loop
      vertex -81.3428 125.218 50
      vertex -76.0192 160.524 573
      vertex -81.6781 124.305 50.0669
    endloop
  endfacet
  facet normal 0.737475 -0.674263 0.0387198
    outer loop
      vertex -76.0256 160.517 573
      vertex -81.6781 124.305 50.0669
      vertex -76.0192 160.524 573
    endloop
  endfacet
  facet normal 0.736047 -0.675815 0.0388426
    outer loop
      vertex -81.6781 124.305 50.0669
      vertex -76.0256 160.517 573
      vertex -82.3385 123.589 50.1236
    endloop
  endfacet
  facet normal -0.42041 0.905468 -0.0581657
    outer loop
      vertex -78.741 164.263 573
      vertex -85.2872 127.619 49.8764
      vertex -79.6262 163.852 573
    endloop
  endfacet
  facet normal -0.420933 0.905227 -0.0581423
    outer loop
      vertex -85.2872 127.619 49.8764
      vertex -78.741 164.263 573
      vertex -84.4024 128.028 49.8385
    endloop
  endfacet
  facet normal -0.928363 0.371345 -0.0156733
    outer loop
      vertex -85.9475 126.904 49.9331
      vertex -80.2903 163.124 573
      vertex -80.2871 163.132 573
    endloop
  endfacet
  facet normal -0.939023 0.343584 -0.0136357
    outer loop
      vertex -80.2903 163.124 573
      vertex -85.9475 126.904 49.9331
      vertex -86.2829 125.99 50
    endloop
  endfacet
  facet normal -0.0107877 -0.0691008 -0.997551
    outer loop
      vertex -84.4024 128.028 49.8385
      vertex -86.2422 125.018 50.0669
      vertex -85.2872 127.619 49.8764
    endloop
  endfacet
  facet normal -0.939045 0.343525 -0.0136313
    outer loop
      vertex -80.2903 163.124 573
      vertex -86.2829 125.99 50
      vertex -80.6232 162.214 573
    endloop
  endfacet
  facet normal 0.665969 0.743665 -0.0587137
    outer loop
      vertex -81.794 127.074 49.8764
      vertex -76.1397 163.312 573
      vertex -76.133 163.306 573
    endloop
  endfacet
  facet normal 0.67676 0.733903 -0.0581541
    outer loop
      vertex -76.1397 163.312 573
      vertex -81.794 127.074 49.8764
      vertex -82.5119 127.733 49.8385
    endloop
  endfacet
  facet normal 0.999071 0.0408711 -0.0136423
    outer loop
      vertex -75.6835 161.451 573
      vertex -81.3835 126.191 49.9331
      vertex -75.7231 162.419 573
    endloop
  endfacet
  facet normal 0.906941 0.41946 -0.0388667
    outer loop
      vertex -76.1293 163.298 573
      vertex -81.794 127.074 49.8764
      vertex -76.133 163.306 573
    endloop
  endfacet
  facet normal 0.907065 0.419193 -0.0388495
    outer loop
      vertex -81.794 127.074 49.8764
      vertex -76.1293 163.298 573
      vertex -81.3835 126.191 49.9331
    endloop
  endfacet
  facet normal 0.677064 0.733624 -0.0581388
    outer loop
      vertex -76.1397 163.312 573
      vertex -82.5119 127.733 49.8385
      vertex -76.8505 163.968 573
    endloop
  endfacet
  facet normal -0.0107939 -0.0690551 -0.997554
    outer loop
      vertex -84.1978 123.14 50.1748
      vertex -85.8316 124.135 50.1236
      vertex -82.3385 123.589 50.1236
    endloop
  endfacet
  facet normal -0.999071 -0.0408711 0.0136424
    outer loop
      vertex -80.6232 162.214 573
      vertex -86.2829 125.99 50
      vertex -80.5836 161.246 573
    endloop
  endfacet
  facet normal -0.0419281 0.996764 -0.0685837
    outer loop
      vertex -77.7663 164.304 573
      vertex -84.4024 128.028 49.8385
      vertex -78.741 164.263 573
    endloop
  endfacet
  facet normal -0.04185 0.996767 -0.0685849
    outer loop
      vertex -84.4024 128.028 49.8385
      vertex -77.7663 164.304 573
      vertex -83.4279 128.068 49.8252
    endloop
  endfacet
  facet normal -0.0107792 -0.0690782 -0.997553
    outer loop
      vertex -82.5119 127.733 49.8385
      vertex -84.4024 128.028 49.8385
      vertex -83.4279 128.068 49.8252
    endloop
  endfacet
  facet normal 0.42041 -0.905468 0.0581653
    outer loop
      vertex -83.2233 123.18 50.1615
      vertex -76.6802 159.804 573
      vertex -77.5654 159.393 573
    endloop
  endfacet
  facet normal 0.420933 -0.905227 0.0581419
    outer loop
      vertex -76.6802 159.804 573
      vertex -83.2233 123.18 50.1615
      vertex -82.3385 123.589 50.1236
    endloop
  endfacet
  facet normal 0.736075 -0.675785 0.0388402
    outer loop
      vertex -76.6802 159.804 573
      vertex -82.3385 123.589 50.1236
      vertex -76.0256 160.517 573
    endloop
  endfacet
  facet normal 0.998918 0.0443963 -0.0138782
    outer loop
      vertex -75.6831 161.442 573
      vertex -81.3835 126.191 49.9331
      vertex -75.6835 161.451 573
    endloop
  endfacet
  facet normal 0.999072 0.0408527 -0.0136411
    outer loop
      vertex -81.3835 126.191 49.9331
      vertex -75.6831 161.442 573
      vertex -81.3428 125.218 50
    endloop
  endfacet
  facet normal -0.0108106 -0.0690815 -0.997552
    outer loop
      vertex -81.6781 124.305 50.0669
      vertex -81.794 127.074 49.8764
      vertex -81.3835 126.191 49.9331
    endloop
  endfacet
  facet normal -0.0107477 -0.0690789 -0.997553
    outer loop
      vertex -81.6781 124.305 50.0669
      vertex -82.5119 127.733 49.8385
      vertex -81.794 127.074 49.8764
    endloop
  endfacet
  facet normal 0.907075 0.419174 -0.0388482
    outer loop
      vertex -75.7231 162.419 573
      vertex -81.3835 126.191 49.9331
      vertex -76.1293 163.298 573
    endloop
  endfacet
  facet normal -0.898155 -0.437851 0.0400456
    outer loop
      vertex -86.2422 125.018 50.0669
      vertex -80.5793 161.229 573
      vertex -80.5832 161.237 573
    endloop
  endfacet
  facet normal -0.907026 -0.419277 0.0388555
    outer loop
      vertex -80.5793 161.229 573
      vertex -86.2422 125.018 50.0669
      vertex -85.8316 124.135 50.1236
    endloop
  endfacet
  facet normal -0.0107389 -0.0689652 -0.997561
    outer loop
      vertex -85.1137 123.475 50.1615
      vertex -85.8316 124.135 50.1236
      vertex -84.1978 123.14 50.1748
    endloop
  endfacet
  facet normal -0.70094 -0.710953 0.0568275
    outer loop
      vertex -79.4629 159.695 573
      vertex -85.1137 123.475 50.1615
      vertex -79.4558 159.688 573
    endloop
  endfacet
  facet normal -0.677314 -0.733395 0.0581268
    outer loop
      vertex -85.1137 123.475 50.1615
      vertex -79.4629 159.695 573
      vertex -85.8316 124.135 50.1236
    endloop
  endfacet
  facet normal -0.0108655 -0.0690724 -0.997552
    outer loop
      vertex -85.2872 127.619 49.8764
      vertex -86.2422 125.018 50.0669
      vertex -85.9475 126.904 49.9331
    endloop
  endfacet
  facet normal -0.34363 -0.936597 0.0685893
    outer loop
      vertex -79.4558 159.688 573
      vertex -84.1978 123.14 50.1748
      vertex -78.54 159.352 573
    endloop
  endfacet
  facet normal -0.343574 -0.936618 0.0685903
    outer loop
      vertex -84.1978 123.14 50.1748
      vertex -79.4558 159.688 573
      vertex -85.1137 123.475 50.1615
    endloop
  endfacet
  facet normal -0.73614 0.675715 -0.0388357
    outer loop
      vertex -85.2872 127.619 49.8764
      vertex -80.2871 163.132 573
      vertex -79.6262 163.852 573
    endloop
  endfacet
  facet normal -0.735629 0.676268 -0.0388782
    outer loop
      vertex -80.2871 163.132 573
      vertex -85.2872 127.619 49.8764
      vertex -85.9475 126.904 49.9331
    endloop
  endfacet
  facet normal -0.907154 -0.419004 0.0388374
    outer loop
      vertex -80.5793 161.229 573
      vertex -85.8316 124.135 50.1236
      vertex -80.1733 160.35 573
    endloop
  endfacet
  facet normal 0.157585 0.98542 -0.0641439
    outer loop
      vertex -108.791 106.144 49.849
      vertex -111.033 140.556 573
      vertex -110.07 140.402 573
    endloop
  endfacet
  facet normal 0.158397 0.985291 -0.0641319
    outer loop
      vertex -111.033 140.556 573
      vertex -108.791 106.144 49.849
      vertex -109.754 106.298 49.8365
    endloop
  endfacet
  facet normal 0.00240899 -0.0653869 -0.997857
    outer loop
      vertex -107.317 102.937 50.0626
      vertex -107.389 104.845 49.9374
      vertex -107.163 103.898 50
    endloop
  endfacet
  facet normal 0.226761 -0.971832 0.0642014
    outer loop
      vertex -109.568 101.312 50.1635
      vertex -109.897 135.775 573
      vertex -109.927 135.768 573
    endloop
  endfacet
  facet normal 0.231021 -0.970832 0.0641382
    outer loop
      vertex -109.897 135.775 573
      vertex -109.568 101.312 50.1635
      vertex -108.619 101.537 50.151
    endloop
  endfacet
  facet normal 0.586267 -0.808292 0.0543628
    outer loop
      vertex -108.619 101.537 50.151
      vertex -109.107 136.348 573
      vertex -109.897 135.775 573
    endloop
  endfacet
  facet normal 0.586523 -0.808107 0.0543507
    outer loop
      vertex -109.107 136.348 573
      vertex -108.619 101.537 50.151
      vertex -107.829 102.108 50.1156
    endloop
  endfacet
  facet normal -0.851553 0.523009 -0.03633
    outer loop
      vertex -111.493 105.502 49.8844
      vertex -113.283 138.925 573
      vertex -112.772 139.757 573
    endloop
  endfacet
  facet normal -0.851287 0.52344 -0.0363567
    outer loop
      vertex -113.283 138.925 573
      vertex -111.493 105.502 49.8844
      vertex -112.005 104.673 49.9374
    endloop
  endfacet
  facet normal -0.585857 0.808588 -0.0543818
    outer loop
      vertex -110.703 106.072 49.849
      vertex -112.748 139.775 573
      vertex -111.982 140.33 573
    endloop
  endfacet
  facet normal 0.810144 0.585104 -0.0363334
    outer loop
      vertex -108.667 139.097 573
      vertex -107.96 105.634 49.8844
      vertex -109.239 139.889 573
    endloop
  endfacet
  facet normal 0.810733 0.584291 -0.0362806
    outer loop
      vertex -107.96 105.634 49.8844
      vertex -108.667 139.097 573
      vertex -107.389 104.845 49.9374
    endloop
  endfacet
  facet normal 0.972826 0.231187 -0.012762
    outer loop
      vertex -108.441 138.146 573
      vertex -107.389 104.845 49.9374
      vertex -108.667 139.097 573
    endloop
  endfacet
  facet normal 0.972796 0.231312 -0.0127701
    outer loop
      vertex -107.389 104.845 49.9374
      vertex -108.441 138.146 573
      vertex -107.163 103.898 50
    endloop
  endfacet
  facet normal 0.851833 -0.522553 0.0363023
    outer loop
      vertex -109.107 136.348 573
      vertex -107.317 102.937 50.0626
      vertex -108.596 137.181 573
    endloop
  endfacet
  facet normal 0.851287 -0.52344 0.036357
    outer loop
      vertex -107.317 102.937 50.0626
      vertex -109.107 136.348 573
      vertex -107.829 102.108 50.1156
    endloop
  endfacet
  facet normal -0.158407 -0.985289 0.0641327
    outer loop
      vertex -110.846 135.549 573
      vertex -111.779 135.699 573
      vertex -109.568 101.312 50.1635
    endloop
  endfacet
  facet normal -0.52452 -0.849661 0.0543567
    outer loop
      vertex -112.64 136.217 573
      vertex -110.531 101.466 50.151
      vertex -111.809 135.704 573
    endloop
  endfacet
  facet normal -0.523975 -0.849996 0.0543812
    outer loop
      vertex -110.531 101.466 50.151
      vertex -112.64 136.217 573
      vertex -111.362 101.976 50.1156
    endloop
  endfacet
  facet normal -0.231334 0.970758 -0.0641347
    outer loop
      vertex -110.703 106.072 49.849
      vertex -111.982 140.33 573
      vertex -111.063 140.549 573
    endloop
  endfacet
  facet normal 0.00240408 -0.0653431 -0.99786
    outer loop
      vertex -108.619 101.537 50.151
      vertex -111.934 102.765 50.0626
      vertex -109.754 106.298 49.8365
    endloop
  endfacet
  facet normal 0.00245684 -0.0653463 -0.99786
    outer loop
      vertex -107.317 102.937 50.0626
      vertex -109.754 106.298 49.8365
      vertex -107.96 105.634 49.8844
    endloop
  endfacet
  facet normal 0.00248928 -0.0653228 -0.997861
    outer loop
      vertex -108.619 101.537 50.151
      vertex -109.754 106.298 49.8365
      vertex -107.317 102.937 50.0626
    endloop
  endfacet
  facet normal 0.00252218 -0.0653533 -0.997859
    outer loop
      vertex -107.829 102.108 50.1156
      vertex -108.619 101.537 50.151
      vertex -107.317 102.937 50.0626
    endloop
  endfacet
  facet normal -0.226761 0.971832 -0.0642023
    outer loop
      vertex -111.033 140.556 573
      vertex -110.703 106.072 49.849
      vertex -111.063 140.549 573
    endloop
  endfacet
  facet normal -0.231989 0.970602 -0.0641245
    outer loop
      vertex -110.703 106.072 49.849
      vertex -111.033 140.556 573
      vertex -109.754 106.298 49.8365
    endloop
  endfacet
  facet normal -0.810144 -0.585104 0.036335
    outer loop
      vertex -111.934 102.765 50.0626
      vertex -112.64 136.217 573
      vertex -113.212 137.009 573
    endloop
  endfacet
  facet normal -0.810246 -0.584963 0.0363258
    outer loop
      vertex -112.64 136.217 573
      vertex -111.934 102.765 50.0626
      vertex -111.362 101.976 50.1156
    endloop
  endfacet
  facet normal -0.164061 -0.984369 0.0640482
    outer loop
      vertex -111.809 135.704 573
      vertex -109.568 101.312 50.1635
      vertex -111.779 135.699 573
    endloop
  endfacet
  facet normal -0.158397 -0.98529 0.0641331
    outer loop
      vertex -109.568 101.312 50.1635
      vertex -111.809 135.704 573
      vertex -110.531 101.466 50.151
    endloop
  endfacet
  facet normal -0.599132 0.798842 -0.0537752
    outer loop
      vertex -112.748 139.775 573
      vertex -111.493 105.502 49.8844
      vertex -112.772 139.757 573
    endloop
  endfacet
  facet normal -0.585851 0.808592 -0.0543821
    outer loop
      vertex -111.493 105.502 49.8844
      vertex -112.748 139.775 573
      vertex -110.703 106.072 49.849
    endloop
  endfacet
  facet normal 0.00241046 -0.0653133 -0.997862
    outer loop
      vertex -109.754 106.298 49.8365
      vertex -111.493 105.502 49.8844
      vertex -110.703 106.072 49.849
    endloop
  endfacet
  facet normal 0.0022623 -0.0653925 -0.997857
    outer loop
      vertex -107.317 102.937 50.0626
      vertex -107.96 105.634 49.8844
      vertex -107.389 104.845 49.9374
    endloop
  endfacet
  facet normal 0.0025373 -0.0651299 -0.997874
    outer loop
      vertex -107.96 105.634 49.8844
      vertex -109.754 106.298 49.8365
      vertex -108.791 106.144 49.849
    endloop
  endfacet
  facet normal 0.52452 0.849661 -0.0543556
    outer loop
      vertex -107.96 105.634 49.8844
      vertex -110.07 140.402 573
      vertex -109.239 139.889 573
    endloop
  endfacet
  facet normal 0.523975 0.849996 -0.0543801
    outer loop
      vertex -110.07 140.402 573
      vertex -107.96 105.634 49.8844
      vertex -108.791 106.144 49.849
    endloop
  endfacet
  facet normal 0.00244081 -0.0657301 -0.997834
    outer loop
      vertex -109.568 101.312 50.1635
      vertex -110.531 101.466 50.151
      vertex -108.619 101.537 50.151
    endloop
  endfacet
  facet normal 0.00241539 -0.0653879 -0.997857
    outer loop
      vertex -111.934 102.765 50.0626
      vertex -112.159 103.712 50
      vertex -112.005 104.673 49.9374
    endloop
  endfacet
  facet normal 0.987264 -0.158576 0.0127966
    outer loop
      vertex -108.596 137.181 573
      vertex -107.163 103.898 50
      vertex -108.441 138.146 573
    endloop
  endfacet
  facet normal 0.987451 -0.15741 0.0127229
    outer loop
      vertex -107.163 103.898 50
      vertex -108.596 137.181 573
      vertex -107.317 102.937 50.0626
    endloop
  endfacet
  facet normal -0.972826 -0.231187 0.0127599
    outer loop
      vertex -112.159 103.712 50
      vertex -113.212 137.009 573
      vertex -113.438 137.96 573
    endloop
  endfacet
  facet normal -0.973026 -0.230344 0.0127059
    outer loop
      vertex -113.212 137.009 573
      vertex -112.159 103.712 50
      vertex -111.934 102.765 50.0626
    endloop
  endfacet
  facet normal -0.987264 0.158576 -0.0127963
    outer loop
      vertex -112.005 104.673 49.9374
      vertex -113.438 137.96 573
      vertex -113.283 138.925 573
    endloop
  endfacet
  facet normal -0.987451 0.15741 -0.0127226
    outer loop
      vertex -113.438 137.96 573
      vertex -112.005 104.673 49.9374
      vertex -112.159 103.712 50
    endloop
  endfacet
  facet normal 0.231334 -0.970758 0.0641338
    outer loop
      vertex -109.927 135.768 573
      vertex -110.846 135.549 573
      vertex -109.568 101.312 50.1635
    endloop
  endfacet
  facet normal 0.00242441 -0.0652884 -0.997863
    outer loop
      vertex -110.531 101.466 50.151
      vertex -111.934 102.765 50.0626
      vertex -108.619 101.537 50.151
    endloop
  endfacet
  facet normal 0.00256922 -0.0653822 -0.997857
    outer loop
      vertex -111.934 102.765 50.0626
      vertex -112.005 104.673 49.9374
      vertex -111.493 105.502 49.8844
    endloop
  endfacet
  facet normal 0.00243204 -0.0653602 -0.997859
    outer loop
      vertex -109.754 106.298 49.8365
      vertex -111.934 102.765 50.0626
      vertex -111.493 105.502 49.8844
    endloop
  endfacet
  facet normal 0.00246931 -0.0652402 -0.997867
    outer loop
      vertex -111.362 101.976 50.1156
      vertex -111.934 102.765 50.0626
      vertex -110.531 101.466 50.151
    endloop
  endfacet
  facet normal -0.0970209 0.992916 -0.0685926
    outer loop
      vertex -129.762 79.2828 49.8385
      vertex -141.345 114.292 573
      vertex -140.383 114.386 573
    endloop
  endfacet
  facet normal 0.020248 -0.0669158 -0.997553
    outer loop
      vertex -128.427 74.8722 50.1615
      vertex -129.288 74.4134 50.1748
      vertex -127.808 75.6245 50.1236
    endloop
  endfacet
  facet normal -0.0966177 0.992956 -0.0685863
    outer loop
      vertex -130.733 79.1874 49.8252
      vertex -141.345 114.292 573
      vertex -129.762 79.2828 49.8385
    endloop
  endfacet
  facet normal -0.11017 0.991531 -0.0687656
    outer loop
      vertex -141.345 114.292 573
      vertex -130.733 79.1874 49.8252
      vertex -141.354 114.291 573
    endloop
  endfacet
  facet normal 0.020255 -0.0669318 -0.997552
    outer loop
      vertex -129.762 79.2828 49.8385
      vertex -131.945 75.2181 50.0669
      vertex -131.593 78.7287 49.8385
    endloop
  endfacet
  facet normal -0.935487 0.350808 -0.0424109
    outer loop
      vertex -132.213 77.9763 49.8764
      vertex -143.117 112.142 573
      vertex -143.114 112.15 573
    endloop
  endfacet
  facet normal -0.956449 0.289305 -0.038831
    outer loop
      vertex -143.117 112.142 573
      vertex -132.213 77.9763 49.8764
      vertex -132.497 77.045 49.9331
    endloop
  endfacet
  facet normal 0.882384 0.470332 -0.0136451
    outer loop
      vertex -138.235 112.617 573
      vertex -128.076 78.3828 49.9331
      vertex -138.695 113.48 573
    endloop
  endfacet
  facet normal 0.882206 0.470664 -0.0136703
    outer loop
      vertex -128.076 78.3828 49.9331
      vertex -138.235 112.617 573
      vertex -127.617 77.5244 50
    endloop
  endfacet
  facet normal -0.650329 -0.758718 0.0376699
    outer loop
      vertex -142.561 110.306 573
      vertex -131.192 74.6006 50.1236
      vertex -142.554 110.3 573
    endloop
  endfacet
  facet normal -0.635373 -0.771228 0.0388494
    outer loop
      vertex -131.192 74.6006 50.1236
      vertex -142.561 110.306 573
      vertex -131.945 75.2181 50.0669
    endloop
  endfacet
  facet normal -0.995087 -0.0980635 -0.0136237
    outer loop
      vertex -143.022 111.178 573
      vertex -143.117 112.142 573
      vertex -132.497 77.045 49.9331
    endloop
  endfacet
  facet normal 0.650329 0.758718 -0.0376698
    outer loop
      vertex -128.076 78.3828 49.9331
      vertex -139.449 114.101 573
      vertex -139.442 114.095 573
    endloop
  endfacet
  facet normal 0.635373 0.771228 -0.0388493
    outer loop
      vertex -139.449 114.101 573
      vertex -128.076 78.3828 49.9331
      vertex -128.829 79.0003 49.8764
    endloop
  endfacet
  facet normal 0.0202604 -0.0669177 -0.997553
    outer loop
      vertex -127.523 76.5559 50.0669
      vertex -129.762 79.2828 49.8385
      vertex -128.829 79.0003 49.8764
    endloop
  endfacet
  facet normal -0.757935 0.649659 -0.0589783
    outer loop
      vertex -131.593 78.7287 49.8385
      vertex -142.22 113.825 573
      vertex -142.214 113.832 573
    endloop
  endfacet
  facet normal -0.77187 0.633115 -0.0581516
    outer loop
      vertex -142.22 113.825 573
      vertex -131.593 78.7287 49.8385
      vertex -132.213 77.9763 49.8764
    endloop
  endfacet
  facet normal 0.097143 -0.992904 0.068593
    outer loop
      vertex -130.259 74.3181 50.1615
      vertex -139.902 109.494 573
      vertex -140.873 109.399 573
    endloop
  endfacet
  facet normal 0.0965164 -0.992966 0.0685855
    outer loop
      vertex -139.902 109.494 573
      vertex -130.259 74.3181 50.1615
      vertex -129.288 74.4134 50.1748
    endloop
  endfacet
  facet normal 0.0202461 -0.0669135 -0.997553
    outer loop
      vertex -129.288 74.4134 50.1748
      vertex -131.192 74.6006 50.1236
      vertex -127.808 75.6245 50.1236
    endloop
  endfacet
  facet normal -0.772142 0.632785 -0.0581342
    outer loop
      vertex -132.213 77.9763 49.8764
      vertex -142.833 113.077 573
      vertex -142.22 113.825 573
    endloop
  endfacet
  facet normal 0.0202324 -0.0668572 -0.997557
    outer loop
      vertex -129.762 79.2828 49.8385
      vertex -131.593 78.7287 49.8385
      vertex -130.733 79.1874 49.8252
    endloop
  endfacet
  facet normal 0.216527 0.97437 -0.0609828
    outer loop
      vertex -128.829 79.0003 49.8764
      vertex -139.458 114.103 573
      vertex -139.449 114.101 573
    endloop
  endfacet
  facet normal 0.291466 0.954812 -0.0581478
    outer loop
      vertex -139.458 114.103 573
      vertex -128.829 79.0003 49.8764
      vertex -129.762 79.2828 49.8385
    endloop
  endfacet
  facet normal 0.292065 0.95463 -0.0581246
    outer loop
      vertex -129.762 79.2828 49.8385
      vertex -140.383 114.386 573
      vertex -139.458 114.103 573
    endloop
  endfacet
  facet normal -0.292065 -0.95463 0.0581253
    outer loop
      vertex -140.882 109.402 573
      vertex -141.807 109.685 573
      vertex -131.192 74.6006 50.1236
    endloop
  endfacet
  facet normal 0.0201988 -0.0668935 -0.997556
    outer loop
      vertex -131.593 78.7287 49.8385
      vertex -132.497 77.045 49.9331
      vertex -132.213 77.9763 49.8764
    endloop
  endfacet
  facet normal 0.0202741 -0.0669336 -0.997551
    outer loop
      vertex -131.945 75.2181 50.0669
      vertex -132.497 77.045 49.9331
      vertex -131.593 78.7287 49.8385
    endloop
  endfacet
  facet normal 0.771597 -0.633446 0.0581668
    outer loop
      vertex -139.042 109.954 573
      vertex -127.808 75.6245 50.1236
      vertex -138.423 110.708 573
    endloop
  endfacet
  facet normal 0.772332 -0.632554 0.058124
    outer loop
      vertex -127.808 75.6245 50.1236
      vertex -139.042 109.954 573
      vertex -128.427 74.8722 50.1615
    endloop
  endfacet
  facet normal 0.0202384 -0.0669898 -0.997548
    outer loop
      vertex -130.259 74.3181 50.1615
      vertex -131.192 74.6006 50.1236
      vertex -129.288 74.4134 50.1748
    endloop
  endfacet
  facet normal -0.635118 -0.771436 0.0388688
    outer loop
      vertex -141.807 109.685 573
      vertex -142.554 110.3 573
      vertex -131.192 74.6006 50.1236
    endloop
  endfacet
  facet normal 0.635118 0.771436 -0.0388687
    outer loop
      vertex -128.076 78.3828 49.9331
      vertex -139.442 114.095 573
      vertex -138.695 113.48 573
    endloop
  endfacet
  facet normal 0.956483 -0.289193 0.0388237
    outer loop
      vertex -138.423 110.708 573
      vertex -127.523 76.5559 50.0669
      vertex -138.14 111.644 573
    endloop
  endfacet
  facet normal 0.956172 -0.290213 0.0388838
    outer loop
      vertex -127.523 76.5559 50.0669
      vertex -138.423 110.708 573
      vertex -127.808 75.6245 50.1236
    endloop
  endfacet
  facet normal 0.995174 0.097165 0.0136845
    outer loop
      vertex -138.14 111.644 573
      vertex -127.617 77.5244 50
      vertex -138.235 112.617 573
    endloop
  endfacet
  facet normal 0.995139 0.0975291 0.01366
    outer loop
      vertex -127.617 77.5244 50
      vertex -138.14 111.644 573
      vertex -127.523 76.5559 50.0669
    endloop
  endfacet
  facet normal -0.469745 0.880133 -0.0685921
    outer loop
      vertex -141.354 114.291 573
      vertex -131.593 78.7287 49.8385
      vertex -142.214 113.832 573
    endloop
  endfacet
  facet normal -0.470332 0.87982 -0.0685818
    outer loop
      vertex -131.593 78.7287 49.8385
      vertex -141.354 114.291 573
      vertex -130.733 79.1874 49.8252
    endloop
  endfacet
  facet normal -0.993802 -0.110422 -0.0127913
    outer loop
      vertex -132.497 77.045 49.9331
      vertex -143.021 111.169 573
      vertex -143.022 111.178 573
    endloop
  endfacet
  facet normal -0.99514 -0.0975191 -0.01366
    outer loop
      vertex -143.021 111.169 573
      vertex -132.497 77.045 49.9331
      vertex -132.403 76.0764 50
    endloop
  endfacet
  facet normal 0.0202817 -0.0669314 -0.997551
    outer loop
      vertex -132.403 76.0764 50
      vertex -132.497 77.045 49.9331
      vertex -131.945 75.2181 50.0669
    endloop
  endfacet
  facet normal -0.956275 0.289874 -0.0388635
    outer loop
      vertex -132.213 77.9763 49.8764
      vertex -143.114 112.15 573
      vertex -142.833 113.077 573
    endloop
  endfacet
  facet normal -0.882384 -0.470332 0.0136444
    outer loop
      vertex -132.403 76.0764 50
      vertex -142.561 110.306 573
      vertex -143.021 111.169 573
    endloop
  endfacet
  facet normal -0.882609 -0.469911 0.0136124
    outer loop
      vertex -142.561 110.306 573
      vertex -132.403 76.0764 50
      vertex -131.945 75.2181 50.0669
    endloop
  endfacet
  facet normal -0.315711 -0.947133 0.0571406
    outer loop
      vertex -140.882 109.402 573
      vertex -130.259 74.3181 50.1615
      vertex -140.873 109.399 573
    endloop
  endfacet
  facet normal -0.291466 -0.954812 0.0581485
    outer loop
      vertex -130.259 74.3181 50.1615
      vertex -140.882 109.402 573
      vertex -131.192 74.6006 50.1236
    endloop
  endfacet
  facet normal 0.0201941 -0.0669468 -0.997552
    outer loop
      vertex -127.523 76.5559 50.0669
      vertex -128.076 78.3828 49.9331
      vertex -127.617 77.5244 50
    endloop
  endfacet
  facet normal 0.0202213 -0.0669386 -0.997552
    outer loop
      vertex -127.523 76.5559 50.0669
      vertex -128.829 79.0003 49.8764
      vertex -128.076 78.3828 49.9331
    endloop
  endfacet
  facet normal 0.020249 -0.0669231 -0.997553
    outer loop
      vertex -127.808 75.6245 50.1236
      vertex -131.192 74.6006 50.1236
      vertex -127.523 76.5559 50.0669
    endloop
  endfacet
  facet normal 0.470542 -0.879709 0.0685794
    outer loop
      vertex -129.288 74.4134 50.1748
      vertex -139.042 109.954 573
      vertex -139.902 109.494 573
    endloop
  endfacet
  facet normal 0.469987 -0.880005 0.0685892
    outer loop
      vertex -139.042 109.954 573
      vertex -129.288 74.4134 50.1748
      vertex -128.427 74.8722 50.1615
    endloop
  endfacet
  facet normal 0.0202431 -0.0669121 -0.997554
    outer loop
      vertex -131.192 74.6006 50.1236
      vertex -131.945 75.2181 50.0669
      vertex -127.523 76.5559 50.0669
    endloop
  endfacet
  facet normal 0.0202479 -0.066928 -0.997552
    outer loop
      vertex -127.523 76.5559 50.0669
      vertex -131.945 75.2181 50.0669
      vertex -129.762 79.2828 49.8385
    endloop
  endfacet
  facet normal -0.284655 0.956482 -0.0641316
    outer loop
      vertex -145.006 48.1505 49.8365
      vertex -160.088 78.7398 573
      vertex -144.071 48.4296 49.849
    endloop
  endfacet
  facet normal -0.283728 0.956758 -0.064121
    outer loop
      vertex -160.088 78.7398 573
      vertex -145.006 48.1505 49.8365
      vertex -160.117 78.7312 573
    endloop
  endfacet
  facet normal 0.994611 -0.0971933 0.0360817
    outer loop
      vertex -157.365 76.447 573
      vertex -141.352 46.1799 50.0626
      vertex -157.362 76.4777 573
    endloop
  endfacet
  facet normal 0.994156 -0.101656 0.0363261
    outer loop
      vertex -141.352 46.1799 50.0626
      vertex -157.365 76.447 573
      vertex -141.453 45.2111 50.1156
    endloop
  endfacet
  facet normal -0.285011 0.956376 -0.0641357
    outer loop
      vertex -145.006 48.1505 49.8365
      vertex -161.022 78.4615 573
      vertex -160.117 78.7312 573
    endloop
  endfacet
  facet normal -0.994548 0.0978244 -0.036122
    outer loop
      vertex -146.228 46.6786 49.8844
      vertex -162.342 76.015 573
      vertex -162.339 76.0455 573
    endloop
  endfacet
  facet normal -0.994156 0.101656 -0.0363248
    outer loop
      vertex -162.342 76.015 573
      vertex -146.228 46.6786 49.8844
      vertex -146.329 45.7098 49.9374
    endloop
  endfacet
  facet normal 0.958068 0.286258 0.0127467
    outer loop
      vertex -141.63 47.1128 50
      vertex -157.642 77.4143 573
      vertex -157.371 76.5073 573
    endloop
  endfacet
  facet normal 0.994181 -0.101415 0.0363124
    outer loop
      vertex -157.365 76.447 573
      vertex -157.461 75.5059 573
      vertex -141.453 45.2111 50.1156
    endloop
  endfacet
  facet normal 0.629625 -0.774247 0.0641346
    outer loop
      vertex -142.675 43.7392 50.1635
      vertex -157.925 74.6468 573
      vertex -158.682 74.0312 573
    endloop
  endfacet
  facet normal 0.629832 -0.774079 0.0641307
    outer loop
      vertex -157.925 74.6468 573
      vertex -142.675 43.7392 50.1635
      vertex -141.918 44.3541 50.151
    endloop
  endfacet
  facet normal 0.0305912 -0.0578427 -0.997857
    outer loop
      vertex -141.352 46.1799 50.0626
      vertex -142.244 47.868 49.9374
      vertex -141.63 47.1128 50
    endloop
  endfacet
  facet normal 0.776665 0.629786 -0.0127103
    outer loop
      vertex -141.63 47.1128 50
      vertex -158.238 78.1493 573
      vertex -157.642 77.4143 573
    endloop
  endfacet
  facet normal 0.956678 0.290882 0.012445
    outer loop
      vertex -157.362 76.4777 573
      vertex -141.63 47.1128 50
      vertex -157.371 76.5073 573
    endloop
  endfacet
  facet normal 0.958041 0.286347 0.0127406
    outer loop
      vertex -141.63 47.1128 50
      vertex -157.362 76.4777 573
      vertex -141.352 46.1799 50.0626
    endloop
  endfacet
  facet normal 0.0305662 -0.0578134 -0.997859
    outer loop
      vertex -141.352 46.1799 50.0626
      vertex -145.006 48.1505 49.8365
      vertex -143.102 48.3304 49.8844
    endloop
  endfacet
  facet normal -0.958085 -0.2862 -0.0127487
    outer loop
      vertex -162.062 75.0784 573
      vertex -162.333 75.9856 573
      vertex -146.051 44.7769 50
    endloop
  endfacet
  facet normal 0.0304163 -0.0579351 -0.997857
    outer loop
      vertex -141.352 46.1799 50.0626
      vertex -143.102 48.3304 49.8844
      vertex -142.244 47.868 49.9374
    endloop
  endfacet
  facet normal 0.103656 0.993126 -0.0543662
    outer loop
      vertex -144.071 48.4296 49.849
      vertex -159.117 78.6386 573
      vertex -143.102 48.3304 49.8844
    endloop
  endfacet
  facet normal 0.102634 0.99323 -0.0544016
    outer loop
      vertex -159.117 78.6386 573
      vertex -144.071 48.4296 49.849
      vertex -159.147 78.6417 573
    endloop
  endfacet
  facet normal 0.103535 0.993139 -0.0543703
    outer loop
      vertex -144.071 48.4296 49.849
      vertex -160.088 78.7398 573
      vertex -159.147 78.6417 573
    endloop
  endfacet
  facet normal -0.62931 0.774503 -0.0641386
    outer loop
      vertex -145.006 48.1505 49.8365
      vertex -161.756 77.8651 573
      vertex -161.022 78.4615 573
    endloop
  endfacet
  facet normal 0.0304046 -0.0577161 -0.99787
    outer loop
      vertex -145.006 48.1505 49.8365
      vertex -146.228 46.6786 49.8844
      vertex -145.763 47.5356 49.849
    endloop
  endfacet
  facet normal 0.289775 -0.95494 0.0641888
    outer loop
      vertex -143.61 43.4601 50.151
      vertex -158.682 74.0312 573
      vertex -158.711 74.0224 573
    endloop
  endfacet
  facet normal 0.284655 -0.956482 0.0641314
    outer loop
      vertex -158.682 74.0312 573
      vertex -143.61 43.4601 50.151
      vertex -142.675 43.7392 50.1635
    endloop
  endfacet
  facet normal 0.0305058 -0.057829 -0.99786
    outer loop
      vertex -143.61 43.4601 50.151
      vertex -145.437 44.0217 50.0626
      vertex -145.006 48.1505 49.8365
    endloop
  endfacet
  facet normal 0.878566 -0.474514 0.0543894
    outer loop
      vertex -157.925 74.6468 573
      vertex -141.453 45.2111 50.1156
      vertex -157.461 75.5059 573
    endloop
  endfacet
  facet normal 0.878591 -0.474468 0.0543877
    outer loop
      vertex -141.453 45.2111 50.1156
      vertex -157.925 74.6468 573
      vertex -141.918 44.3541 50.151
    endloop
  endfacet
  facet normal 0.0305519 -0.0576591 -0.997869
    outer loop
      vertex -143.102 48.3304 49.8844
      vertex -145.006 48.1505 49.8365
      vertex -144.071 48.4296 49.849
    endloop
  endfacet
  facet normal -0.476133 -0.878622 0.0363288
    outer loop
      vertex -161.446 74.3196 573
      vertex -144.579 43.5593 50.1156
      vertex -160.587 73.8541 573
    endloop
  endfacet
  facet normal -0.475843 -0.878779 0.0363473
    outer loop
      vertex -144.579 43.5593 50.1156
      vertex -161.446 74.3196 573
      vertex -145.437 44.0217 50.0626
    endloop
  endfacet
  facet normal 0.0305912 -0.0578427 -0.997857
    outer loop
      vertex -146.051 44.7769 50
      vertex -146.329 45.7098 49.9374
      vertex -145.437 44.0217 50.0626
    endloop
  endfacet
  facet normal -0.956127 -0.292692 -0.0123128
    outer loop
      vertex -146.329 45.7098 49.9374
      vertex -162.333 75.9856 573
      vertex -162.342 76.015 573
    endloop
  endfacet
  facet normal -0.958041 -0.286347 -0.0127387
    outer loop
      vertex -162.333 75.9856 573
      vertex -146.329 45.7098 49.9374
      vertex -146.051 44.7769 50
    endloop
  endfacet
  facet normal -0.878799 0.474085 -0.0543716
    outer loop
      vertex -146.228 46.6786 49.8844
      vertex -162.243 76.9868 573
      vertex -161.794 77.8191 573
    endloop
  endfacet
  facet normal -0.994184 0.101393 -0.0363111
    outer loop
      vertex -146.228 46.6786 49.8844
      vertex -162.339 76.0455 573
      vertex -162.243 76.9868 573
    endloop
  endfacet
  facet normal -0.8713 0.487668 -0.0549289
    outer loop
      vertex -145.763 47.5356 49.849
      vertex -161.794 77.8191 573
      vertex -161.779 77.8459 573
    endloop
  endfacet
  facet normal -0.878591 0.474468 -0.0543882
    outer loop
      vertex -161.794 77.8191 573
      vertex -145.763 47.5356 49.849
      vertex -146.228 46.6786 49.8844
    endloop
  endfacet
  facet normal -0.639528 0.766102 -0.0639652
    outer loop
      vertex -161.756 77.8651 573
      vertex -145.763 47.5356 49.849
      vertex -161.779 77.8459 573
    endloop
  endfacet
  facet normal -0.629832 0.774079 -0.0641313
    outer loop
      vertex -145.763 47.5356 49.849
      vertex -161.756 77.8651 573
      vertex -145.006 48.1505 49.8365
    endloop
  endfacet
  facet normal 0.476134 0.878622 -0.0363282
    outer loop
      vertex -142.244 47.868 49.9374
      vertex -159.117 78.6386 573
      vertex -158.258 78.1731 573
    endloop
  endfacet
  facet normal 0.475843 0.878779 -0.0363468
    outer loop
      vertex -159.117 78.6386 573
      vertex -142.244 47.868 49.9374
      vertex -143.102 48.3304 49.8844
    endloop
  endfacet
  facet normal 0.765505 0.643281 -0.0138337
    outer loop
      vertex -158.238 78.1493 573
      vertex -142.244 47.868 49.9374
      vertex -158.258 78.1731 573
    endloop
  endfacet
  facet normal 0.776367 0.630153 -0.0127416
    outer loop
      vertex -142.244 47.868 49.9374
      vertex -158.238 78.1493 573
      vertex -141.63 47.1128 50
    endloop
  endfacet
  facet normal 0.0305775 -0.0577926 -0.99786
    outer loop
      vertex -141.918 44.3541 50.151
      vertex -145.006 48.1505 49.8365
      vertex -141.352 46.1799 50.0626
    endloop
  endfacet
  facet normal 0.0305047 -0.0577702 -0.997864
    outer loop
      vertex -141.453 45.2111 50.1156
      vertex -141.918 44.3541 50.151
      vertex -141.352 46.1799 50.0626
    endloop
  endfacet
  facet normal -0.103431 -0.993149 0.0543747
    outer loop
      vertex -159.616 73.7529 573
      vertex -160.557 73.8509 573
      vertex -143.61 43.4601 50.151
    endloop
  endfacet
  facet normal 0.284817 -0.956434 0.0641329
    outer loop
      vertex -158.711 74.0224 573
      vertex -159.616 73.7529 573
      vertex -143.61 43.4601 50.151
    endloop
  endfacet
  facet normal 0.0306922 -0.0577894 -0.997857
    outer loop
      vertex -145.437 44.0217 50.0626
      vertex -146.329 45.7098 49.9374
      vertex -146.228 46.6786 49.8844
    endloop
  endfacet
  facet normal 0.0305459 -0.0578331 -0.997859
    outer loop
      vertex -145.437 44.0217 50.0626
      vertex -146.228 46.6786 49.8844
      vertex -145.006 48.1505 49.8365
    endloop
  endfacet
  facet normal 0.0306636 -0.0580345 -0.997844
    outer loop
      vertex -142.675 43.7392 50.1635
      vertex -143.61 43.4601 50.151
      vertex -141.918 44.3541 50.151
    endloop
  endfacet
  facet normal 0.0305483 -0.0578163 -0.99786
    outer loop
      vertex -143.61 43.4601 50.151
      vertex -145.006 48.1505 49.8365
      vertex -141.918 44.3541 50.151
    endloop
  endfacet
  facet normal 0.0305486 -0.0576909 -0.997867
    outer loop
      vertex -144.579 43.5593 50.1156
      vertex -145.437 44.0217 50.0626
      vertex -143.61 43.4601 50.151
    endloop
  endfacet
  facet normal -0.105909 -0.992893 0.0542837
    outer loop
      vertex -144.579 43.5593 50.1156
      vertex -160.557 73.8509 573
      vertex -160.587 73.8541 573
    endloop
  endfacet
  facet normal -0.103656 -0.993126 0.0543661
    outer loop
      vertex -160.557 73.8509 573
      vertex -144.579 43.5593 50.1156
      vertex -143.61 43.4601 50.151
    endloop
  endfacet
  facet normal -0.776314 -0.630218 0.0127476
    outer loop
      vertex -146.051 44.7769 50
      vertex -161.446 74.3196 573
      vertex -162.062 75.0784 573
    endloop
  endfacet
  facet normal -0.776367 -0.630153 0.0127424
    outer loop
      vertex -161.446 74.3196 573
      vertex -146.051 44.7769 50
      vertex -145.437 44.0217 50.0626
    endloop
  endfacet
  facet normal -0.517907 0.852683 -0.0685873
    outer loop
      vertex -151.311 15.1298 49.8385
      vertex -176.937 41.6465 573
      vertex -176.111 42.1482 573
    endloop
  endfacet
  facet normal 0.047256 -0.0514899 -0.997555
    outer loop
      vertex -148.771 10.9482 50.1748
      vertex -150.568 10.2909 50.1236
      vertex -147.963 12.6817 50.1236
    endloop
  endfacet
  facet normal -0.517965 0.852647 -0.0685883
    outer loop
      vertex -152.144 14.6227 49.8252
      vertex -176.937 41.6465 573
      vertex -151.311 15.1298 49.8385
    endloop
  endfacet
  facet normal -0.505363 0.860193 -0.0683809
    outer loop
      vertex -176.937 41.6465 573
      vertex -152.144 14.6227 49.8252
      vertex -176.945 41.6418 573
    endloop
  endfacet
  facet normal 0.0472631 -0.0514975 -0.997554
    outer loop
      vertex -147.963 12.6817 50.1236
      vertex -150.568 10.2909 50.1236
      vertex -148.111 13.6442 50.0669
    endloop
  endfacet
  facet normal 0.970148 -0.235438 0.0581486
    outer loop
      vertex -172.752 39.6762 573
      vertex -172.98 38.7367 573
      vertex -148.195 11.735 50.1615
    endloop
  endfacet
  facet normal -0.151513 0.986744 -0.0581424
    outer loop
      vertex -151.311 15.1298 49.8385
      vertex -175.146 42.2965 573
      vertex -150.348 15.2799 49.8764
    endloop
  endfacet
  facet normal -0.153446 0.986441 -0.0582148
    outer loop
      vertex -175.146 42.2965 573
      vertex -151.311 15.1298 49.8385
      vertex -175.155 42.2951 573
    endloop
  endfacet
  facet normal 0.0472813 -0.0515089 -0.997553
    outer loop
      vertex -151.514 10.5205 50.0669
      vertex -152.721 13.8359 49.8385
      vertex -148.111 13.6442 50.0669
    endloop
  endfacet
  facet normal 0.0472807 -0.0515231 -0.997552
    outer loop
      vertex -148.111 13.6442 50.0669
      vertex -152.721 13.8359 49.8385
      vertex -151.311 15.1298 49.8385
    endloop
  endfacet
  facet normal 0.0473005 -0.0514917 -0.997553
    outer loop
      vertex -152.805 11.9267 49.9331
      vertex -152.953 12.8892 49.8764
      vertex -151.514 10.5205 50.0669
    endloop
  endfacet
  facet normal 0.0472081 -0.0515765 -0.997553
    outer loop
      vertex -148.111 13.6442 50.0669
      vertex -149.402 15.0504 49.9331
      vertex -148.616 14.4759 50
    endloop
  endfacet
  facet normal 0.151676 -0.986718 0.0581485
    outer loop
      vertex -174.399 37.4414 573
      vertex -175.354 37.2946 573
      vertex -150.568 10.2909 50.1236
    endloop
  endfacet
  facet normal 0.591018 0.806543 -0.0136374
    outer loop
      vertex -149.402 15.0504 49.9331
      vertex -174.197 42.0639 573
      vertex -173.416 41.4916 573
    endloop
  endfacet
  facet normal 0.52108 -0.850743 0.068637
    outer loop
      vertex -149.605 10.4411 50.1615
      vertex -174.381 37.4478 573
      vertex -174.389 37.4429 573
    endloop
  endfacet
  facet normal 0.517512 -0.852923 0.0685805
    outer loop
      vertex -174.381 37.4478 573
      vertex -149.605 10.4411 50.1615
      vertex -148.771 10.9482 50.1748
    endloop
  endfacet
  facet normal -0.237874 -0.970519 0.038846
    outer loop
      vertex -151.514 10.5205 50.0669
      vertex -175.354 37.2946 573
      vertex -176.303 37.5272 573
    endloop
  endfacet
  facet normal -0.237879 -0.970518 0.0388457
    outer loop
      vertex -175.354 37.2946 573
      vertex -151.514 10.5205 50.0669
      vertex -150.568 10.2909 50.1236
    endloop
  endfacet
  facet normal 0.23788 0.970517 -0.0388456
    outer loop
      vertex -149.402 15.0504 49.9331
      vertex -175.137 42.2943 573
      vertex -174.197 42.0639 573
    endloop
  endfacet
  facet normal -0.151622 0.986727 -0.0581465
    outer loop
      vertex -151.311 15.1298 49.8385
      vertex -176.111 42.1482 573
      vertex -175.155 42.2951 573
    endloop
  endfacet
  facet normal 0.237782 0.970541 -0.0388516
    outer loop
      vertex -150.348 15.2799 49.8764
      vertex -175.137 42.2943 573
      vertex -149.402 15.0504 49.9331
    endloop
  endfacet
  facet normal 0.237274 0.970664 -0.0388821
    outer loop
      vertex -175.137 42.2943 573
      vertex -150.348 15.2799 49.8764
      vertex -175.146 42.2965 573
    endloop
  endfacet
  facet normal 0.836761 -0.543351 0.0678294
    outer loop
      vertex -173.555 37.9493 573
      vertex -148.195 11.735 50.1615
      vertex -173.55 37.957 573
    endloop
  endfacet
  facet normal 0.80554 -0.58856 0.0685817
    outer loop
      vertex -148.195 11.735 50.1615
      vertex -173.555 37.9493 573
      vertex -148.771 10.9482 50.1748
    endloop
  endfacet
  facet normal -0.987245 -0.154401 -0.0388251
    outer loop
      vertex -152.953 12.8892 49.8764
      vertex -177.6 38.9402 573
      vertex -177.751 39.9057 573
    endloop
  endfacet
  facet normal -0.987291 -0.1541 -0.0388423
    outer loop
      vertex -177.6 38.9402 573
      vertex -152.953 12.8892 49.8764
      vertex -152.805 11.9267 49.9331
    endloop
  endfacet
  facet normal 0.0472869 -0.0515149 -0.997552
    outer loop
      vertex -150.568 10.2909 50.1236
      vertex -151.514 10.5205 50.0669
      vertex -148.111 13.6442 50.0669
    endloop
  endfacet
  facet normal 0.948961 -0.309444 0.0609649
    outer loop
      vertex -172.752 39.6762 573
      vertex -147.963 12.6817 50.1236
      vertex -172.749 39.6854 573
    endloop
  endfacet
  facet normal 0.970153 -0.23542 0.0581479
    outer loop
      vertex -147.963 12.6817 50.1236
      vertex -172.752 39.6762 573
      vertex -148.195 11.735 50.1615
    endloop
  endfacet
  facet normal -0.969967 0.236178 -0.0581759
    outer loop
      vertex -152.721 13.8359 49.8385
      vertex -177.751 39.9057 573
      vertex -177.52 40.8544 573
    endloop
  endfacet
  facet normal -0.970153 0.23542 -0.058147
    outer loop
      vertex -177.751 39.9057 573
      vertex -152.721 13.8359 49.8385
      vertex -152.953 12.8892 49.8764
    endloop
  endfacet
  facet normal 0.0473162 -0.0515618 -0.997548
    outer loop
      vertex -151.311 15.1298 49.8385
      vertex -152.721 13.8359 49.8385
      vertex -152.144 14.6227 49.8252
    endloop
  endfacet
  facet normal 0.0472973 -0.0514946 -0.997553
    outer loop
      vertex -148.111 13.6442 50.0669
      vertex -150.348 15.2799 49.8764
      vertex -149.402 15.0504 49.9331
    endloop
  endfacet
  facet normal 0.0472881 -0.0515071 -0.997552
    outer loop
      vertex -148.111 13.6442 50.0669
      vertex -151.311 15.1298 49.8385
      vertex -150.348 15.2799 49.8764
    endloop
  endfacet
  facet normal 0.566459 0.82394 -0.0157001
    outer loop
      vertex -148.616 14.4759 50
      vertex -173.416 41.4916 573
      vertex -173.408 41.4861 573
    endloop
  endfacet
  facet normal 0.590796 0.806705 -0.0136558
    outer loop
      vertex -173.416 41.4916 573
      vertex -148.616 14.4759 50
      vertex -149.402 15.0504 49.9331
    endloop
  endfacet
  facet normal 0.854293 0.519613 0.0136611
    outer loop
      vertex -172.9 40.6509 573
      vertex -148.616 14.4759 50
      vertex -173.408 41.4861 573
    endloop
  endfacet
  facet normal 0.854203 0.519761 0.0136495
    outer loop
      vertex -148.616 14.4759 50
      vertex -172.9 40.6509 573
      vertex -148.111 13.6442 50.0669
    endloop
  endfacet
  facet normal 0.0473764 -0.0515457 -0.997546
    outer loop
      vertex -148.195 11.735 50.1615
      vertex -148.771 10.9482 50.1748
      vertex -147.963 12.6817 50.1236
    endloop
  endfacet
  facet normal 0.805382 -0.588775 0.0685858
    outer loop
      vertex -172.98 38.7367 573
      vertex -173.55 37.957 573
      vertex -148.195 11.735 50.1615
    endloop
  endfacet
  facet normal -0.854293 -0.519613 -0.013661
    outer loop
      vertex -152.805 11.9267 49.9331
      vertex -177.092 38.105 573
      vertex -177.6 38.9402 573
    endloop
  endfacet
  facet normal -0.85423 -0.519716 -0.013653
    outer loop
      vertex -177.092 38.105 573
      vertex -152.805 11.9267 49.9331
      vertex -152.3 11.0949 50
    endloop
  endfacet
  facet normal 0.148091 -0.987271 0.0580138
    outer loop
      vertex -150.568 10.2909 50.1236
      vertex -174.389 37.4429 573
      vertex -174.399 37.4414 573
    endloop
  endfacet
  facet normal 0.151613 -0.986728 0.0581461
    outer loop
      vertex -174.389 37.4429 573
      vertex -150.568 10.2909 50.1236
      vertex -149.605 10.4411 50.1615
    endloop
  endfacet
  facet normal 0.0473162 -0.0516553 -0.997543
    outer loop
      vertex -149.605 10.4411 50.1615
      vertex -150.568 10.2909 50.1236
      vertex -148.771 10.9482 50.1748
    endloop
  endfacet
  facet normal 0.0472587 -0.0515171 -0.997553
    outer loop
      vertex -151.514 10.5205 50.0669
      vertex -152.953 12.8892 49.8764
      vertex -152.721 13.8359 49.8385
    endloop
  endfacet
  facet normal -0.805689 0.588356 -0.0685789
    outer loop
      vertex -152.144 14.6227 49.8252
      vertex -177.52 40.8544 573
      vertex -176.945 41.6418 573
    endloop
  endfacet
  facet normal -0.805052 0.589226 -0.0685916
    outer loop
      vertex -177.52 40.8544 573
      vertex -152.144 14.6227 49.8252
      vertex -152.721 13.8359 49.8385
    endloop
  endfacet
  facet normal 0.517756 -0.852775 0.0685849
    outer loop
      vertex -173.555 37.9493 573
      vertex -174.381 37.4478 573
      vertex -148.771 10.9482 50.1748
    endloop
  endfacet
  facet normal 0.987245 0.154401 0.0388252
    outer loop
      vertex -172.749 39.6854 573
      vertex -148.111 13.6442 50.0669
      vertex -172.9 40.6509 573
    endloop
  endfacet
  facet normal 0.987291 0.1541 0.0388423
    outer loop
      vertex -148.111 13.6442 50.0669
      vertex -172.749 39.6854 573
      vertex -147.963 12.6817 50.1236
    endloop
  endfacet
  facet normal 0.047228 -0.0515582 -0.997553
    outer loop
      vertex -152.3 11.0949 50
      vertex -152.805 11.9267 49.9331
      vertex -151.514 10.5205 50.0669
    endloop
  endfacet
  facet normal -0.590776 -0.80672 0.0136577
    outer loop
      vertex -177.092 38.105 573
      vertex -151.514 10.5205 50.0669
      vertex -176.303 37.5272 573
    endloop
  endfacet
  facet normal -0.59073 -0.806754 0.0136618
    outer loop
      vertex -151.514 10.5205 50.0669
      vertex -177.092 38.105 573
      vertex -152.3 11.0949 50
    endloop
  endfacet
  facet normal -0.67149 0.738234 -0.0641314
    outer loop
      vertex -151.538 -19.5336 49.8365
      vertex -178.398 1.48277 573
      vertex -150.817 -18.8767 49.849
    endloop
  endfacet
  facet normal -0.671848 0.737907 -0.0641367
    outer loop
      vertex -178.398 1.48277 573
      vertex -151.538 -19.5336 49.8365
      vertex -179.119 0.826315 573
    endloop
  endfacet
  facet normal 0.052569 -0.0388578 -0.997861
    outer loop
      vertex -150.134 -23.4404 50.0626
      vertex -151.538 -19.5336 49.8365
      vertex -148.244 -23.1536 50.151
    endloop
  endfacet
  facet normal 0.997488 -0.0454286 0.0543563
    outer loop
      vertex -174.63 -0.322348 573
      vertex -174.673 -1.26651 573
      vertex -147.108 -21.6142 50.151
    endloop
  endfacet
  facet normal 0.0526259 -0.0387843 -0.997861
    outer loop
      vertex -147.108 -21.6142 50.151
      vertex -151.538 -19.5336 49.8365
      vertex -147.391 -19.7238 50.0626
    endloop
  endfacet
  facet normal 0.752072 0.658932 0.0140067
    outer loop
      vertex -147.391 -19.7238 50.0626
      vertex -174.981 0.650107 573
      vertex -174.961 0.62728 573
    endloop
  endfacet
  facet normal 0.739095 0.67348 0.0127553
    outer loop
      vertex -174.981 0.650107 573
      vertex -147.391 -19.7238 50.0626
      vertex -148.046 -19.0038 50
    endloop
  endfacet
  facet normal -0.944097 -0.327584 -0.037001
    outer loop
      vertex -152 -21.3898 49.8844
      vertex -179.247 -1.95046 573
      vertex -179.257 -1.92164 573
    endloop
  endfacet
  facet normal -0.939589 -0.340375 -0.0362909
    outer loop
      vertex -179.247 -1.95046 573
      vertex -152 -21.3898 49.8844
      vertex -151.67 -22.3064 49.9374
    endloop
  endfacet
  facet normal 0.0527623 -0.0387027 -0.997857
    outer loop
      vertex -151.67 -22.3064 49.9374
      vertex -152 -21.3898 49.8844
      vertex -150.134 -23.4404 50.0626
    endloop
  endfacet
  facet normal 0.671372 -0.73834 0.0641304
    outer loop
      vertex -175.111 -2.17035 573
      vertex -175.81 -2.80595 573
      vertex -148.244 -23.1536 50.151
    endloop
  endfacet
  facet normal 0.0477363 0.998199 -0.0363301
    outer loop
      vertex -148.927 -18.5899 49.9374
      vertex -177.449 1.81131 573
      vertex -176.503 1.76607 573
    endloop
  endfacet
  facet normal 0.0525677 -0.0389697 -0.997857
    outer loop
      vertex -147.391 -19.7238 50.0626
      vertex -149.9 -18.5453 49.8844
      vertex -148.927 -18.5899 49.9374
    endloop
  endfacet
  facet normal 0.0527981 -0.0389623 -0.997845
    outer loop
      vertex -147.523 -22.4967 50.1635
      vertex -148.244 -23.1536 50.151
      vertex -147.108 -21.6142 50.151
    endloop
  endfacet
  facet normal 0.0526081 -0.0388221 -0.99786
    outer loop
      vertex -148.244 -23.1536 50.151
      vertex -151.538 -19.5336 49.8365
      vertex -147.108 -21.6142 50.151
    endloop
  endfacet
  facet normal -0.426005 -0.904631 0.0127461
    outer loop
      vertex -151.015 -23.0265 50
      vertex -177.704 -3.08925 573
      vertex -178.588 -2.67296 573
    endloop
  endfacet
  facet normal -0.425926 -0.904668 0.0127516
    outer loop
      vertex -177.704 -3.08925 573
      vertex -151.015 -23.0265 50
      vertex -150.134 -23.4404 50.0626
    endloop
  endfacet
  facet normal 0.0526073 -0.0388439 -0.99786
    outer loop
      vertex -150.134 -23.4404 50.0626
      vertex -152 -21.3898 49.8844
      vertex -151.538 -19.5336 49.8365
    endloop
  endfacet
  facet normal -0.903185 0.424433 -0.0641344
    outer loop
      vertex -151.953 -20.4161 49.849
      vertex -179.534 -0.0566634 573
      vertex -179.132 0.798784 573
    endloop
  endfacet
  facet normal -0.902395 0.426107 -0.0641567
    outer loop
      vertex -151.538 -19.5336 49.8365
      vertex -179.132 0.798784 573
      vertex -179.119 0.826315 573
    endloop
  endfacet
  facet normal -0.903422 0.42393 -0.0641263
    outer loop
      vertex -179.132 0.798784 573
      vertex -151.538 -19.5336 49.8365
      vertex -151.953 -20.4161 49.849
    endloop
  endfacet
  facet normal 0.0526431 -0.0388675 -0.997857
    outer loop
      vertex -147.391 -19.7238 50.0626
      vertex -148.927 -18.5899 49.9374
      vertex -148.046 -19.0038 50
    endloop
  endfacet
  facet normal 0.0526226 -0.038853 -0.997858
    outer loop
      vertex -147.391 -19.7238 50.0626
      vertex -151.538 -19.5336 49.8365
      vertex -149.9 -18.5453 49.8844
    endloop
  endfacet
  facet normal 0.738863 0.673735 0.0127337
    outer loop
      vertex -148.046 -19.0038 50
      vertex -175.619 1.34978 573
      vertex -174.981 0.650107 573
    endloop
  endfacet
  facet normal 0.0524743 -0.0386064 -0.997876
    outer loop
      vertex -149.9 -18.5453 49.8844
      vertex -151.538 -19.5336 49.8365
      vertex -150.817 -18.8767 49.849
    endloop
  endfacet
  facet normal 0.047734 0.998199 -0.0363303
    outer loop
      vertex -149.9 -18.5453 49.8844
      vertex -177.449 1.81131 573
      vertex -148.927 -18.5899 49.9374
    endloop
  endfacet
  facet normal 0.0485771 0.99816 -0.0362843
    outer loop
      vertex -177.449 1.81131 573
      vertex -149.9 -18.5453 49.8844
      vertex -177.479 1.81277 573
    endloop
  endfacet
  facet normal 0.0524528 -0.0388106 -0.997869
    outer loop
      vertex -147.108 -21.6142 50.151
      vertex -147.391 -19.7238 50.0626
      vertex -147.061 -20.6405 50.1156
    endloop
  endfacet
  facet normal 0.934534 0.3541 0.0354895
    outer loop
      vertex -174.95 0.598249 573
      vertex -147.391 -19.7238 50.0626
      vertex -174.961 0.62728 573
    endloop
  endfacet
  facet normal 0.939601 0.340342 0.0362912
    outer loop
      vertex -147.391 -19.7238 50.0626
      vertex -174.95 0.598249 573
      vertex -147.061 -20.6405 50.1156
    endloop
  endfacet
  facet normal 0.33775 -0.939664 0.0543759
    outer loop
      vertex -175.81 -2.80595 573
      vertex -176.699 -3.12549 573
      vertex -148.244 -23.1536 50.151
    endloop
  endfacet
  facet normal 0.052572 -0.0388785 -0.99786
    outer loop
      vertex -149.161 -23.485 50.1156
      vertex -150.134 -23.4404 50.0626
      vertex -148.244 -23.1536 50.151
    endloop
  endfacet
  facet normal -0.738943 -0.673648 -0.0127414
    outer loop
      vertex -178.588 -2.67296 573
      vertex -179.226 -1.97312 573
      vertex -151.015 -23.0265 50
    endloop
  endfacet
  facet normal -0.997489 0.0454082 -0.0543557
    outer loop
      vertex -151.953 -20.4161 49.849
      vertex -179.577 -1.00125 573
      vertex -179.534 -0.0566634 573
    endloop
  endfacet
  facet normal 0.052477 -0.0388117 -0.997868
    outer loop
      vertex -151.538 -19.5336 49.8365
      vertex -152 -21.3898 49.8844
      vertex -151.953 -20.4161 49.849
    endloop
  endfacet
  facet normal -0.0477656 -0.998198 0.0363286
    outer loop
      vertex -176.759 -3.13447 573
      vertex -177.704 -3.08925 573
      vertex -150.134 -23.4404 50.0626
    endloop
  endfacet
  facet normal 0.670424 -0.739202 0.0641163
    outer loop
      vertex -148.244 -23.1536 50.151
      vertex -175.088 -2.14949 573
      vertex -175.111 -2.17035 573
    endloop
  endfacet
  facet normal 0.67149 -0.738234 0.0641321
    outer loop
      vertex -175.088 -2.14949 573
      vertex -148.244 -23.1536 50.151
      vertex -147.523 -22.4967 50.1635
    endloop
  endfacet
  facet normal 0.998025 -0.0322912 0.0538755
    outer loop
      vertex -174.63 -0.322348 573
      vertex -147.061 -20.6405 50.1156
      vertex -174.629 -0.291441 573
    endloop
  endfacet
  facet normal 0.997452 -0.0461693 0.0543845
    outer loop
      vertex -147.061 -20.6405 50.1156
      vertex -174.63 -0.322348 573
      vertex -147.108 -21.6142 50.151
    endloop
  endfacet
  facet normal 0.940025 0.339161 0.0363618
    outer loop
      vertex -147.061 -20.6405 50.1156
      vertex -174.95 0.598249 573
      vertex -174.629 -0.291441 573
    endloop
  endfacet
  facet normal 0.425926 0.904668 -0.0127518
    outer loop
      vertex -148.927 -18.5899 49.9374
      vertex -175.619 1.34978 573
      vertex -148.046 -19.0038 50
    endloop
  endfacet
  facet normal 0.426005 0.904631 -0.0127463
    outer loop
      vertex -175.619 1.34978 573
      vertex -148.927 -18.5899 49.9374
      vertex -176.503 1.76607 573
    endloop
  endfacet
  facet normal -0.337522 0.939746 -0.0543664
    outer loop
      vertex -150.817 -18.8767 49.849
      vertex -177.479 1.81277 573
      vertex -149.9 -18.5453 49.8844
    endloop
  endfacet
  facet normal -0.334772 0.940735 -0.0542654
    outer loop
      vertex -177.479 1.81277 573
      vertex -150.817 -18.8767 49.849
      vertex -177.508 1.80245 573
    endloop
  endfacet
  facet normal -0.337545 0.939738 -0.0543675
    outer loop
      vertex -150.817 -18.8767 49.849
      vertex -178.398 1.48277 573
      vertex -177.508 1.80245 573
    endloop
  endfacet
  facet normal -0.0476561 -0.998203 0.0363343
    outer loop
      vertex -150.134 -23.4404 50.0626
      vertex -176.728 -3.13595 573
      vertex -176.759 -3.13447 573
    endloop
  endfacet
  facet normal -0.047734 -0.998199 0.0363303
    outer loop
      vertex -176.728 -3.13595 573
      vertex -150.134 -23.4404 50.0626
      vertex -149.161 -23.485 50.1156
    endloop
  endfacet
  facet normal 0.338791 -0.939287 0.0544156
    outer loop
      vertex -149.161 -23.485 50.1156
      vertex -176.699 -3.12549 573
      vertex -176.728 -3.13595 573
    endloop
  endfacet
  facet normal 0.337522 -0.939746 0.0543666
    outer loop
      vertex -176.699 -3.12549 573
      vertex -149.161 -23.485 50.1156
      vertex -148.244 -23.1536 50.151
    endloop
  endfacet
  facet normal 0.0526475 -0.0388581 -0.997857
    outer loop
      vertex -151.015 -23.0265 50
      vertex -151.67 -22.3064 49.9374
      vertex -150.134 -23.4404 50.0626
    endloop
  endfacet
  facet normal -0.733407 -0.67968 -0.0122158
    outer loop
      vertex -151.67 -22.3064 49.9374
      vertex -179.226 -1.97312 573
      vertex -179.247 -1.95046 573
    endloop
  endfacet
  facet normal -0.739141 -0.673429 -0.0127609
    outer loop
      vertex -179.226 -1.97312 573
      vertex -151.67 -22.3064 49.9374
      vertex -151.015 -23.0265 50
    endloop
  endfacet
  facet normal -0.996342 0.0653768 -0.0550362
    outer loop
      vertex -151.953 -20.4161 49.849
      vertex -179.579 -1.03173 573
      vertex -179.577 -1.00125 573
    endloop
  endfacet
  facet normal -0.997452 0.0461693 -0.0543831
    outer loop
      vertex -179.579 -1.03173 573
      vertex -151.953 -20.4161 49.849
      vertex -152 -21.3898 49.8844
    endloop
  endfacet
  facet normal -0.939716 -0.340022 -0.0363099
    outer loop
      vertex -179.257 -1.92164 573
      vertex -179.579 -1.03173 573
      vertex -152 -21.3898 49.8844
    endloop
  endfacet
  facet normal 0.903086 -0.424644 0.0641384
    outer loop
      vertex -174.686 -1.29456 573
      vertex -175.088 -2.14949 573
      vertex -147.523 -22.4967 50.1635
    endloop
  endfacet
  facet normal 0.905432 -0.41963 0.0640658
    outer loop
      vertex -174.686 -1.29456 573
      vertex -147.108 -21.6142 50.151
      vertex -174.673 -1.26651 573
    endloop
  endfacet
  facet normal 0.903422 -0.42393 0.0641269
    outer loop
      vertex -147.108 -21.6142 50.151
      vertex -174.686 -1.29456 573
      vertex -147.523 -22.4967 50.1635
    endloop
  endfacet
  facet normal -0.980973 0.181623 -0.0685923
    outer loop
      vertex -143.422 -52.8383 49.8252
      vertex -177.665 -40.206 573
      vertex -177.489 -39.2554 573
    endloop
  endfacet
  facet normal 0.182476 0.983116 -0.0136414
    outer loop
      vertex -141.136 -51.263 49.9331
      vertex -174.236 -37.8614 573
      vertex -140.179 -51.4397 50
    endloop
  endfacet
  facet normal 0.18559 0.982535 -0.0134295
    outer loop
      vertex -174.236 -37.8614 573
      vertex -141.136 -51.263 49.9331
      vertex -174.245 -37.8597 573
    endloop
  endfacet
  facet normal 0.0651174 -0.0259209 -0.997541
    outer loop
      vertex -138.789 -54.6855 50.1748
      vertex -138.812 -52.7729 50.1236
      vertex -138.611 -53.7265 50.1615
    endloop
  endfacet
  facet normal 0.0649237 -0.0258884 -0.997554
    outer loop
      vertex -138.812 -52.7729 50.1236
      vertex -141.074 -56.2608 50.0669
      vertex -139.363 -51.9699 50.0669
    endloop
  endfacet
  facet normal 0.0649514 -0.0259071 -0.997552
    outer loop
      vertex -139.363 -51.9699 50.0669
      vertex -141.136 -51.263 49.9331
      vertex -140.179 -51.4397 50
    endloop
  endfacet
  facet normal 0.182575 0.983097 -0.0136347
    outer loop
      vertex -141.136 -51.263 49.9331
      vertex -175.197 -37.6829 573
      vertex -174.245 -37.8597 573
    endloop
  endfacet
  facet normal -0.206961 0.977577 -0.0388572
    outer loop
      vertex -142.088 -51.4668 49.8764
      vertex -175.197 -37.6829 573
      vertex -141.136 -51.263 49.9331
    endloop
  endfacet
  facet normal -0.206403 0.977697 -0.038825
    outer loop
      vertex -175.197 -37.6829 573
      vertex -142.088 -51.4668 49.8764
      vertex -175.206 -37.6848 573
    endloop
  endfacet
  facet normal 0.976057 0.209608 0.0581176
    outer loop
      vertex -172.656 -40.1524 573
      vertex -138.812 -52.7729 50.1236
      vertex -172.861 -39.1978 573
    endloop
  endfacet
  facet normal 0.976373 0.208112 0.0581742
    outer loop
      vertex -138.812 -52.7729 50.1236
      vertex -172.656 -40.1524 573
      vertex -138.611 -53.7265 50.1615
    endloop
  endfacet
  facet normal -0.836796 0.543201 -0.0685929
    outer loop
      vertex -142.891 -52.0199 49.8385
      vertex -177.489 -39.2554 573
      vertex -176.958 -38.4374 573
    endloop
  endfacet
  facet normal -0.836409 0.543799 -0.0685819
    outer loop
      vertex -177.489 -39.2554 573
      vertex -142.891 -52.0199 49.8385
      vertex -143.422 -52.8383 49.8252
    endloop
  endfacet
  facet normal 0.0649721 -0.025855 -0.997552
    outer loop
      vertex -142.847 -55.5539 49.9331
      vertex -143.398 -54.7509 49.8764
      vertex -141.074 -56.2608 50.0669
    endloop
  endfacet
  facet normal 0.845986 -0.528741 0.0688476
    outer loop
      vertex -173.365 -41.9298 573
      vertex -138.789 -54.6855 50.1748
      vertex -173.36 -41.9218 573
    endloop
  endfacet
  facet normal 0.836875 -0.543079 0.0685949
    outer loop
      vertex -138.789 -54.6855 50.1748
      vertex -173.365 -41.9298 573
      vertex -139.319 -55.5039 50.1615
    endloop
  endfacet
  facet normal 0.0649483 -0.025938 -0.997551
    outer loop
      vertex -139.363 -51.9699 50.0669
      vertex -142.891 -52.0199 49.8385
      vertex -142.088 -51.4668 49.8764
    endloop
  endfacet
  facet normal 0.0649564 -0.0258944 -0.997552
    outer loop
      vertex -139.363 -51.9699 50.0669
      vertex -142.088 -51.4668 49.8764
      vertex -141.136 -51.263 49.9331
    endloop
  endfacet
  facet normal -0.97608 -0.209499 -0.0581198
    outer loop
      vertex -177.462 -41.1693 573
      vertex -177.665 -40.2235 573
      vertex -143.398 -54.7509 49.8764
    endloop
  endfacet
  facet normal -0.991332 0.112651 -0.067605
    outer loop
      vertex -143.422 -52.8383 49.8252
      vertex -177.666 -40.2148 573
      vertex -177.665 -40.206 573
    endloop
  endfacet
  facet normal -0.981062 0.181144 -0.0685854
    outer loop
      vertex -177.666 -40.2148 573
      vertex -143.422 -52.8383 49.8252
      vertex -143.6 -53.7973 49.8385
    endloop
  endfacet
  facet normal 0.0648644 -0.0258742 -0.997559
    outer loop
      vertex -142.891 -52.0199 49.8385
      vertex -143.6 -53.7973 49.8385
      vertex -143.422 -52.8383 49.8252
    endloop
  endfacet
  facet normal 0.206403 -0.977697 0.0388237
    outer loop
      vertex -141.074 -56.2608 50.0669
      vertex -175.117 -42.6823 573
      vertex -175.126 -42.6842 573
    endloop
  endfacet
  facet normal 0.206863 -0.977598 0.0388512
    outer loop
      vertex -175.117 -42.6823 573
      vertex -141.074 -56.2608 50.0669
      vertex -140.122 -56.0571 50.1236
    endloop
  endfacet
  facet normal 0.0649514 -0.0259071 -0.997552
    outer loop
      vertex -142.031 -56.0841 50
      vertex -142.847 -55.5539 49.9331
      vertex -141.074 -56.2608 50.0669
    endloop
  endfacet
  facet normal -0.822647 -0.567224 -0.0388414
    outer loop
      vertex -142.847 -55.5539 49.9331
      vertex -177.462 -41.1693 573
      vertex -143.398 -54.7509 49.8764
    endloop
  endfacet
  facet normal -0.823019 -0.566682 -0.0388809
    outer loop
      vertex -177.462 -41.1693 573
      vertex -142.847 -55.5539 49.9331
      vertex -176.908 -41.9739 573
    endloop
  endfacet
  facet normal -0.54368 -0.839182 -0.0136162
    outer loop
      vertex -142.847 -55.5539 49.9331
      vertex -176.087 -42.5058 573
      vertex -176.908 -41.9739 573
    endloop
  endfacet
  facet normal -0.544006 -0.83897 -0.0136422
    outer loop
      vertex -176.087 -42.5058 573
      vertex -142.847 -55.5539 49.9331
      vertex -142.031 -56.0841 50
    endloop
  endfacet
  facet normal 0.980949 -0.181753 0.0685955
    outer loop
      vertex -172.658 -40.1618 573
      vertex -172.834 -41.1117 573
      vertex -138.789 -54.6855 50.1748
    endloop
  endfacet
  facet normal 0.064957 -0.02591 -0.997552
    outer loop
      vertex -140.122 -56.0571 50.1236
      vertex -141.074 -56.2608 50.0669
      vertex -138.812 -52.7729 50.1236
    endloop
  endfacet
  facet normal 0.0649888 -0.0259227 -0.997549
    outer loop
      vertex -138.789 -54.6855 50.1748
      vertex -140.122 -56.0571 50.1236
      vertex -138.812 -52.7729 50.1236
    endloop
  endfacet
  facet normal 0.822986 0.56673 0.0388781
    outer loop
      vertex -138.812 -52.7729 50.1236
      vertex -173.415 -38.3933 573
      vertex -172.861 -39.1978 573
    endloop
  endfacet
  facet normal 0.822647 0.567224 0.0388421
    outer loop
      vertex -173.415 -38.3933 573
      vertex -138.812 -52.7729 50.1236
      vertex -139.363 -51.9699 50.0669
    endloop
  endfacet
  facet normal -0.206875 0.977596 -0.0388522
    outer loop
      vertex -142.088 -51.4668 49.8764
      vertex -176.153 -37.8852 573
      vertex -175.206 -37.6848 573
    endloop
  endfacet
  facet normal 0.064943 -0.0258961 -0.997553
    outer loop
      vertex -141.074 -56.2608 50.0669
      vertex -143.6 -53.7973 49.8385
      vertex -139.363 -51.9699 50.0669
    endloop
  endfacet
  facet normal 0.0649479 -0.0259076 -0.997552
    outer loop
      vertex -139.363 -51.9699 50.0669
      vertex -143.6 -53.7973 49.8385
      vertex -142.891 -52.0199 49.8385
    endloop
  endfacet
  facet normal -0.991572 -0.113974 -0.0616078
    outer loop
      vertex -143.6 -53.7973 49.8385
      vertex -177.665 -40.2235 573
      vertex -177.666 -40.2148 573
    endloop
  endfacet
  facet normal -0.976167 -0.209091 -0.0581368
    outer loop
      vertex -177.665 -40.2235 573
      vertex -143.6 -53.7973 49.8385
      vertex -143.398 -54.7509 49.8764
    endloop
  endfacet
  facet normal 0.0649504 -0.0258885 -0.997553
    outer loop
      vertex -143.398 -54.7509 49.8764
      vertex -143.6 -53.7973 49.8385
      vertex -141.074 -56.2608 50.0669
    endloop
  endfacet
  facet normal -0.564429 0.823432 -0.0581331
    outer loop
      vertex -142.891 -52.0199 49.8385
      vertex -176.153 -37.8852 573
      vertex -142.088 -51.4668 49.8764
    endloop
  endfacet
  facet normal -0.564711 0.823238 -0.0581458
    outer loop
      vertex -176.153 -37.8852 573
      vertex -142.891 -52.0199 49.8385
      vertex -176.958 -38.4374 573
    endloop
  endfacet
  facet normal 0.97578 -0.207613 0.0689287
    outer loop
      vertex -172.658 -40.1618 573
      vertex -138.611 -53.7265 50.1615
      vertex -172.656 -40.1524 573
    endloop
  endfacet
  facet normal 0.981062 -0.181144 0.068586
    outer loop
      vertex -138.611 -53.7265 50.1615
      vertex -172.658 -40.1618 573
      vertex -138.789 -54.6855 50.1748
    endloop
  endfacet
  facet normal 0.836736 -0.543295 0.0685912
    outer loop
      vertex -172.834 -41.1117 573
      vertex -173.36 -41.9218 573
      vertex -138.789 -54.6855 50.1748
    endloop
  endfacet
  facet normal -0.182505 -0.98311 0.0136398
    outer loop
      vertex -142.031 -56.0841 50
      vertex -175.126 -42.6842 573
      vertex -176.087 -42.5058 573
    endloop
  endfacet
  facet normal -0.182476 -0.983116 0.0136417
    outer loop
      vertex -175.126 -42.6842 573
      vertex -142.031 -56.0841 50
      vertex -141.074 -56.2608 50.0669
    endloop
  endfacet
  facet normal 0.558535 -0.82746 0.0578668
    outer loop
      vertex -140.122 -56.0571 50.1236
      vertex -173.365 -41.9298 573
      vertex -173.373 -41.9352 573
    endloop
  endfacet
  facet normal 0.564499 -0.823384 0.0581358
    outer loop
      vertex -173.365 -41.9298 573
      vertex -140.122 -56.0571 50.1236
      vertex -139.319 -55.5039 50.1615
    endloop
  endfacet
  facet normal 0.0648447 -0.0257822 -0.997562
    outer loop
      vertex -139.319 -55.5039 50.1615
      vertex -140.122 -56.0571 50.1236
      vertex -138.789 -54.6855 50.1748
    endloop
  endfacet
  facet normal 0.544006 0.83897 0.0136426
    outer loop
      vertex -140.179 -51.4397 50
      vertex -173.415 -38.3933 573
      vertex -139.363 -51.9699 50.0669
    endloop
  endfacet
  facet normal 0.54368 0.839182 0.0136165
    outer loop
      vertex -173.415 -38.3933 573
      vertex -140.179 -51.4397 50
      vertex -174.236 -37.8614 573
    endloop
  endfacet
  facet normal 0.206875 -0.977596 0.0388519
    outer loop
      vertex -174.17 -42.4819 573
      vertex -175.117 -42.6823 573
      vertex -140.122 -56.0571 50.1236
    endloop
  endfacet
  facet normal 0.564702 -0.823244 0.0581451
    outer loop
      vertex -173.373 -41.9352 573
      vertex -174.17 -42.4819 573
      vertex -140.122 -56.0571 50.1236
    endloop
  endfacet
  facet normal -0.925077 0.374326 -0.0641232
    outer loop
      vertex -127.691 -82.4441 49.849
      vertex -161.74 -76.9725 573
      vertex -161.374 -76.068 573
    endloop
  endfacet
  facet normal -0.925508 0.373258 -0.06414
    outer loop
      vertex -161.74 -76.9725 573
      vertex -127.691 -82.4441 49.849
      vertex -128.055 -83.3488 49.8365
    endloop
  endfacet
  facet normal 0.712123 -0.699945 0.0543815
    outer loop
      vertex -157.866 -79.5049 573
      vertex -123.518 -85.1815 50.151
      vertex -157.182 -78.809 573
    endloop
  endfacet
  facet normal 0.711965 -0.700107 0.0543728
    outer loop
      vertex -123.518 -85.1815 50.151
      vertex -157.866 -79.5049 573
      vertex -124.2 -85.8778 50.1156
    endloop
  endfacet
  facet normal 0.0642654 -0.0121325 -0.997859
    outer loop
      vertex -124.237 -81.721 50.0626
      vertex -128.055 -83.3488 49.8365
      vertex -127.009 -81.7478 49.8844
    endloop
  endfacet
  facet normal 0.00889463 -0.999879 0.0127592
    outer loop
      vertex -126.069 -86.2692 50
      vertex -158.765 -79.8862 573
      vertex -159.743 -79.8949 573
    endloop
  endfacet
  facet normal 0.00883901 -0.99988 0.0127557
    outer loop
      vertex -158.765 -79.8862 573
      vertex -126.069 -86.2692 50
      vertex -125.096 -86.2598 50.0626
    endloop
  endfacet
  facet normal 0.0640159 -0.011969 -0.997877
    outer loop
      vertex -127.009 -81.7478 49.8844
      vertex -128.055 -83.3488 49.8365
      vertex -127.691 -82.4441 49.849
    endloop
  endfacet
  facet normal -0.390019 0.92009 -0.0363252
    outer loop
      vertex -127.009 -81.7478 49.8844
      vertex -159.79 -74.9908 573
      vertex -126.113 -81.3659 49.9374
    endloop
  endfacet
  facet normal -0.389843 0.920165 -0.0363151
    outer loop
      vertex -159.79 -74.9908 573
      vertex -127.009 -81.7478 49.8844
      vertex -160.69 -75.3721 573
    endloop
  endfacet
  facet normal 0.997889 0.0102295 0.0641251
    outer loop
      vertex -156.816 -77.9045 573
      vertex -123.162 -83.3015 50.151
      vertex -156.826 -76.929 573
    endloop
  endfacet
  facet normal 0.997891 0.0100304 0.0641273
    outer loop
      vertex -123.162 -83.3015 50.151
      vertex -156.816 -77.9045 573
      vertex -123.153 -84.2768 50.1635
    endloop
  endfacet
  facet normal -0.373563 -0.927517 -0.0127477
    outer loop
      vertex -126.972 -85.9047 49.9374
      vertex -159.743 -79.8949 573
      vertex -160.65 -79.5296 573
    endloop
  endfacet
  facet normal -0.37352 -0.927535 -0.0127448
    outer loop
      vertex -159.743 -79.8949 573
      vertex -126.972 -85.9047 49.9374
      vertex -126.069 -86.2692 50
    endloop
  endfacet
  facet normal 0.064255 -0.012108 -0.99786
    outer loop
      vertex -123.162 -83.3015 50.151
      vertex -128.055 -83.3488 49.8365
      vertex -124.237 -81.721 50.0626
    endloop
  endfacet
  facet normal 0.0642668 -0.0122982 -0.997857
    outer loop
      vertex -124.237 -81.721 50.0626
      vertex -127.009 -81.7478 49.8844
      vertex -126.113 -81.3659 49.9374
    endloop
  endfacet
  facet normal -0.00882997 0.99988 -0.0127552
    outer loop
      vertex -126.113 -81.3659 49.9374
      vertex -158.813 -74.9821 573
      vertex -125.139 -81.3565 50
    endloop
  endfacet
  facet normal -0.00890373 0.999879 -0.0127598
    outer loop
      vertex -158.813 -74.9821 573
      vertex -126.113 -81.3659 49.9374
      vertex -159.79 -74.9908 573
    endloop
  endfacet
  facet normal -0.918462 -0.391756 -0.0543603
    outer loop
      vertex -161.359 -78.8178 573
      vertex -161.73 -77.948 573
      vertex -128.047 -84.3242 49.849
    endloop
  endfacet
  facet normal 0.0642404 -0.012205 -0.99786
    outer loop
      vertex -125.096 -86.2598 50.0626
      vertex -128.055 -83.3488 49.8365
      vertex -123.518 -85.1815 50.151
    endloop
  endfacet
  facet normal -0.69937 -0.713836 -0.0363295
    outer loop
      vertex -160.65 -79.5296 573
      vertex -161.326 -78.8673 573
      vertex -126.972 -85.9047 49.9374
    endloop
  endfacet
  facet normal 0.0643992 -0.0121947 -0.99785
    outer loop
      vertex -123.153 -84.2768 50.1635
      vertex -123.518 -85.1815 50.151
      vertex -123.162 -83.3015 50.151
    endloop
  endfacet
  facet normal 0.0642555 -0.0121675 -0.997859
    outer loop
      vertex -123.518 -85.1815 50.151
      vertex -128.055 -83.3488 49.8365
      vertex -123.162 -83.3015 50.151
    endloop
  endfacet
  facet normal 0.373727 0.927451 0.0127583
    outer loop
      vertex -124.237 -81.721 50.0626
      vertex -158.784 -74.9936 573
      vertex -157.906 -75.3474 573
    endloop
  endfacet
  facet normal 0.699051 0.71415 0.0363045
    outer loop
      vertex -124.237 -81.721 50.0626
      vertex -157.208 -76.0311 573
      vertex -123.542 -82.404 50.1156
    endloop
  endfacet
  facet normal 0.699289 0.713915 0.0363221
    outer loop
      vertex -157.208 -76.0311 573
      vertex -124.237 -81.721 50.0626
      vertex -157.906 -75.3474 573
    endloop
  endfacet
  facet normal 0.0642738 -0.0121709 -0.997858
    outer loop
      vertex -127.666 -85.2217 49.8844
      vertex -128.055 -83.3488 49.8365
      vertex -125.096 -86.2598 50.0626
    endloop
  endfacet
  facet normal -0.997889 -0.0102295 -0.0641266
    outer loop
      vertex -128.055 -83.3488 49.8365
      vertex -161.73 -77.948 573
      vertex -161.74 -76.9725 573
    endloop
  endfacet
  facet normal -0.9979 -0.00900651 -0.0641399
    outer loop
      vertex -161.73 -77.948 573
      vertex -128.055 -83.3488 49.8365
      vertex -128.047 -84.3242 49.849
    endloop
  endfacet
  facet normal -0.713247 -0.699915 -0.037392
    outer loop
      vertex -127.666 -85.2217 49.8844
      vertex -161.326 -78.8673 573
      vertex -161.347 -78.8459 573
    endloop
  endfacet
  facet normal -0.699561 -0.713648 -0.0363446
    outer loop
      vertex -161.326 -78.8673 573
      vertex -127.666 -85.2217 49.8844
      vertex -126.972 -85.9047 49.9374
    endloop
  endfacet
  facet normal 0.0643061 -0.0120907 -0.997857
    outer loop
      vertex -126.972 -85.9047 49.9374
      vertex -127.666 -85.2217 49.8844
      vertex -125.096 -86.2598 50.0626
    endloop
  endfacet
  facet normal 0.0642527 -0.0123728 -0.997857
    outer loop
      vertex -124.237 -81.721 50.0626
      vertex -126.113 -81.3659 49.9374
      vertex -125.139 -81.3565 50
    endloop
  endfacet
  facet normal 0.0640803 -0.0122274 -0.99787
    outer loop
      vertex -123.162 -83.3015 50.151
      vertex -124.237 -81.721 50.0626
      vertex -123.542 -82.404 50.1156
    endloop
  endfacet
  facet normal -0.918359 -0.391999 -0.0543512
    outer loop
      vertex -127.666 -85.2217 49.8844
      vertex -161.359 -78.8178 573
      vertex -128.047 -84.3242 49.849
    endloop
  endfacet
  facet normal -0.918293 -0.392154 -0.054345
    outer loop
      vertex -161.359 -78.8178 573
      vertex -127.666 -85.2217 49.8844
      vertex -161.347 -78.8459 573
    endloop
  endfacet
  facet normal 0.0638257 -0.0122647 -0.997886
    outer loop
      vertex -128.047 -84.3242 49.849
      vertex -128.055 -83.3488 49.8365
      vertex -127.666 -85.2217 49.8844
    endloop
  endfacet
  facet normal 0.918824 0.390902 0.0543948
    outer loop
      vertex -123.162 -83.3015 50.151
      vertex -157.208 -76.0311 573
      vertex -156.826 -76.929 573
    endloop
  endfacet
  facet normal 0.918726 0.391132 0.0543852
    outer loop
      vertex -157.208 -76.0311 573
      vertex -123.162 -83.3015 50.151
      vertex -123.542 -82.404 50.1156
    endloop
  endfacet
  facet normal 0.373875 0.927391 0.0127689
    outer loop
      vertex -125.139 -81.3565 50
      vertex -158.784 -74.9936 573
      vertex -124.237 -81.721 50.0626
    endloop
  endfacet
  facet normal 0.368597 0.929506 0.0124036
    outer loop
      vertex -158.784 -74.9936 573
      vertex -125.139 -81.3565 50
      vertex -158.813 -74.9821 573
    endloop
  endfacet
  facet normal 0.390099 -0.920056 0.0363302
    outer loop
      vertex -157.866 -79.5049 573
      vertex -158.737 -79.8742 573
      vertex -124.2 -85.8778 50.1156
    endloop
  endfacet
  facet normal 0.393656 -0.918531 0.0365404
    outer loop
      vertex -125.096 -86.2598 50.0626
      vertex -158.737 -79.8742 573
      vertex -158.765 -79.8862 573
    endloop
  endfacet
  facet normal 0.390106 -0.920053 0.0363306
    outer loop
      vertex -158.737 -79.8742 573
      vertex -125.096 -86.2598 50.0626
      vertex -124.2 -85.8778 50.1156
    endloop
  endfacet
  facet normal 0.0642092 -0.0121591 -0.997862
    outer loop
      vertex -124.2 -85.8778 50.1156
      vertex -125.096 -86.2598 50.0626
      vertex -123.518 -85.1815 50.151
    endloop
  endfacet
  facet normal 0.925077 -0.374326 0.0641237
    outer loop
      vertex -157.182 -78.809 573
      vertex -123.153 -84.2768 50.1635
      vertex -156.816 -77.9045 573
    endloop
  endfacet
  facet normal 0.925153 -0.374138 0.0641266
    outer loop
      vertex -123.153 -84.2768 50.1635
      vertex -157.182 -78.809 573
      vertex -123.518 -85.1815 50.151
    endloop
  endfacet
  facet normal 0.0643156 -0.0120409 -0.997857
    outer loop
      vertex -126.069 -86.2692 50
      vertex -126.972 -85.9047 49.9374
      vertex -125.096 -86.2598 50.0626
    endloop
  endfacet
  facet normal -0.712123 0.699945 -0.0543812
    outer loop
      vertex -127.009 -81.7478 49.8844
      vertex -161.374 -76.068 573
      vertex -160.69 -75.3721 573
    endloop
  endfacet
  facet normal -0.711965 0.700107 -0.0543726
    outer loop
      vertex -161.374 -76.068 573
      vertex -127.009 -81.7478 49.8844
      vertex -127.691 -82.4441 49.849
    endloop
  endfacet
  facet normal -0.989539 0.126917 -0.0685838
    outer loop
      vertex -106.17 -108.866 49.8385
      vertex -142.879 -112.369 573
      vertex -142.756 -111.41 573
    endloop
  endfacet
  facet normal 0.262132 -0.964936 0.013641
    outer loop
      vertex -139.263 -114.441 573
      vertex -140.198 -114.695 573
      vertex -102.693 -111.899 50.0669
    endloop
  endfacet
  facet normal -0.989569 0.126683 -0.0685875
    outer loop
      vertex -106.293 -109.834 49.8252
      vertex -142.879 -112.369 573
      vertex -106.17 -108.866 49.8385
    endloop
  endfacet
  facet normal -0.991528 0.11017 -0.0688045
    outer loop
      vertex -142.879 -112.369 573
      vertex -106.293 -109.834 49.8252
      vertex -142.88 -112.378 573
    endloop
  endfacet
  facet normal 0.0697459 0.0048592 -0.997553
    outer loop
      vertex -106.037 -110.775 49.8385
      vertex -106.17 -108.866 49.8385
      vertex -103.013 -107.291 50.0669
    endloop
  endfacet
  facet normal 0.962411 0.262794 0.0685817
    outer loop
      vertex -137.882 -112.021 573
      vertex -101.317 -109.488 50.1748
      vertex -101.573 -108.547 50.1615
    endloop
  endfacet
  facet normal 0.97385 0.216411 0.0691569
    outer loop
      vertex -101.317 -109.488 50.1748
      vertex -137.882 -112.021 573
      vertex -137.88 -112.03 573
    endloop
  endfacet
  facet normal -0.125929 -0.991946 -0.0136311
    outer loop
      vertex -140.216 -114.697 573
      vertex -141.177 -114.575 573
      vertex -104.597 -112.031 49.9331
    endloop
  endfacet
  facet normal 0.0699321 0.00492598 -0.99754
    outer loop
      vertex -101.317 -109.488 50.1748
      vertex -102.168 -107.775 50.1236
      vertex -101.573 -108.547 50.1615
    endloop
  endfacet
  facet normal 0.0697671 0.00481646 -0.997552
    outer loop
      vertex -103.013 -107.291 50.0669
      vertex -106.17 -108.866 49.8385
      vertex -104.917 -107.423 49.9331
    endloop
  endfacet
  facet normal -0.610481 0.791077 -0.0388472
    outer loop
      vertex -105.687 -108.02 49.8764
      vertex -141.497 -109.966 573
      vertex -104.917 -107.423 49.9331
    endloop
  endfacet
  facet normal -0.650226 0.758597 -0.0416887
    outer loop
      vertex -141.497 -109.966 573
      vertex -105.687 -108.02 49.8764
      vertex -141.504 -109.972 573
    endloop
  endfacet
  facet normal 0.0697626 0.00484463 -0.997552
    outer loop
      vertex -102.693 -111.899 50.0669
      vertex -106.037 -110.775 49.8385
      vertex -103.013 -107.291 50.0669
    endloop
  endfacet
  facet normal 0.0697701 0.00477374 -0.997552
    outer loop
      vertex -103.013 -107.291 50.0669
      vertex -104.917 -107.423 49.9331
      vertex -103.978 -107.167 50
    endloop
  endfacet
  facet normal -0.262101 0.964944 -0.0136377
    outer loop
      vertex -104.917 -107.423 49.9331
      vertex -140.553 -109.71 573
      vertex -103.978 -107.167 50
    endloop
  endfacet
  facet normal -0.261709 0.965051 -0.0136105
    outer loop
      vertex -140.553 -109.71 573
      vertex -104.917 -107.423 49.9331
      vertex -141.497 -109.966 573
    endloop
  endfacet
  facet normal 0.0696289 0.00493712 -0.997561
    outer loop
      vertex -104.917 -107.423 49.9331
      vertex -106.17 -108.866 49.8385
      vertex -105.687 -108.02 49.8764
    endloop
  endfacet
  facet normal -0.86584 0.496932 -0.0581339
    outer loop
      vertex -142.756 -111.41 573
      vertex -105.687 -108.02 49.8764
      vertex -106.17 -108.866 49.8385
    endloop
  endfacet
  facet normal -0.892796 0.446398 -0.0603715
    outer loop
      vertex -105.687 -108.02 49.8764
      vertex -142.756 -111.41 573
      vertex -142.752 -111.402 573
    endloop
  endfacet
  facet normal -0.788834 -0.61185 -0.0581404
    outer loop
      vertex -105.441 -111.547 49.8764
      vertex -142.623 -113.319 573
      vertex -106.037 -110.775 49.8385
    endloop
  endfacet
  facet normal -0.788843 -0.611839 -0.058141
    outer loop
      vertex -142.623 -113.319 573
      vertex -105.441 -111.547 49.8764
      vertex -142.025 -114.09 573
    endloop
  endfacet
  facet normal 0.0696676 0.00485374 -0.997558
    outer loop
      vertex -106.037 -110.775 49.8385
      vertex -106.293 -109.834 49.8252
      vertex -106.17 -108.866 49.8385
    endloop
  endfacet
  facet normal 0.495764 0.867586 0.0388873
    outer loop
      vertex -103.013 -107.291 50.0669
      vertex -139.583 -109.833 573
      vertex -138.743 -110.313 573
    endloop
  endfacet
  facet normal 0.789127 0.61147 0.0581595
    outer loop
      vertex -101.573 -108.547 50.1615
      vertex -138.729 -110.325 573
      vertex -138.137 -111.089 573
    endloop
  endfacet
  facet normal 0.989523 -0.127047 0.0685832
    outer loop
      vertex -137.881 -112.04 573
      vertex -138.004 -112.998 573
      vertex -101.44 -110.456 50.1615
    endloop
  endfacet
  facet normal -0.495764 -0.867586 -0.0388902
    outer loop
      vertex -141.177 -114.575 573
      vertex -142.017 -114.095 573
      vertex -104.597 -112.031 49.9331
    endloop
  endfacet
  facet normal 0.0697683 0.0048001 -0.997552
    outer loop
      vertex -104.597 -112.031 49.9331
      vertex -105.441 -111.547 49.8764
      vertex -102.693 -111.899 50.0669
    endloop
  endfacet
  facet normal -0.610398 0.791142 -0.0388404
    outer loop
      vertex -105.687 -108.02 49.8764
      vertex -142.27 -110.563 573
      vertex -141.504 -109.972 573
    endloop
  endfacet
  facet normal -0.86563 0.497299 -0.0581177
    outer loop
      vertex -105.687 -108.02 49.8764
      vertex -142.752 -111.402 573
      vertex -142.27 -110.563 573
    endloop
  endfacet
  facet normal 0.126505 0.991872 0.0136684
    outer loop
      vertex -103.978 -107.167 50
      vertex -139.583 -109.833 573
      vertex -103.013 -107.291 50.0669
    endloop
  endfacet
  facet normal 0.125785 0.991964 0.0136198
    outer loop
      vertex -139.583 -109.833 573
      vertex -103.978 -107.167 50
      vertex -140.553 -109.71 573
    endloop
  endfacet
  facet normal -0.962411 -0.262794 -0.0685818
    outer loop
      vertex -106.037 -110.775 49.8385
      vertex -142.88 -112.378 573
      vertex -106.293 -109.834 49.8252
    endloop
  endfacet
  facet normal -0.962398 -0.262844 -0.068581
    outer loop
      vertex -142.88 -112.378 573
      vertex -106.037 -110.775 49.8385
      vertex -142.623 -113.319 573
    endloop
  endfacet
  facet normal 0.0698048 0.00483617 -0.997549
    outer loop
      vertex -101.44 -110.456 50.1615
      vertex -101.923 -111.302 50.1236
      vertex -101.317 -109.488 50.1748
    endloop
  endfacet
  facet normal 0.846641 -0.52915 0.0565667
    outer loop
      vertex -138.49 -113.844 573
      vertex -101.44 -110.456 50.1615
      vertex -138.485 -113.836 573
    endloop
  endfacet
  facet normal 0.86584 -0.496932 0.0581361
    outer loop
      vertex -101.44 -110.456 50.1615
      vertex -138.49 -113.844 573
      vertex -101.923 -111.302 50.1236
    endloop
  endfacet
  facet normal 0.865819 -0.496968 0.0581337
    outer loop
      vertex -138.004 -112.998 573
      vertex -138.485 -113.836 573
      vertex -101.44 -110.456 50.1615
    endloop
  endfacet
  facet normal 0.0697102 0.00484236 -0.997556
    outer loop
      vertex -101.923 -111.302 50.1236
      vertex -103.013 -107.291 50.0669
      vertex -102.168 -107.775 50.1236
    endloop
  endfacet
  facet normal 0.610398 -0.791142 0.0388409
    outer loop
      vertex -138.497 -113.85 573
      vertex -139.263 -114.441 573
      vertex -102.693 -111.899 50.0669
    endloop
  endfacet
  facet normal 0.0697733 0.00484674 -0.997551
    outer loop
      vertex -101.923 -111.302 50.1236
      vertex -102.168 -107.775 50.1236
      vertex -101.317 -109.488 50.1748
    endloop
  endfacet
  facet normal 0.989569 -0.126683 0.0685881
    outer loop
      vertex -137.88 -112.03 573
      vertex -101.44 -110.456 50.1615
      vertex -101.317 -109.488 50.1748
    endloop
  endfacet
  facet normal 0.992673 -0.0992673 0.068887
    outer loop
      vertex -101.44 -110.456 50.1615
      vertex -137.88 -112.03 573
      vertex -137.881 -112.04 573
    endloop
  endfacet
  facet normal -0.52955 -0.84728 -0.0411522
    outer loop
      vertex -105.441 -111.547 49.8764
      vertex -142.017 -114.095 573
      vertex -142.025 -114.09 573
    endloop
  endfacet
  facet normal -0.495126 -0.867952 -0.038846
    outer loop
      vertex -142.017 -114.095 573
      vertex -105.441 -111.547 49.8764
      vertex -104.597 -112.031 49.9331
    endloop
  endfacet
  facet normal -0.110423 -0.993805 -0.0125847
    outer loop
      vertex -104.597 -112.031 49.9331
      vertex -140.207 -114.698 573
      vertex -140.216 -114.697 573
    endloop
  endfacet
  facet normal -0.126505 -0.991872 -0.0136697
    outer loop
      vertex -140.207 -114.698 573
      vertex -104.597 -112.031 49.9331
      vertex -103.632 -112.155 50
    endloop
  endfacet
  facet normal 0.962278 0.263284 0.0685757
    outer loop
      vertex -101.573 -108.547 50.1615
      vertex -138.137 -111.089 573
      vertex -137.882 -112.021 573
    endloop
  endfacet
  facet normal 0.789327 0.611211 0.0581725
    outer loop
      vertex -138.735 -110.317 573
      vertex -101.573 -108.547 50.1615
      vertex -102.168 -107.775 50.1236
    endloop
  endfacet
  facet normal 0.798616 0.598962 0.0587913
    outer loop
      vertex -101.573 -108.547 50.1615
      vertex -138.735 -110.317 573
      vertex -138.729 -110.325 573
    endloop
  endfacet
  facet normal 0.494686 0.868204 0.0388164
    outer loop
      vertex -103.013 -107.291 50.0669
      vertex -138.735 -110.317 573
      vertex -102.168 -107.775 50.1236
    endloop
  endfacet
  facet normal 0.446928 0.893857 0.0357024
    outer loop
      vertex -138.735 -110.317 573
      vertex -103.013 -107.291 50.0669
      vertex -138.743 -110.313 573
    endloop
  endfacet
  facet normal 0.650226 -0.758597 0.0416892
    outer loop
      vertex -102.693 -111.899 50.0669
      vertex -138.49 -113.844 573
      vertex -138.497 -113.85 573
    endloop
  endfacet
  facet normal 0.610481 -0.791077 0.0388477
    outer loop
      vertex -138.49 -113.844 573
      vertex -102.693 -111.899 50.0669
      vertex -101.923 -111.302 50.1236
    endloop
  endfacet
  facet normal 0.0697034 0.00484052 -0.997556
    outer loop
      vertex -102.693 -111.899 50.0669
      vertex -103.013 -107.291 50.0669
      vertex -101.923 -111.302 50.1236
    endloop
  endfacet
  facet normal 0.0697809 0.00489929 -0.99755
    outer loop
      vertex -105.441 -111.547 49.8764
      vertex -106.037 -110.775 49.8385
      vertex -102.693 -111.899 50.0669
    endloop
  endfacet
  facet normal 0.0697701 0.00477374 -0.997552
    outer loop
      vertex -103.632 -112.155 50
      vertex -104.597 -112.031 49.9331
      vertex -102.693 -111.899 50.0669
    endloop
  endfacet
  facet normal 0.316179 -0.948538 0.0174993
    outer loop
      vertex -103.632 -112.155 50
      vertex -140.198 -114.695 573
      vertex -140.207 -114.698 573
    endloop
  endfacet
  facet normal 0.262101 -0.964944 0.0136387
    outer loop
      vertex -140.198 -114.695 573
      vertex -103.632 -112.155 50
      vertex -102.693 -111.899 50.0669
    endloop
  endfacet
  facet normal -0.99586 -0.0644194 -0.064127
    outer loop
      vertex -112.327 -139.496 573
      vertex -112.388 -138.553 573
      vertex -79.2742 -129.683 49.849
    endloop
  endfacet
  facet normal 0.657973 0.751076 0.054383
    outer loop
      vertex -75.5539 -127.846 50.1156
      vertex -107.917 -137.355 573
      vertex -74.8217 -128.49 50.151
    endloop
  endfacet
  facet normal 0.673246 0.737364 0.0550789
    outer loop
      vertex -107.917 -137.355 573
      vertex -75.5539 -127.846 50.1156
      vertex -107.94 -137.334 573
    endloop
  endfacet
  facet normal -0.995837 -0.0647805 -0.0641323
    outer loop
      vertex -79.2101 -130.656 49.8365
      vertex -112.327 -139.496 573
      vertex -79.2742 -129.683 49.849
    endloop
  endfacet
  facet normal -0.99573 -0.066382 -0.0641526
    outer loop
      vertex -112.327 -139.496 573
      vertex -79.2101 -130.656 49.8365
      vertex -112.325 -139.526 573
    endloop
  endfacet
  facet normal 0.657456 0.751529 0.054358
    outer loop
      vertex -75.5539 -127.846 50.1156
      vertex -108.651 -136.712 573
      vertex -107.94 -137.334 573
    endloop
  endfacet
  facet normal 0.0632376 0.016807 -0.997857
    outer loop
      vertex -76.4759 -127.532 50.0626
      vertex -78.9617 -128.759 49.8844
      vertex -78.3202 -128.026 49.9374
    endloop
  endfacet
  facet normal 0.0632077 0.0169184 -0.997857
    outer loop
      vertex -76.1536 -132.425 50
      vertex -77.125 -132.488 49.9374
      vertex -75.2807 -131.994 50.0626
    endloop
  endfacet
  facet normal 0.0631803 0.0169233 -0.997859
    outer loop
      vertex -76.4759 -127.532 50.0626
      vertex -79.2101 -130.656 49.8365
      vertex -78.9617 -128.759 49.8844
    endloop
  endfacet
  facet normal 0.0629494 0.0167445 -0.997876
    outer loop
      vertex -78.7792 -131.531 49.849
      vertex -79.2101 -130.656 49.8365
      vertex -78.047 -132.174 49.8844
    endloop
  endfacet
  facet normal 0.0628851 0.0169624 -0.997877
    outer loop
      vertex -79.2101 -130.656 49.8365
      vertex -79.2742 -129.683 49.849
      vertex -78.9617 -128.759 49.8844
    endloop
  endfacet
  facet normal -0.750713 0.659629 -0.0363341
    outer loop
      vertex -112.074 -137.629 573
      vertex -78.3202 -128.026 49.9374
      vertex -78.9617 -128.759 49.8844
    endloop
  endfacet
  facet normal -0.750684 0.659661 -0.0363316
    outer loop
      vertex -78.3202 -128.026 49.9374
      vertex -112.074 -137.629 573
      vertex -111.429 -136.895 573
    endloop
  endfacet
  facet normal 0.441851 -0.896998 0.0127584
    outer loop
      vertex -76.1536 -132.425 50
      vertex -108.381 -140.861 573
      vertex -109.258 -141.293 573
    endloop
  endfacet
  facet normal 0.441957 -0.896945 0.0127658
    outer loop
      vertex -108.381 -140.861 573
      vertex -76.1536 -132.425 50
      vertex -75.2807 -131.994 50.0626
    endloop
  endfacet
  facet normal 0.0631638 0.0168758 -0.99786
    outer loop
      vertex -75.2807 -131.994 50.0626
      vertex -79.2101 -130.656 49.8365
      vertex -74.3266 -130.338 50.151
    endloop
  endfacet
  facet normal 0.995856 0.0644875 0.0641287
    outer loop
      vertex -74.3907 -129.365 50.1635
      vertex -107.485 -138.23 573
      vertex -107.424 -139.172 573
    endloop
  endfacet
  facet normal -0.0654624 0.997773 0.0127746
    outer loop
      vertex -77.4473 -127.595 50
      vertex -110.552 -136.463 573
      vertex -109.607 -136.401 573
    endloop
  endfacet
  facet normal -0.441674 0.897085 -0.012746
    outer loop
      vertex -77.4473 -127.595 50
      vertex -111.401 -136.881 573
      vertex -110.552 -136.463 573
    endloop
  endfacet
  facet normal -0.657965 -0.751083 -0.0543817
    outer loop
      vertex -78.7792 -131.531 49.849
      vertex -111.159 -141.044 573
      vertex -111.893 -140.401 573
    endloop
  endfacet
  facet normal -0.657394 -0.751584 -0.0543555
    outer loop
      vertex -111.159 -141.044 573
      vertex -78.7792 -131.531 49.849
      vertex -78.047 -132.174 49.8844
    endloop
  endfacet
  facet normal 0.75119 -0.659083 0.0363753
    outer loop
      vertex -108.381 -140.861 573
      vertex -74.6391 -131.262 50.1156
      vertex -107.737 -140.127 573
    endloop
  endfacet
  facet normal 0.750217 -0.660195 0.036292
    outer loop
      vertex -74.6391 -131.262 50.1156
      vertex -108.381 -140.861 573
      vertex -75.2807 -131.994 50.0626
    endloop
  endfacet
  facet normal 0.0634508 0.0169992 -0.99784
    outer loop
      vertex -74.3266 -130.338 50.151
      vertex -74.8217 -128.49 50.151
      vertex -74.3907 -129.365 50.1635
    endloop
  endfacet
  facet normal 0.0631608 0.0169215 -0.99786
    outer loop
      vertex -74.3266 -130.338 50.151
      vertex -79.2101 -130.656 49.8365
      vertex -74.8217 -128.49 50.151
    endloop
  endfacet
  facet normal 0.320137 0.946675 0.0363155
    outer loop
      vertex -75.5539 -127.846 50.1156
      vertex -109.547 -136.409 573
      vertex -108.651 -136.712 573
    endloop
  endfacet
  facet normal 0.0632077 0.0169184 -0.997857
    outer loop
      vertex -76.4759 -127.532 50.0626
      vertex -78.3202 -128.026 49.9374
      vertex -77.4473 -127.595 50
    endloop
  endfacet
  facet normal -0.894907 -0.44162 -0.0641328
    outer loop
      vertex -78.7792 -131.531 49.849
      vertex -112.325 -139.526 573
      vertex -79.2101 -130.656 49.8365
    endloop
  endfacet
  facet normal -0.894825 -0.441788 -0.06413
    outer loop
      vertex -112.325 -139.526 573
      vertex -78.7792 -131.531 49.849
      vertex -111.893 -140.401 573
    endloop
  endfacet
  facet normal -0.296218 -0.954481 -0.0349342
    outer loop
      vertex -78.047 -132.174 49.8844
      vertex -111.13 -141.053 573
      vertex -111.159 -141.044 573
    endloop
  endfacet
  facet normal -0.320297 -0.946621 -0.0363236
    outer loop
      vertex -111.13 -141.053 573
      vertex -78.047 -132.174 49.8844
      vertex -77.125 -132.488 49.9374
    endloop
  endfacet
  facet normal 0.0631701 0.0170587 -0.997857
    outer loop
      vertex -77.125 -132.488 49.9374
      vertex -78.047 -132.174 49.8844
      vertex -75.2807 -131.994 50.0626
    endloop
  endfacet
  facet normal 0.0631792 0.0169211 -0.997859
    outer loop
      vertex -78.047 -132.174 49.8844
      vertex -79.2101 -130.656 49.8365
      vertex -75.2807 -131.994 50.0626
    endloop
  endfacet
  facet normal 0.995837 0.0647805 0.064133
    outer loop
      vertex -107.424 -139.172 573
      vertex -74.3266 -130.338 50.151
      vertex -74.3907 -129.365 50.1635
    endloop
  endfacet
  facet normal 0.995871 0.0642498 0.0641262
    outer loop
      vertex -74.3266 -130.338 50.151
      vertex -107.424 -139.172 573
      vertex -107.422 -139.203 573
    endloop
  endfacet
  facet normal 0.0631215 0.0169149 -0.997862
    outer loop
      vertex -74.8217 -128.49 50.151
      vertex -76.4759 -127.532 50.0626
      vertex -75.5539 -127.846 50.1156
    endloop
  endfacet
  facet normal 0.0631444 0.0169548 -0.99786
    outer loop
      vertex -74.8217 -128.49 50.151
      vertex -79.2101 -130.656 49.8365
      vertex -76.4759 -127.532 50.0626
    endloop
  endfacet
  facet normal 0.894867 0.441702 0.0641324
    outer loop
      vertex -107.917 -137.355 573
      vertex -74.3907 -129.365 50.1635
      vertex -74.8217 -128.49 50.151
    endloop
  endfacet
  facet normal 0.894825 0.441788 0.064131
    outer loop
      vertex -74.3907 -129.365 50.1635
      vertex -107.917 -137.355 573
      vertex -107.485 -138.23 573
    endloop
  endfacet
  facet normal -0.441957 0.896945 -0.0127668
    outer loop
      vertex -78.3202 -128.026 49.9374
      vertex -111.401 -136.881 573
      vertex -77.4473 -127.595 50
    endloop
  endfacet
  facet normal -0.447175 0.89435 -0.0131408
    outer loop
      vertex -111.401 -136.881 573
      vertex -78.3202 -128.026 49.9374
      vertex -111.429 -136.895 573
    endloop
  endfacet
  facet normal -0.945255 0.321772 -0.054377
    outer loop
      vertex -79.2742 -129.683 49.849
      vertex -112.074 -137.629 573
      vertex -78.9617 -128.759 49.8844
    endloop
  endfacet
  facet normal -0.945421 0.321279 -0.0543949
    outer loop
      vertex -112.074 -137.629 573
      vertex -79.2742 -129.683 49.849
      vertex -112.388 -138.553 573
    endloop
  endfacet
  facet normal -0.321084 -0.946352 -0.0363703
    outer loop
      vertex -110.234 -141.357 573
      vertex -111.13 -141.053 573
      vertex -77.125 -132.488 49.9374
    endloop
  endfacet
  facet normal 0.0654279 -0.997775 -0.0127767
    outer loop
      vertex -77.125 -132.488 49.9374
      vertex -109.258 -141.293 573
      vertex -110.234 -141.357 573
    endloop
  endfacet
  facet normal 0.0655331 -0.997769 -0.0127701
    outer loop
      vertex -109.258 -141.293 573
      vertex -77.125 -132.488 49.9374
      vertex -76.1536 -132.425 50
    endloop
  endfacet
  facet normal 0.945255 -0.321772 0.0543772
    outer loop
      vertex -107.422 -139.203 573
      vertex -74.6391 -131.262 50.1156
      vertex -74.3266 -130.338 50.151
    endloop
  endfacet
  facet normal 0.945111 -0.322197 0.0543617
    outer loop
      vertex -74.6391 -131.262 50.1156
      vertex -107.422 -139.203 573
      vertex -107.737 -140.127 573
    endloop
  endfacet
  facet normal 0.320297 0.946621 0.036325
    outer loop
      vertex -76.4759 -127.532 50.0626
      vertex -109.547 -136.409 573
      vertex -75.5539 -127.846 50.1156
    endloop
  endfacet
  facet normal 0.316022 0.948066 0.0360792
    outer loop
      vertex -109.547 -136.409 573
      vertex -76.4759 -127.532 50.0626
      vertex -109.577 -136.399 573
    endloop
  endfacet
  facet normal -0.0655331 0.997769 0.0127702
    outer loop
      vertex -77.4473 -127.595 50
      vertex -109.577 -136.399 573
      vertex -76.4759 -127.532 50.0626
    endloop
  endfacet
  facet normal -0.0665136 0.997705 0.0127088
    outer loop
      vertex -109.577 -136.399 573
      vertex -77.4473 -127.595 50
      vertex -109.607 -136.401 573
    endloop
  endfacet
  facet normal 0.0631984 0.0168557 -0.997859
    outer loop
      vertex -74.6391 -131.262 50.1156
      vertex -75.2807 -131.994 50.0626
      vertex -74.3266 -130.338 50.151
    endloop
  endfacet
  facet normal -0.94654 -0.315209 -0.0685876
    outer loop
      vertex -48.1113 -145.076 49.8252
      vertex -80.2798 -162.317 573
      vertex -48.4203 -144.151 49.8385
    endloop
  endfacet
  facet normal -0.941625 -0.329569 -0.0687586
    outer loop
      vertex -80.2798 -162.317 573
      vertex -48.1113 -145.076 49.8252
      vertex -80.277 -162.325 573
    endloop
  endfacet
  facet normal 0.645407 -0.763732 0.0128081
    outer loop
      vertex -44.7065 -146.012 50
      vertex -75.8174 -163.532 573
      vertex -75.8245 -163.538 573
    endloop
  endfacet
  facet normal 0.654849 -0.755636 0.0136409
    outer loop
      vertex -75.8174 -163.532 573
      vertex -44.7065 -146.012 50
      vertex -43.9717 -145.374 50.0669
    endloop
  endfacet
  facet normal -0.995722 0.0718158 -0.0581438
    outer loop
      vertex -48.3524 -143.178 49.8764
      vertex -80.2792 -162.308 573
      vertex -80.2096 -161.343 573
    endloop
  endfacet
  facet normal -0.946563 -0.315142 -0.0685865
    outer loop
      vertex -79.9717 -163.242 573
      vertex -80.277 -162.325 573
      vertex -48.1113 -145.076 49.8252
    endloop
  endfacet
  facet normal 0.0607367 0.034625 -0.997553
    outer loop
      vertex -43.5373 -144.503 50.1236
      vertex -45.2886 -141.431 50.1236
      vertex -43.7784 -142.605 50.1748
    endloop
  endfacet
  facet normal 0.060701 0.0346915 -0.997553
    outer loop
      vertex -46.2598 -141.361 50.0669
      vertex -47.918 -142.307 49.9331
      vertex -47.1832 -141.669 50
    endloop
  endfacet
  facet normal 0.0607369 0.0346305 -0.997553
    outer loop
      vertex -43.9717 -145.374 50.0669
      vertex -48.4203 -144.151 49.8385
      vertex -46.2598 -141.361 50.0669
    endloop
  endfacet
  facet normal 0.0607389 0.034638 -0.997552
    outer loop
      vertex -47.4725 -145.813 49.8385
      vertex -48.4203 -144.151 49.8385
      vertex -43.9717 -145.374 50.0669
    endloop
  endfacet
  facet normal 0.753263 0.654134 0.0685861
    outer loop
      vertex -75.6238 -160.752 573
      vertex -43.7784 -142.605 50.1748
      vertex -44.4172 -141.868 50.1615
    endloop
  endfacet
  facet normal 0.741557 0.667401 0.0683335
    outer loop
      vertex -43.7784 -142.605 50.1748
      vertex -75.6238 -160.752 573
      vertex -75.6175 -160.759 573
    endloop
  endfacet
  facet normal -0.753381 -0.653997 -0.0685886
    outer loop
      vertex -79.3321 -163.979 573
      vertex -79.9658 -163.249 573
      vertex -47.4725 -145.813 49.8385
    endloop
  endfacet
  facet normal 0.060701 0.0346915 -0.997553
    outer loop
      vertex -44.7065 -146.012 50
      vertex -45.6299 -146.32 49.9331
      vertex -43.9717 -145.374 50.0669
    endloop
  endfacet
  facet normal 0.445961 0.89316 0.0581717
    outer loop
      vertex -45.2886 -141.431 50.1236
      vertex -77.1308 -159.587 573
      vertex -76.2656 -160.019 573
    endloop
  endfacet
  facet normal 0.995726 -0.0717508 0.0581465
    outer loop
      vertex -75.3788 -162.649 573
      vertex -43.5373 -144.503 50.1236
      vertex -43.4694 -143.53 50.1615
    endloop
  endfacet
  facet normal 0.995867 -0.0697107 0.0582258
    outer loop
      vertex -43.5373 -144.503 50.1236
      vertex -75.3788 -162.649 573
      vertex -75.3795 -162.659 573
    endloop
  endfacet
  facet normal -0.893256 0.447867 -0.0388457
    outer loop
      vertex -48.3524 -143.178 49.8764
      vertex -80.2096 -161.343 573
      vertex -79.7759 -160.478 573
    endloop
  endfacet
  facet normal 0.0607226 0.0346537 -0.997553
    outer loop
      vertex -46.2598 -141.361 50.0669
      vertex -48.3524 -143.178 49.8764
      vertex -47.918 -142.307 49.9331
    endloop
  endfacet
  facet normal -0.31727 0.948238 0.0136042
    outer loop
      vertex -47.1832 -141.669 50
      vertex -79.0241 -159.826 573
      vertex -46.2598 -141.361 50.0669
    endloop
  endfacet
  facet normal -0.322646 0.946428 0.0132141
    outer loop
      vertex -79.0241 -159.826 573
      vertex -47.1832 -141.669 50
      vertex -79.0329 -159.829 573
    endloop
  endfacet
  facet normal -0.893192 0.447996 -0.0388383
    outer loop
      vertex -48.3524 -143.178 49.8764
      vertex -79.7718 -160.469 573
      vertex -47.918 -142.307 49.9331
    endloop
  endfacet
  facet normal -0.909258 0.414217 -0.0409198
    outer loop
      vertex -79.7718 -160.469 573
      vertex -48.3524 -143.178 49.8764
      vertex -79.7759 -160.478 573
    endloop
  endfacet
  facet normal -0.44497 -0.893657 -0.0581288
    outer loop
      vertex -78.4665 -164.41 573
      vertex -79.3321 -163.979 573
      vertex -47.4725 -145.813 49.8385
    endloop
  endfacet
  facet normal 0.655325 -0.755223 0.0136833
    outer loop
      vertex -75.8245 -163.538 573
      vertex -76.5563 -164.173 573
      vertex -44.7065 -146.012 50
    endloop
  endfacet
  facet normal 0.0607427 0.0346085 -0.997553
    outer loop
      vertex -46.6011 -146.25 49.8764
      vertex -47.4725 -145.813 49.8385
      vertex -43.9717 -145.374 50.0669
    endloop
  endfacet
  facet normal 0.753142 0.654273 0.0685839
    outer loop
      vertex -44.4172 -141.868 50.1615
      vertex -76.2571 -160.023 573
      vertex -75.6238 -160.752 573
    endloop
  endfacet
  facet normal 0.0607568 0.0346365 -0.997551
    outer loop
      vertex -43.9717 -145.374 50.0669
      vertex -45.2886 -141.431 50.1236
      vertex -43.5373 -144.503 50.1236
    endloop
  endfacet
  facet normal -0.442035 -0.89512 -0.0580069
    outer loop
      vertex -47.4725 -145.813 49.8385
      vertex -78.4584 -164.414 573
      vertex -78.4665 -164.41 573
    endloop
  endfacet
  facet normal -0.445499 -0.893392 -0.0581507
    outer loop
      vertex -78.4584 -164.414 573
      vertex -47.4725 -145.813 49.8385
      vertex -46.6011 -146.25 49.8764
    endloop
  endfacet
  facet normal 0.316075 -0.948635 -0.0136902
    outer loop
      vertex -45.6299 -146.32 49.9331
      vertex -76.5563 -164.173 573
      vertex -77.4837 -164.482 573
    endloop
  endfacet
  facet normal 0.31727 -0.948238 -0.013606
    outer loop
      vertex -76.5563 -164.173 573
      vertex -45.6299 -146.32 49.9331
      vertex -44.7065 -146.012 50
    endloop
  endfacet
  facet normal 0.0607547 0.0346166 -0.997552
    outer loop
      vertex -46.2598 -141.361 50.0669
      vertex -48.4203 -144.151 49.8385
      vertex -48.3524 -143.178 49.8764
    endloop
  endfacet
  facet normal -0.995726 0.0717508 -0.0581464
    outer loop
      vertex -48.4203 -144.151 49.8385
      vertex -80.2792 -162.308 573
      vertex -48.3524 -143.178 49.8764
    endloop
  endfacet
  facet normal -0.996085 0.0664057 -0.0583538
    outer loop
      vertex -80.2792 -162.308 573
      vertex -48.4203 -144.151 49.8385
      vertex -80.2798 -162.317 573
    endloop
  endfacet
  facet normal -0.654849 0.755636 -0.0136413
    outer loop
      vertex -47.918 -142.307 49.9331
      vertex -79.0329 -159.829 573
      vertex -47.1832 -141.669 50
    endloop
  endfacet
  facet normal -0.654648 0.755811 -0.0136234
    outer loop
      vertex -79.0329 -159.829 573
      vertex -47.918 -142.307 49.9331
      vertex -79.7718 -160.469 573
    endloop
  endfacet
  facet normal 0.0607344 0.0346291 -0.997553
    outer loop
      vertex -43.9717 -145.374 50.0669
      vertex -46.2598 -141.361 50.0669
      vertex -45.2886 -141.431 50.1236
    endloop
  endfacet
  facet normal -0.753263 -0.654134 -0.0685856
    outer loop
      vertex -47.4725 -145.813 49.8385
      vertex -79.9717 -163.242 573
      vertex -48.1113 -145.076 49.8252
    endloop
  endfacet
  facet normal -0.762816 -0.642945 -0.0688063
    outer loop
      vertex -79.9717 -163.242 573
      vertex -47.4725 -145.813 49.8385
      vertex -79.9658 -163.249 573
    endloop
  endfacet
  facet normal 0.060719 0.0346266 -0.997554
    outer loop
      vertex -48.1113 -145.076 49.8252
      vertex -48.4203 -144.151 49.8385
      vertex -47.4725 -145.813 49.8385
    endloop
  endfacet
  facet normal 0.445499 0.893392 0.0581521
    outer loop
      vertex -45.2886 -141.431 50.1236
      vertex -76.2571 -160.023 573
      vertex -44.4172 -141.868 50.1615
    endloop
  endfacet
  facet normal 0.425098 0.903332 0.0572973
    outer loop
      vertex -76.2571 -160.023 573
      vertex -45.2886 -141.431 50.1236
      vertex -76.2656 -160.019 573
    endloop
  endfacet
  facet normal 0.0607767 0.0346768 -0.997549
    outer loop
      vertex -43.7784 -142.605 50.1748
      vertex -45.2886 -141.431 50.1236
      vertex -44.4172 -141.868 50.1615
    endloop
  endfacet
  facet normal 0.0695784 0.99682 0.0388501
    outer loop
      vertex -46.2598 -141.361 50.0669
      vertex -77.1308 -159.587 573
      vertex -45.2886 -141.431 50.1236
    endloop
  endfacet
  facet normal 0.0695434 0.996822 0.0388481
    outer loop
      vertex -77.1308 -159.587 573
      vertex -46.2598 -141.361 50.0669
      vertex -78.1055 -159.519 573
    endloop
  endfacet
  facet normal -0.316942 0.948347 0.0136286
    outer loop
      vertex -46.2598 -141.361 50.0669
      vertex -79.0241 -159.826 573
      vertex -78.1055 -159.519 573
    endloop
  endfacet
  facet normal 0.0607007 0.0346205 -0.997555
    outer loop
      vertex -43.5373 -144.503 50.1236
      vertex -43.7784 -142.605 50.1748
      vertex -43.4694 -143.53 50.1615
    endloop
  endfacet
  facet normal 0.94654 0.315209 0.0685876
    outer loop
      vertex -75.6175 -160.759 573
      vertex -43.4694 -143.53 50.1615
      vertex -43.7784 -142.605 50.1748
    endloop
  endfacet
  facet normal 0.946449 0.315483 0.068591
    outer loop
      vertex -43.4694 -143.53 50.1615
      vertex -75.6175 -160.759 573
      vertex -75.6145 -160.768 573
    endloop
  endfacet
  facet normal 0.995724 -0.0717871 0.058145
    outer loop
      vertex -75.3093 -161.685 573
      vertex -75.3788 -162.649 573
      vertex -43.4694 -143.53 50.1615
    endloop
  endfacet
  facet normal 0.946594 0.31505 0.0685856
    outer loop
      vertex -43.4694 -143.53 50.1615
      vertex -75.6145 -160.768 573
      vertex -75.3093 -161.685 573
    endloop
  endfacet
  facet normal 0.0607347 0.0346325 -0.997553
    outer loop
      vertex -45.6299 -146.32 49.9331
      vertex -46.6011 -146.25 49.8764
      vertex -43.9717 -145.374 50.0669
    endloop
  endfacet
  facet normal 0.893192 -0.447996 0.0388378
    outer loop
      vertex -75.3795 -162.659 573
      vertex -43.9717 -145.374 50.0669
      vertex -43.5373 -144.503 50.1236
    endloop
  endfacet
  facet normal 0.880214 -0.473115 0.0372281
    outer loop
      vertex -43.9717 -145.374 50.0669
      vertex -75.3795 -162.659 573
      vertex -75.3838 -162.667 573
    endloop
  endfacet
  facet normal -0.110338 -0.99304 -0.0411999
    outer loop
      vertex -46.6011 -146.25 49.8764
      vertex -78.4494 -164.415 573
      vertex -78.4584 -164.414 573
    endloop
  endfacet
  facet normal -0.0695785 -0.99682 -0.0388497
    outer loop
      vertex -78.4494 -164.415 573
      vertex -46.6011 -146.25 49.8764
      vertex -45.6299 -146.32 49.9331
    endloop
  endfacet
  facet normal -0.0691612 -0.99685 -0.0388245
    outer loop
      vertex -77.4837 -164.482 573
      vertex -78.4494 -164.415 573
      vertex -45.6299 -146.32 49.9331
    endloop
  endfacet
  facet normal 0.893297 -0.447785 0.0388516
    outer loop
      vertex -75.3838 -162.667 573
      vertex -75.8174 -163.532 573
      vertex -43.9717 -145.374 50.0669
    endloop
  endfacet
  facet normal -0.869121 -0.490425 -0.0641318
    outer loop
      vertex -40.6784 -174.418 573
      vertex -41.1428 -173.595 573
      vertex -15.1565 -151.236 49.849
    endloop
  endfacet
  facet normal 0.0496218 0.0426277 -0.997858
    outer loop
      vertex -13.5682 -148.084 50.0626
      vertex -15.2755 -150.268 49.8844
      vertex -15.0155 -149.33 49.9374
    endloop
  endfacet
  facet normal -0.869074 -0.490507 -0.0641332
    outer loop
      vertex -14.6764 -152.085 49.8365
      vertex -40.6784 -174.418 573
      vertex -15.1565 -151.236 49.849
    endloop
  endfacet
  facet normal -0.872363 -0.484646 -0.0640465
    outer loop
      vertex -40.6784 -174.418 573
      vertex -14.6764 -152.085 49.8365
      vertex -40.6634 -174.445 573
    endloop
  endfacet
  facet normal -0.292266 -0.954736 -0.0553222
    outer loop
      vertex -13.9085 -152.686 49.849
      vertex -39.8655 -175.054 573
      vertex -39.8949 -175.045 573
    endloop
  endfacet
  facet normal -0.266481 -0.962306 -0.0543665
    outer loop
      vertex -39.8655 -175.054 573
      vertex -13.9085 -152.686 49.849
      vertex -12.9696 -152.948 49.8844
    endloop
  endfacet
  facet normal 0.0495866 0.0426553 -0.997859
    outer loop
      vertex -14.6764 -152.085 49.8365
      vertex -15.2755 -150.268 49.8844
      vertex -13.5682 -148.084 50.0626
    endloop
  endfacet
  facet normal -0.122536 0.9918 0.0363027
    outer loop
      vertex -12.6013 -147.967 50.1156
      vertex -39.5133 -170.431 573
      vertex -38.5744 -170.315 573
    endloop
  endfacet
  facet normal 0.266455 0.962313 0.0543642
    outer loop
      vertex -12.6013 -147.967 50.1156
      vertex -38.5446 -170.323 573
      vertex -11.6623 -148.229 50.151
    endloop
  endfacet
  facet normal 0.258897 0.96439 0.054078
    outer loop
      vertex -38.5446 -170.323 573
      vertex -12.6013 -147.967 50.1156
      vertex -38.5744 -170.315 573
    endloop
  endfacet
  facet normal -0.962499 0.268843 -0.0363194
    outer loop
      vertex -15.2755 -150.268 49.8844
      vertex -41.2519 -172.597 573
      vertex -15.0155 -149.33 49.9374
    endloop
  endfacet
  facet normal -0.960777 0.274981 -0.0359719
    outer loop
      vertex -41.2519 -172.597 573
      vertex -15.2755 -150.268 49.8844
      vertex -41.2602 -172.626 573
    endloop
  endfacet
  facet normal -0.787053 0.616754 -0.012735
    outer loop
      vertex -14.416 -148.563 50
      vertex -40.9786 -171.661 573
      vertex -40.3948 -170.916 573
    endloop
  endfacet
  facet normal 0.0496528 0.0426258 -0.997857
    outer loop
      vertex -11.1549 -152.353 50
      vertex -12.0026 -152.831 49.9374
      vertex -10.5553 -151.586 50.0626
    endloop
  endfacet
  facet normal 0.787104 -0.616688 0.0127409
    outer loop
      vertex -36.5311 -173.936 573
      vertex -37.1148 -174.681 573
      vertex -10.5553 -151.586 50.0626
    endloop
  endfacet
  facet normal 0.0495866 0.042615 -0.99786
    outer loop
      vertex -10.5553 -151.586 50.0626
      vertex -14.6764 -152.085 49.8365
      vertex -10.4144 -149.68 50.151
    endloop
  endfacet
  facet normal -0.991299 -0.119876 -0.0543643
    outer loop
      vertex -15.1565 -151.236 49.849
      vertex -41.2602 -172.626 573
      vertex -15.2755 -150.268 49.8844
    endloop
  endfacet
  facet normal -0.991008 -0.122224 -0.0544458
    outer loop
      vertex -41.2602 -172.626 573
      vertex -15.1565 -151.236 49.849
      vertex -41.2565 -172.656 573
    endloop
  endfacet
  facet normal -0.99128 -0.12003 -0.0543695
    outer loop
      vertex -41.1428 -173.595 573
      vertex -41.2565 -172.656 573
      vertex -15.1565 -151.236 49.849
    endloop
  endfacet
  facet normal 0.868955 0.490717 0.0641367
    outer loop
      vertex -10.8944 -148.831 50.1635
      vertex -36.8652 -171.177 573
      vertex -36.401 -171.999 573
    endloop
  endfacet
  facet normal 0.991272 0.120099 0.054372
    outer loop
      vertex -36.3857 -172.026 573
      vertex -10.2953 -150.647 50.1156
      vertex -10.4144 -149.68 50.151
    endloop
  endfacet
  facet normal 0.991487 0.118339 0.0543108
    outer loop
      vertex -10.2953 -150.647 50.1156
      vertex -36.3857 -172.026 573
      vertex -36.382 -172.057 573
    endloop
  endfacet
  facet normal 0.488364 -0.872543 -0.0130267
    outer loop
      vertex -12.0026 -152.831 49.9374
      vertex -37.1337 -174.706 573
      vertex -37.1605 -174.721 573
    endloop
  endfacet
  facet normal 0.491849 -0.870587 -0.0127774
    outer loop
      vertex -37.1337 -174.706 573
      vertex -12.0026 -152.831 49.9374
      vertex -11.1549 -152.353 50
    endloop
  endfacet
  facet normal 0.787265 -0.616483 0.0127581
    outer loop
      vertex -37.1148 -174.681 573
      vertex -11.1549 -152.353 50
      vertex -10.5553 -151.586 50.0626
    endloop
  endfacet
  facet normal 0.79762 -0.603001 0.0138477
    outer loop
      vertex -11.1549 -152.353 50
      vertex -37.1148 -174.681 573
      vertex -37.1337 -174.706 573
    endloop
  endfacet
  facet normal 0.0495458 0.042716 -0.997858
    outer loop
      vertex -13.5682 -148.084 50.0626
      vertex -15.0155 -149.33 49.9374
      vertex -14.416 -148.563 50
    endloop
  endfacet
  facet normal -0.122012 0.991863 0.0363324
    outer loop
      vertex -13.5682 -148.084 50.0626
      vertex -39.5133 -170.431 573
      vertex -12.6013 -147.967 50.1156
    endloop
  endfacet
  facet normal -0.0971876 0.994553 0.0376789
    outer loop
      vertex -39.5133 -170.431 573
      vertex -13.5682 -148.084 50.0626
      vertex -39.544 -170.434 573
    endloop
  endfacet
  facet normal 0.049261 0.0425485 -0.997879
    outer loop
      vertex -15.1565 -151.236 49.849
      vertex -15.2755 -150.268 49.8844
      vertex -14.6764 -152.085 49.8365
    endloop
  endfacet
  facet normal -0.49258 0.870174 0.0127228
    outer loop
      vertex -14.416 -148.563 50
      vertex -39.544 -170.434 573
      vertex -13.5682 -148.084 50.0626
    endloop
  endfacet
  facet normal -0.512577 0.858567 0.0112766
    outer loop
      vertex -39.544 -170.434 573
      vertex -14.416 -148.563 50
      vertex -39.5708 -170.45 573
    endloop
  endfacet
  facet normal -0.492226 0.870374 0.0127496
    outer loop
      vertex -14.416 -148.563 50
      vertex -40.3948 -170.916 573
      vertex -39.5708 -170.45 573
    endloop
  endfacet
  facet normal 0.991278 0.120052 0.0543705
    outer loop
      vertex -10.2953 -150.647 50.1156
      vertex -36.382 -172.057 573
      vertex -36.2684 -172.995 573
    endloop
  endfacet
  facet normal 0.869118 0.49043 0.0641319
    outer loop
      vertex -36.401 -171.999 573
      vertex -10.4144 -149.68 50.151
      vertex -10.8944 -148.831 50.1635
    endloop
  endfacet
  facet normal 0.86823 0.491997 0.0641547
    outer loop
      vertex -10.4144 -149.68 50.151
      vertex -36.401 -171.999 573
      vertex -36.3857 -172.026 573
    endloop
  endfacet
  facet normal -0.266131 -0.962403 -0.0543527
    outer loop
      vertex -38.9542 -175.306 573
      vertex -39.8655 -175.054 573
      vertex -12.9696 -152.948 49.8844
    endloop
  endfacet
  facet normal 0.0494703 0.0424539 -0.997873
    outer loop
      vertex -13.9085 -152.686 49.849
      vertex -14.6764 -152.085 49.8365
      vertex -12.9696 -152.948 49.8844
    endloop
  endfacet
  facet normal 0.130794 -0.990761 -0.0358483
    outer loop
      vertex -12.9696 -152.948 49.8844
      vertex -38.9239 -175.302 573
      vertex -38.9542 -175.306 573
    endloop
  endfacet
  facet normal 0.122 -0.991865 -0.0363318
    outer loop
      vertex -38.9239 -175.302 573
      vertex -12.9696 -152.948 49.8844
      vertex -12.0026 -152.831 49.9374
    endloop
  endfacet
  facet normal 0.492181 -0.8704 -0.0127534
    outer loop
      vertex -37.1605 -174.721 573
      vertex -37.9846 -175.187 573
      vertex -12.0026 -152.831 49.9374
    endloop
  endfacet
  facet normal -0.962591 0.268512 -0.0363388
    outer loop
      vertex -15.0155 -149.33 49.9374
      vertex -41.2519 -172.597 573
      vertex -40.9975 -171.685 573
    endloop
  endfacet
  facet normal -0.787314 0.61642 -0.012763
    outer loop
      vertex -15.0155 -149.33 49.9374
      vertex -40.9786 -171.661 573
      vertex -14.416 -148.563 50
    endloop
  endfacet
  facet normal -0.785574 0.61864 -0.0125819
    outer loop
      vertex -40.9786 -171.661 573
      vertex -15.0155 -149.33 49.9374
      vertex -40.9975 -171.685 573
    endloop
  endfacet
  facet normal 0.0495295 0.0426713 -0.997861
    outer loop
      vertex -11.6623 -148.229 50.151
      vertex -14.6764 -152.085 49.8365
      vertex -13.5682 -148.084 50.0626
    endloop
  endfacet
  facet normal 0.049531 0.0426924 -0.99786
    outer loop
      vertex -11.6623 -148.229 50.151
      vertex -13.5682 -148.084 50.0626
      vertex -12.6013 -147.967 50.1156
    endloop
  endfacet
  facet normal 0.26722 0.962099 0.0543945
    outer loop
      vertex -11.6623 -148.229 50.151
      vertex -38.5446 -170.323 573
      vertex -37.6337 -170.576 573
    endloop
  endfacet
  facet normal -0.614129 -0.786596 -0.0641246
    outer loop
      vertex -14.6764 -152.085 49.8365
      vertex -39.8949 -175.045 573
      vertex -40.6634 -174.445 573
    endloop
  endfacet
  facet normal -0.614414 -0.786373 -0.0641286
    outer loop
      vertex -39.8949 -175.045 573
      vertex -14.6764 -152.085 49.8365
      vertex -13.9085 -152.686 49.849
    endloop
  endfacet
  facet normal 0.121444 -0.991932 -0.0363633
    outer loop
      vertex -37.9846 -175.187 573
      vertex -38.9239 -175.302 573
      vertex -12.0026 -152.831 49.9374
    endloop
  endfacet
  facet normal 0.0498592 0.0428803 -0.997835
    outer loop
      vertex -10.4144 -149.68 50.151
      vertex -11.6623 -148.229 50.151
      vertex -10.8944 -148.831 50.1635
    endloop
  endfacet
  facet normal 0.0495749 0.0426357 -0.99786
    outer loop
      vertex -10.4144 -149.68 50.151
      vertex -14.6764 -152.085 49.8365
      vertex -11.6623 -148.229 50.151
    endloop
  endfacet
  facet normal 0.0495143 0.0427868 -0.997857
    outer loop
      vertex -12.0026 -152.831 49.9374
      vertex -12.9696 -152.948 49.8844
      vertex -10.5553 -151.586 50.0626
    endloop
  endfacet
  facet normal 0.0495797 0.0426711 -0.997858
    outer loop
      vertex -12.9696 -152.948 49.8844
      vertex -14.6764 -152.085 49.8365
      vertex -10.5553 -151.586 50.0626
    endloop
  endfacet
  facet normal 0.615049 0.785876 0.0641395
    outer loop
      vertex -11.6623 -148.229 50.151
      vertex -36.8652 -171.177 573
      vertex -10.8944 -148.831 50.1635
    endloop
  endfacet
  facet normal 0.614764 0.786099 0.0641356
    outer loop
      vertex -36.8652 -171.177 573
      vertex -11.6623 -148.229 50.151
      vertex -37.6337 -170.576 573
    endloop
  endfacet
  facet normal 0.0494748 0.0426235 -0.997865
    outer loop
      vertex -10.2953 -150.647 50.1156
      vertex -10.5553 -151.586 50.0626
      vertex -10.4144 -149.68 50.151
    endloop
  endfacet
  facet normal 0.962572 -0.268578 0.0363346
    outer loop
      vertex -36.2684 -172.995 573
      vertex -10.5553 -151.586 50.0626
      vertex -10.2953 -150.647 50.1156
    endloop
  endfacet
  facet normal 0.962535 -0.268712 0.0363273
    outer loop
      vertex -10.5553 -151.586 50.0626
      vertex -36.2684 -172.995 573
      vertex -36.5311 -173.936 573
    endloop
  endfacet
  facet normal -0.395227 -0.916019 -0.0685929
    outer loop
      vertex -0.328019 -182.161 573
      vertex -1.2157 -181.778 573
      vertex 20.4945 -151.97 49.8385
    endloop
  endfacet
  facet normal 0.0396949 0.0575722 -0.997552
    outer loop
      vertex 20.4945 -151.97 49.8385
      vertex 18.9194 -150.884 49.8385
      vertex 23.4583 -150.056 50.0669
    endloop
  endfacet
  facet normal -0.715847 -0.69488 -0.068591
    outer loop
      vertex 19.5992 -151.583 49.8252
      vertex -1.90313 -181.074 573
      vertex 18.9194 -150.884 49.8385
    endloop
  endfacet
  facet normal -0.715973 -0.69475 -0.0685889
    outer loop
      vertex -1.90313 -181.074 573
      vertex 19.5992 -151.583 49.8252
      vertex -1.22388 -181.774 573
    endloop
  endfacet
  facet normal 0.0396987 0.0575517 -0.997553
    outer loop
      vertex 23.4583 -150.056 50.0669
      vertex 18.9194 -150.884 49.8385
      vertex 19.6557 -147.433 50.0669
    endloop
  endfacet
  facet normal 0.999118 -0.0159208 0.0388477
    outer loop
      vertex 2.66035 -179.256 573
      vertex 23.4583 -150.056 50.0669
      vertex 23.4716 -149.083 50.1236
    endloop
  endfacet
  facet normal 0.999119 -0.0158509 0.0388516
    outer loop
      vertex 23.4583 -150.056 50.0669
      vertex 2.66035 -179.256 573
      vertex 2.64485 -180.233 573
    endloop
  endfacet
  facet normal 0.0397199 0.057572 -0.997551
    outer loop
      vertex 23.4716 -149.083 50.1236
      vertex 20.5611 -147.075 50.1236
      vertex 22.4311 -147.478 50.1748
    endloop
  endfacet
  facet normal -0.999118 0.0159208 -0.0388476
    outer loop
      vertex 18.5587 -149.978 49.8764
      vertex -2.24683 -179.19 573
      vertex 18.572 -149.005 49.9331
    endloop
  endfacet
  facet normal -0.999119 0.0158611 -0.038851
    outer loop
      vertex -2.24683 -179.19 573
      vertex 18.5587 -149.978 49.8764
      vertex -2.26234 -180.167 573
    endloop
  endfacet
  facet normal 0.0397088 0.0575665 -0.997552
    outer loop
      vertex 23.4583 -150.056 50.0669
      vertex 19.6557 -147.433 50.0669
      vertex 20.5611 -147.075 50.1236
    endloop
  endfacet
  facet normal 0.0397305 0.0575875 -0.99755
    outer loop
      vertex 23.4583 -150.056 50.0669
      vertex 20.5611 -147.075 50.1236
      vertex 23.4716 -149.083 50.1236
    endloop
  endfacet
  facet normal -0.696887 0.717051 0.0136432
    outer loop
      vertex 19.6557 -147.433 50.0669
      vertex -1.85233 -178.286 573
      vertex -1.1578 -177.611 573
    endloop
  endfacet
  facet normal 0.0397389 0.0576611 -0.997545
    outer loop
      vertex 22.4311 -147.478 50.1748
      vertex 20.5611 -147.075 50.1236
      vertex 21.5357 -147.091 50.1615
    endloop
  endfacet
  facet normal 0.0396788 0.0575526 -0.997554
    outer loop
      vertex 19.6557 -147.433 50.0669
      vertex 18.572 -149.005 49.9331
      vertex 18.9572 -148.111 50
    endloop
  endfacet
  facet normal 0.0396258 0.0575892 -0.997554
    outer loop
      vertex 19.6557 -147.433 50.0669
      vertex 18.5587 -149.978 49.8764
      vertex 18.572 -149.005 49.9331
    endloop
  endfacet
  facet normal 0.0397262 0.0575458 -0.997552
    outer loop
      vertex 18.9194 -150.884 49.8385
      vertex 18.5587 -149.978 49.8764
      vertex 19.6557 -147.433 50.0669
    endloop
  endfacet
  facet normal 0.0396142 0.0576336 -0.997552
    outer loop
      vertex 22.3746 -151.627 49.9331
      vertex 21.4691 -151.986 49.8764
      vertex 23.4583 -150.056 50.0669
    endloop
  endfacet
  facet normal 0.715899 0.694827 0.0685906
    outer loop
      vertex 2.2945 -178.342 573
      vertex 23.1108 -148.177 50.1615
      vertex 22.4311 -147.478 50.1748
    endloop
  endfacet
  facet normal 0.723816 0.686591 0.0684307
    outer loop
      vertex 23.1108 -148.177 50.1615
      vertex 2.2945 -178.342 573
      vertex 2.30114 -178.349 573
    endloop
  endfacet
  facet normal 0.0141257 0.998207 0.0581649
    outer loop
      vertex 20.5611 -147.075 50.1236
      vertex 0.726033 -177.262 573
      vertex 21.5357 -147.091 50.1615
    endloop
  endfacet
  facet normal 0 0.998338 0.0576366
    outer loop
      vertex 0.726033 -177.262 573
      vertex 20.5611 -147.075 50.1236
      vertex 0.716492 -177.262 573
    endloop
  endfacet
  facet normal 0.394946 0.916141 0.068586
    outer loop
      vertex 21.5357 -147.091 50.1615
      vertex 1.6219 -177.648 573
      vertex 22.4311 -147.478 50.1748
    endloop
  endfacet
  facet normal 0.394768 0.916217 0.0685837
    outer loop
      vertex 1.6219 -177.648 573
      vertex 21.5357 -147.091 50.1615
      vertex 0.726033 -177.262 573
    endloop
  endfacet
  facet normal -0.928339 -0.367161 -0.0581377
    outer loop
      vertex 18.9194 -150.884 49.8385
      vertex -2.26234 -180.167 573
      vertex 18.5587 -149.978 49.8764
    endloop
  endfacet
  facet normal -0.928167 -0.367593 -0.0581549
    outer loop
      vertex -2.26234 -180.167 573
      vertex 18.9194 -150.884 49.8385
      vertex -1.90313 -181.074 573
    endloop
  endfacet
  facet normal 0.0134258 0.998218 0.0581393
    outer loop
      vertex 20.5611 -147.075 50.1236
      vertex -0.250067 -177.249 573
      vertex 0.716492 -177.262 573
    endloop
  endfacet
  facet normal -0.670357 0.741862 0.0161983
    outer loop
      vertex 19.6557 -147.433 50.0669
      vertex -1.85897 -178.292 573
      vertex -1.85233 -178.286 573
    endloop
  endfacet
  facet normal -0.697106 0.716839 0.0136211
    outer loop
      vertex -1.85897 -178.292 573
      vertex 19.6557 -147.433 50.0669
      vertex 18.9572 -148.111 50
    endloop
  endfacet
  facet normal -0.0134185 -0.998218 -0.05814
    outer loop
      vertex 0.639066 -182.174 573
      vertex -0.328019 -182.161 573
      vertex 20.4945 -151.97 49.8385
    endloop
  endfacet
  facet normal -0.438237 -0.896195 -0.0691594
    outer loop
      vertex 19.5992 -151.583 49.8252
      vertex -1.2157 -181.778 573
      vertex -1.22388 -181.774 573
    endloop
  endfacet
  facet normal -0.394983 -0.916125 -0.0685888
    outer loop
      vertex -1.2157 -181.778 573
      vertex 19.5992 -151.583 49.8252
      vertex 20.4945 -151.97 49.8385
    endloop
  endfacet
  facet normal 0.0397219 0.0576113 -0.997549
    outer loop
      vertex 19.5992 -151.583 49.8252
      vertex 18.9194 -150.884 49.8385
      vertex 20.4945 -151.97 49.8385
    endloop
  endfacet
  facet normal 0.696644 -0.717287 -0.0136655
    outer loop
      vertex 1.55581 -181.812 573
      vertex 23.0731 -150.95 50
      vertex 2.25699 -181.131 573
    endloop
  endfacet
  facet normal 0.696579 -0.71735 -0.0136718
    outer loop
      vertex 23.0731 -150.95 50
      vertex 1.55581 -181.812 573
      vertex 22.3746 -151.627 49.9331
    endloop
  endfacet
  facet normal 0.0398202 0.0574916 -0.997552
    outer loop
      vertex 23.0731 -150.95 50
      vertex 22.3746 -151.627 49.9331
      vertex 23.4583 -150.056 50.0669
    endloop
  endfacet
  facet normal 0.370148 -0.928161 -0.0388292
    outer loop
      vertex 21.4691 -151.986 49.8764
      vertex 1.55581 -181.812 573
      vertex 0.648081 -182.174 573
    endloop
  endfacet
  facet normal 0.370379 -0.92807 -0.0388152
    outer loop
      vertex 1.55581 -181.812 573
      vertex 21.4691 -151.986 49.8764
      vertex 22.3746 -151.627 49.9331
    endloop
  endfacet
  facet normal 0.716401 0.69431 0.0685795
    outer loop
      vertex 22.4311 -147.478 50.1748
      vertex 1.6219 -177.648 573
      vertex 2.2945 -178.342 573
    endloop
  endfacet
  facet normal 0.928303 0.36725 0.058141
    outer loop
      vertex 2.30114 -178.349 573
      vertex 23.4716 -149.083 50.1236
      vertex 23.1108 -148.177 50.1615
    endloop
  endfacet
  facet normal 0.928167 0.367593 0.0581546
    outer loop
      vertex 23.4716 -149.083 50.1236
      vertex 2.30114 -178.349 573
      vertex 2.66035 -179.256 573
    endloop
  endfacet
  facet normal 0.0396223 0.0575091 -0.997558
    outer loop
      vertex 23.4716 -149.083 50.1236
      vertex 22.4311 -147.478 50.1748
      vertex 23.1108 -148.177 50.1615
    endloop
  endfacet
  facet normal -0.917921 0.396528 -0.013652
    outer loop
      vertex 18.572 -149.005 49.9331
      vertex -1.85897 -178.292 573
      vertex 18.9572 -148.111 50
    endloop
  endfacet
  facet normal -0.917944 0.396474 -0.0136559
    outer loop
      vertex -1.85897 -178.292 573
      vertex 18.572 -149.005 49.9331
      vertex -2.24683 -179.19 573
    endloop
  endfacet
  facet normal -0.369677 0.928347 0.0388592
    outer loop
      vertex 20.5611 -147.075 50.1236
      vertex -1.14909 -177.607 573
      vertex -0.250067 -177.249 573
    endloop
  endfacet
  facet normal -0.369531 0.928405 0.0388686
    outer loop
      vertex 19.6557 -147.433 50.0669
      vertex -1.14909 -177.607 573
      vertex 20.5611 -147.075 50.1236
    endloop
  endfacet
  facet normal -0.41707 0.908169 0.0358096
    outer loop
      vertex -1.14909 -177.607 573
      vertex 19.6557 -147.433 50.0669
      vertex -1.1578 -177.611 573
    endloop
  endfacet
  facet normal 0 -0.998338 -0.0576376
    outer loop
      vertex 20.4945 -151.97 49.8385
      vertex 0.648081 -182.174 573
      vertex 0.639066 -182.174 573
    endloop
  endfacet
  facet normal -0.0141256 -0.998207 -0.058166
    outer loop
      vertex 0.648081 -182.174 573
      vertex 20.4945 -151.97 49.8385
      vertex 21.4691 -151.986 49.8764
    endloop
  endfacet
  facet normal 0.0397367 0.0575076 -0.997554
    outer loop
      vertex 21.4691 -151.986 49.8764
      vertex 20.4945 -151.97 49.8385
      vertex 23.4583 -150.056 50.0669
    endloop
  endfacet
  facet normal 0.917882 -0.39662 0.013645
    outer loop
      vertex 2.64113 -180.242 573
      vertex 2.25699 -181.131 573
      vertex 23.0731 -150.95 50
    endloop
  endfacet
  facet normal 0.917921 -0.396528 0.013652
    outer loop
      vertex 2.64485 -180.233 573
      vertex 23.0731 -150.95 50
      vertex 23.4583 -150.056 50.0669
    endloop
  endfacet
  facet normal 0.924067 -0.381948 0.0147084
    outer loop
      vertex 23.0731 -150.95 50
      vertex 2.64485 -180.233 573
      vertex 2.64113 -180.242 573
    endloop
  endfacet
  facet normal -0.570211 -0.818991 -0.0641328
    outer loop
      vertex 39.0273 -174.795 573
      vertex 38.2517 -174.255 573
      vertex 51.9632 -142.835 49.849
    endloop
  endfacet
  facet normal 0.0261922 0.0598907 -0.997861
    outer loop
      vertex 56.2606 -141.154 50.0626
      vertex 52.7641 -143.392 49.8365
      vertex 55.5606 -139.375 50.151
    endloop
  endfacet
  facet normal 0.0261217 0.0599305 -0.997861
    outer loop
      vertex 52.7641 -143.392 49.8365
      vertex 52.0268 -139.306 50.0626
      vertex 53.8069 -138.61 50.151
    endloop
  endfacet
  facet normal -0.562686 -0.824169 -0.0642631
    outer loop
      vertex 51.9632 -142.835 49.849
      vertex 39.0522 -174.812 573
      vertex 39.0273 -174.795 573
    endloop
  endfacet
  facet normal -0.570462 -0.818817 -0.0641278
    outer loop
      vertex 39.0522 -174.812 573
      vertex 51.9632 -142.835 49.849
      vertex 52.7641 -143.392 49.8365
    endloop
  endfacet
  facet normal 0.177413 -0.982634 -0.0543663
    outer loop
      vertex 40.9359 -174.852 573
      vertex 40.0054 -175.02 573
      vertex 53.7169 -143.6 49.849
    endloop
  endfacet
  facet normal -0.841067 -0.538192 -0.0543676
    outer loop
      vertex 51.9632 -142.835 49.849
      vertex 37.7255 -173.433 573
      vertex 51.4362 -142.015 49.8844
    endloop
  endfacet
  facet normal -0.84097 -0.538343 -0.0543738
    outer loop
      vertex 37.7255 -173.433 573
      vertex 51.9632 -142.835 49.849
      vertex 38.2517 -174.255 573
    endloop
  endfacet
  facet normal 0.569746 0.819314 0.0641404
    outer loop
      vertex 55.5606 -139.375 50.151
      vertex 41.0818 -170.238 573
      vertex 41.8569 -170.777 573
    endloop
  endfacet
  facet normal -0.821127 0.570604 0.0127496
    outer loop
      vertex 51.4706 -140.105 50
      vertex 38.3209 -170.714 573
      vertex 52.0268 -139.306 50.0626
    endloop
  endfacet
  facet normal -0.816081 0.577785 0.0132968
    outer loop
      vertex 38.3209 -170.714 573
      vertex 51.4706 -140.105 50
      vertex 38.3032 -170.739 573
    endloop
  endfacet
  facet normal -0.820998 0.570789 0.0127632
    outer loop
      vertex 51.4706 -140.105 50
      vertex 37.763 -171.516 573
      vertex 38.3032 -170.739 573
    endloop
  endfacet
  facet normal -0.983815 -0.175469 -0.0363241
    outer loop
      vertex 51.4362 -142.015 49.8844
      vertex 37.5539 -172.471 573
      vertex 51.2632 -141.056 49.9374
    endloop
  endfacet
  facet normal -0.983531 -0.177036 -0.0364078
    outer loop
      vertex 37.5539 -172.471 573
      vertex 51.4362 -142.015 49.8844
      vertex 37.5593 -172.501 573
    endloop
  endfacet
  facet normal -0.98382 -0.175441 -0.0363225
    outer loop
      vertex 37.7255 -173.433 573
      vertex 37.5593 -172.501 573
      vertex 51.4362 -142.015 49.8844
    endloop
  endfacet
  facet normal 0.0263354 0.0598983 -0.997857
    outer loop
      vertex 51.4362 -142.015 49.8844
      vertex 51.2632 -141.056 49.9374
      vertex 52.0268 -139.306 50.0626
    endloop
  endfacet
  facet normal 0.0261584 0.059937 -0.997859
    outer loop
      vertex 52.7641 -143.392 49.8365
      vertex 51.4362 -142.015 49.8844
      vertex 52.0268 -139.306 50.0626
    endloop
  endfacet
  facet normal 0.026152 0.0599532 -0.997859
    outer loop
      vertex 54.6766 -143.429 49.8844
      vertex 52.7641 -143.392 49.8365
      vertex 56.2606 -141.154 50.0626
    endloop
  endfacet
  facet normal 0.0260551 0.0600206 -0.997857
    outer loop
      vertex 55.497 -142.904 49.9374
      vertex 54.6766 -143.429 49.8844
      vertex 56.2606 -141.154 50.0626
    endloop
  endfacet
  facet normal -0.976786 0.213837 -0.0127582
    outer loop
      vertex 51.4706 -140.105 50
      vertex 37.5605 -172.441 573
      vertex 37.763 -171.516 573
    endloop
  endfacet
  facet normal 0.976781 -0.213862 0.0127566
    outer loop
      vertex 42.5547 -172.561 573
      vertex 56.0532 -142.105 50
      vertex 56.2606 -141.154 50.0626
    endloop
  endfacet
  facet normal 0.976779 -0.213869 0.0127562
    outer loop
      vertex 56.0532 -142.105 50
      vertex 42.5547 -172.561 573
      vertex 42.3456 -173.516 573
    endloop
  endfacet
  facet normal 0.84102 0.538265 0.0543707
    outer loop
      vertex 41.8569 -170.777 573
      vertex 56.0877 -140.195 50.1156
      vertex 55.5606 -139.375 50.151
    endloop
  endfacet
  facet normal 0.841268 0.53788 0.0543549
    outer loop
      vertex 56.0877 -140.195 50.1156
      vertex 41.8569 -170.777 573
      vertex 42.3831 -171.6 573
    endloop
  endfacet
  facet normal 0.0263316 0.060363 -0.997829
    outer loop
      vertex 55.5606 -139.375 50.151
      vertex 53.8069 -138.61 50.151
      vertex 54.7597 -138.819 50.1635
    endloop
  endfacet
  facet normal 0.0261411 0.0599262 -0.99786
    outer loop
      vertex 55.5606 -139.375 50.151
      vertex 52.7641 -143.392 49.8365
      vertex 53.8069 -138.61 50.151
    endloop
  endfacet
  facet normal 0.0260123 0.0597965 -0.997872
    outer loop
      vertex 51.9632 -142.835 49.849
      vertex 51.4362 -142.015 49.8844
      vertex 52.7641 -143.392 49.8365
    endloop
  endfacet
  facet normal 0.0261496 0.0598172 -0.997867
    outer loop
      vertex 53.7169 -143.6 49.849
      vertex 52.7641 -143.392 49.8365
      vertex 54.6766 -143.429 49.8844
    endloop
  endfacet
  facet normal 0.164152 -0.98491 -0.0548262
    outer loop
      vertex 53.7169 -143.6 49.849
      vertex 40.9659 -174.847 573
      vertex 40.9359 -174.852 573
    endloop
  endfacet
  facet normal 0.177102 -0.982689 -0.0543779
    outer loop
      vertex 40.9659 -174.847 573
      vertex 53.7169 -143.6 49.849
      vertex 54.6766 -143.429 49.8844
    endloop
  endfacet
  facet normal 0.983805 0.175521 0.0363271
    outer loop
      vertex 56.0877 -140.195 50.1156
      vertex 42.3831 -171.6 573
      vertex 42.5492 -172.531 573
    endloop
  endfacet
  facet normal 0.983832 0.17537 0.0363185
    outer loop
      vertex 42.5492 -172.531 573
      vertex 56.2606 -141.154 50.0626
      vertex 56.0877 -140.195 50.1156
    endloop
  endfacet
  facet normal 0.982948 0.180207 0.0365856
    outer loop
      vertex 56.2606 -141.154 50.0626
      vertex 42.5492 -172.531 573
      vertex 42.5547 -172.561 573
    endloop
  endfacet
  facet normal 0.0260952 0.0598527 -0.997866
    outer loop
      vertex 56.2606 -141.154 50.0626
      vertex 55.5606 -139.375 50.151
      vertex 56.0877 -140.195 50.1156
    endloop
  endfacet
  facet normal 0.0261354 0.0598956 -0.997862
    outer loop
      vertex 53.8069 -138.61 50.151
      vertex 52.0268 -139.306 50.0626
      vertex 52.8472 -138.781 50.1156
    endloop
  endfacet
  facet normal -0.548375 0.835466 0.0357882
    outer loop
      vertex 52.8472 -138.781 50.1156
      vertex 38.3209 -170.714 573
      vertex 38.3468 -170.697 573
    endloop
  endfacet
  facet normal -0.540321 0.840674 0.03633
    outer loop
      vertex 38.3209 -170.714 573
      vertex 52.8472 -138.781 50.1156
      vertex 52.0268 -139.306 50.0626
    endloop
  endfacet
  facet normal 0.213015 0.974941 0.064137
    outer loop
      vertex 53.8069 -138.61 50.151
      vertex 41.0564 -170.22 573
      vertex 54.7597 -138.819 50.1635
    endloop
  endfacet
  facet normal 0.212757 0.974998 0.0641341
    outer loop
      vertex 41.0564 -170.22 573
      vertex 53.8069 -138.61 50.151
      vertex 40.1032 -170.012 573
    endloop
  endfacet
  facet normal 0.577009 0.814224 0.0640246
    outer loop
      vertex 41.0818 -170.238 573
      vertex 54.7597 -138.819 50.1635
      vertex 41.0564 -170.22 573
    endloop
  endfacet
  facet normal 0.569772 0.819296 0.06414
    outer loop
      vertex 54.7597 -138.819 50.1635
      vertex 41.0818 -170.238 573
      vertex 55.5606 -139.375 50.151
    endloop
  endfacet
  facet normal -0.976781 0.213862 -0.0127565
    outer loop
      vertex 51.2632 -141.056 49.9374
      vertex 37.5605 -172.441 573
      vertex 51.4706 -140.105 50
    endloop
  endfacet
  facet normal -0.976566 0.214844 -0.012692
    outer loop
      vertex 37.5605 -172.441 573
      vertex 51.2632 -141.056 49.9374
      vertex 37.5539 -172.471 573
    endloop
  endfacet
  facet normal 0.0261397 0.0599837 -0.997857
    outer loop
      vertex 52.0268 -139.306 50.0626
      vertex 51.2632 -141.056 49.9374
      vertex 51.4706 -140.105 50
    endloop
  endfacet
  facet normal 0.0261397 0.0599837 -0.997857
    outer loop
      vertex 56.0532 -142.105 50
      vertex 55.497 -142.904 49.9374
      vertex 56.2606 -141.154 50.0626
    endloop
  endfacet
  facet normal 0.540183 -0.840763 -0.0363379
    outer loop
      vertex 40.9659 -174.847 573
      vertex 55.497 -142.904 49.9374
      vertex 41.7877 -174.319 573
    endloop
  endfacet
  facet normal 0.540321 -0.840674 -0.0363287
    outer loop
      vertex 55.497 -142.904 49.9374
      vertex 40.9659 -174.847 573
      vertex 54.6766 -143.429 49.8844
    endloop
  endfacet
  facet normal -0.212757 -0.974998 -0.0641324
    outer loop
      vertex 52.7641 -143.392 49.8365
      vertex 40.0054 -175.02 573
      vertex 39.0522 -174.812 573
    endloop
  endfacet
  facet normal -0.212039 -0.975155 -0.0641244
    outer loop
      vertex 40.0054 -175.02 573
      vertex 52.7641 -143.392 49.8365
      vertex 53.7169 -143.6 49.849
    endloop
  endfacet
  facet normal -0.177102 0.982689 0.0543779
    outer loop
      vertex 52.8472 -138.781 50.1156
      vertex 40.1032 -170.012 573
      vertex 53.8069 -138.61 50.151
    endloop
  endfacet
  facet normal -0.192742 0.979772 0.0538225
    outer loop
      vertex 40.1032 -170.012 573
      vertex 52.8472 -138.781 50.1156
      vertex 40.0727 -170.018 573
    endloop
  endfacet
  facet normal 0.821126 -0.570604 -0.0127487
    outer loop
      vertex 42.3456 -173.516 573
      vertex 55.497 -142.904 49.9374
      vertex 56.0532 -142.105 50
    endloop
  endfacet
  facet normal 0.821178 -0.57053 -0.012743
    outer loop
      vertex 55.497 -142.904 49.9374
      vertex 42.3456 -173.516 573
      vertex 41.7877 -174.319 573
    endloop
  endfacet
  facet normal -0.176463 0.982803 0.0544013
    outer loop
      vertex 52.8472 -138.781 50.1156
      vertex 39.1426 -170.185 573
      vertex 40.0727 -170.018 573
    endloop
  endfacet
  facet normal -0.540711 0.840425 0.0363034
    outer loop
      vertex 52.8472 -138.781 50.1156
      vertex 38.3468 -170.697 573
      vertex 39.1426 -170.185 573
    endloop
  endfacet
  facet normal 0.0419281 -0.996764 -0.0685837
    outer loop
      vertex 77.7663 -164.304 573
      vertex 84.4024 -128.028 49.8385
      vertex 78.741 -164.263 573
    endloop
  endfacet
  facet normal 0.04185 -0.996767 -0.0685849
    outer loop
      vertex 84.4024 -128.028 49.8385
      vertex 77.7663 -164.304 573
      vertex 83.4279 -128.068 49.8252
    endloop
  endfacet
  facet normal 0.0107865 0.0690474 -0.997555
    outer loop
      vertex 86.2422 -125.018 50.0669
      vertex 81.6781 -124.305 50.0669
      vertex 82.3385 -123.589 50.1236
    endloop
  endfacet
  facet normal 0.0110185 0.069049 -0.997552
    outer loop
      vertex 81.3835 -126.191 49.9331
      vertex 81.3428 -125.218 50
      vertex 81.6781 -124.305 50.0669
    endloop
  endfacet
  facet normal -0.34363 -0.936597 -0.0685888
    outer loop
      vertex 82.5119 -127.733 49.8385
      vertex 77.7663 -164.304 573
      vertex 76.8505 -163.968 573
    endloop
  endfacet
  facet normal -0.343541 -0.93663 -0.0685903
    outer loop
      vertex 77.7663 -164.304 573
      vertex 82.5119 -127.733 49.8385
      vertex 83.4279 -128.068 49.8252
    endloop
  endfacet
  facet normal 0.99907 0.0408944 0.013644
    outer loop
      vertex 80.5832 -161.237 573
      vertex 86.2829 -125.99 50
      vertex 86.2422 -125.018 50.0669
    endloop
  endfacet
  facet normal 0.998918 0.0443963 0.0138783
    outer loop
      vertex 86.2829 -125.99 50
      vertex 80.5832 -161.237 573
      vertex 80.5836 -161.246 573
    endloop
  endfacet
  facet normal 0.0107932 0.0690899 -0.997552
    outer loop
      vertex 82.5119 -127.733 49.8385
      vertex 81.6781 -124.305 50.0669
      vertex 86.2422 -125.018 50.0669
    endloop
  endfacet
  facet normal 0.0107832 0.0691036 -0.997551
    outer loop
      vertex 84.4024 -128.028 49.8385
      vertex 82.5119 -127.733 49.8385
      vertex 86.2422 -125.018 50.0669
    endloop
  endfacet
  facet normal 0.42041 -0.905468 -0.0581657
    outer loop
      vertex 78.741 -164.263 573
      vertex 85.2872 -127.619 49.8764
      vertex 79.6262 -163.852 573
    endloop
  endfacet
  facet normal 0.420933 -0.905227 -0.0581423
    outer loop
      vertex 85.2872 -127.619 49.8764
      vertex 78.741 -164.263 573
      vertex 84.4024 -128.028 49.8385
    endloop
  endfacet
  facet normal 0.0107773 0.0691232 -0.99755
    outer loop
      vertex 84.1978 -123.14 50.1748
      vertex 82.3385 -123.589 50.1236
      vertex 83.2233 -123.18 50.1615
    endloop
  endfacet
  facet normal 0.0107972 0.0690765 -0.997553
    outer loop
      vertex 86.2422 -125.018 50.0669
      vertex 82.3385 -123.589 50.1236
      vertex 85.8316 -124.135 50.1236
    endloop
  endfacet
  facet normal 0.010657 0.0691049 -0.997552
    outer loop
      vertex 86.2829 -125.99 50
      vertex 85.9475 -126.904 49.9331
      vertex 86.2422 -125.018 50.0669
    endloop
  endfacet
  facet normal 0.676711 0.733948 0.0581571
    outer loop
      vertex 85.8316 -124.135 50.1236
      vertex 79.4629 -159.695 573
      vertex 80.1733 -160.35 573
    endloop
  endfacet
  facet normal -0.736047 0.675815 0.0388426
    outer loop
      vertex 81.6781 -124.305 50.0669
      vertex 76.0256 -160.517 573
      vertex 82.3385 -123.589 50.1236
    endloop
  endfacet
  facet normal -0.737475 0.674263 0.0387198
    outer loop
      vertex 76.0256 -160.517 573
      vertex 81.6781 -124.305 50.0669
      vertex 76.0192 -160.524 573
    endloop
  endfacet
  facet normal 0.939023 -0.343584 -0.0136357
    outer loop
      vertex 80.2903 -163.124 573
      vertex 85.9475 -126.904 49.9331
      vertex 86.2829 -125.99 50
    endloop
  endfacet
  facet normal 0.928363 -0.371345 -0.0156733
    outer loop
      vertex 85.9475 -126.904 49.9331
      vertex 80.2903 -163.124 573
      vertex 80.2871 -163.132 573
    endloop
  endfacet
  facet normal 0.0107877 0.0691008 -0.997551
    outer loop
      vertex 85.2872 -127.619 49.8764
      vertex 84.4024 -128.028 49.8385
      vertex 86.2422 -125.018 50.0669
    endloop
  endfacet
  facet normal 0.939045 -0.343525 -0.0136313
    outer loop
      vertex 80.6232 -162.214 573
      vertex 80.2903 -163.124 573
      vertex 86.2829 -125.99 50
    endloop
  endfacet
  facet normal -0.665969 -0.743665 -0.0587137
    outer loop
      vertex 81.794 -127.074 49.8764
      vertex 76.1397 -163.312 573
      vertex 76.133 -163.306 573
    endloop
  endfacet
  facet normal -0.67676 -0.733903 -0.0581541
    outer loop
      vertex 76.1397 -163.312 573
      vertex 81.794 -127.074 49.8764
      vertex 82.5119 -127.733 49.8385
    endloop
  endfacet
  facet normal -0.999071 -0.0408711 -0.0136423
    outer loop
      vertex 75.7231 -162.419 573
      vertex 75.6835 -161.451 573
      vertex 81.3835 -126.191 49.9331
    endloop
  endfacet
  facet normal -0.907065 -0.419193 -0.0388495
    outer loop
      vertex 81.794 -127.074 49.8764
      vertex 76.1293 -163.298 573
      vertex 81.3835 -126.191 49.9331
    endloop
  endfacet
  facet normal -0.906941 -0.41946 -0.0388667
    outer loop
      vertex 76.1293 -163.298 573
      vertex 81.794 -127.074 49.8764
      vertex 76.133 -163.306 573
    endloop
  endfacet
  facet normal -0.677064 -0.733624 -0.0581388
    outer loop
      vertex 76.8505 -163.968 573
      vertex 76.1397 -163.312 573
      vertex 82.5119 -127.733 49.8385
    endloop
  endfacet
  facet normal 0.0107939 0.0690551 -0.997554
    outer loop
      vertex 85.8316 -124.135 50.1236
      vertex 82.3385 -123.589 50.1236
      vertex 84.1978 -123.14 50.1748
    endloop
  endfacet
  facet normal 0.999071 0.0408711 0.0136424
    outer loop
      vertex 86.2829 -125.99 50
      vertex 80.5836 -161.246 573
      vertex 80.6232 -162.214 573
    endloop
  endfacet
  facet normal 0.0107792 0.0690782 -0.997553
    outer loop
      vertex 83.4279 -128.068 49.8252
      vertex 82.5119 -127.733 49.8385
      vertex 84.4024 -128.028 49.8385
    endloop
  endfacet
  facet normal -0.42041 0.905468 0.0581653
    outer loop
      vertex 83.2233 -123.18 50.1615
      vertex 76.6802 -159.804 573
      vertex 77.5654 -159.393 573
    endloop
  endfacet
  facet normal -0.420933 0.905227 0.0581419
    outer loop
      vertex 76.6802 -159.804 573
      vertex 83.2233 -123.18 50.1615
      vertex 82.3385 -123.589 50.1236
    endloop
  endfacet
  facet normal -0.0419324 0.996764 0.0685842
    outer loop
      vertex 84.1978 -123.14 50.1748
      vertex 77.5654 -159.393 573
      vertex 78.54 -159.352 573
    endloop
  endfacet
  facet normal -0.04185 0.996767 0.0685855
    outer loop
      vertex 77.5654 -159.393 573
      vertex 84.1978 -123.14 50.1748
      vertex 83.2233 -123.18 50.1615
    endloop
  endfacet
  facet normal -0.736075 0.675785 0.0388402
    outer loop
      vertex 82.3385 -123.589 50.1236
      vertex 76.0256 -160.517 573
      vertex 76.6802 -159.804 573
    endloop
  endfacet
  facet normal -0.999072 -0.0408527 -0.0136411
    outer loop
      vertex 81.3835 -126.191 49.9331
      vertex 75.6831 -161.442 573
      vertex 81.3428 -125.218 50
    endloop
  endfacet
  facet normal -0.998918 -0.0443963 -0.0138782
    outer loop
      vertex 75.6831 -161.442 573
      vertex 81.3835 -126.191 49.9331
      vertex 75.6835 -161.451 573
    endloop
  endfacet
  facet normal -0.938935 0.343824 0.013653
    outer loop
      vertex 81.3428 -125.218 50
      vertex 76.0192 -160.524 573
      vertex 81.6781 -124.305 50.0669
    endloop
  endfacet
  facet normal -0.938954 0.343772 0.0136493
    outer loop
      vertex 76.0192 -160.524 573
      vertex 81.3428 -125.218 50
      vertex 75.6831 -161.442 573
    endloop
  endfacet
  facet normal 0.0108106 0.0690815 -0.997552
    outer loop
      vertex 81.794 -127.074 49.8764
      vertex 81.3835 -126.191 49.9331
      vertex 81.6781 -124.305 50.0669
    endloop
  endfacet
  facet normal 0.0107477 0.0690789 -0.997553
    outer loop
      vertex 81.794 -127.074 49.8764
      vertex 81.6781 -124.305 50.0669
      vertex 82.5119 -127.733 49.8385
    endloop
  endfacet
  facet normal -0.907075 -0.419174 -0.0388482
    outer loop
      vertex 76.1293 -163.298 573
      vertex 75.7231 -162.419 573
      vertex 81.3835 -126.191 49.9331
    endloop
  endfacet
  facet normal 0.907026 0.419277 0.0388555
    outer loop
      vertex 80.5793 -161.229 573
      vertex 86.2422 -125.018 50.0669
      vertex 85.8316 -124.135 50.1236
    endloop
  endfacet
  facet normal 0.898155 0.437851 0.0400456
    outer loop
      vertex 86.2422 -125.018 50.0669
      vertex 80.5793 -161.229 573
      vertex 80.5832 -161.237 573
    endloop
  endfacet
  facet normal 0.0107389 0.0689652 -0.997561
    outer loop
      vertex 85.8316 -124.135 50.1236
      vertex 84.1978 -123.14 50.1748
      vertex 85.1137 -123.475 50.1615
    endloop
  endfacet
  facet normal 0.70094 0.710953 0.0568275
    outer loop
      vertex 79.4629 -159.695 573
      vertex 85.1137 -123.475 50.1615
      vertex 79.4558 -159.688 573
    endloop
  endfacet
  facet normal 0.677314 0.733395 0.0581268
    outer loop
      vertex 85.1137 -123.475 50.1615
      vertex 79.4629 -159.695 573
      vertex 85.8316 -124.135 50.1236
    endloop
  endfacet
  facet normal 0.0108655 0.0690724 -0.997552
    outer loop
      vertex 85.9475 -126.904 49.9331
      vertex 85.2872 -127.619 49.8764
      vertex 86.2422 -125.018 50.0669
    endloop
  endfacet
  facet normal 0.34363 0.936597 0.0685893
    outer loop
      vertex 79.4558 -159.688 573
      vertex 84.1978 -123.14 50.1748
      vertex 78.54 -159.352 573
    endloop
  endfacet
  facet normal 0.343574 0.936618 0.0685903
    outer loop
      vertex 84.1978 -123.14 50.1748
      vertex 79.4558 -159.688 573
      vertex 85.1137 -123.475 50.1615
    endloop
  endfacet
  facet normal 0.735629 -0.676268 -0.0388782
    outer loop
      vertex 80.2871 -163.132 573
      vertex 85.2872 -127.619 49.8764
      vertex 85.9475 -126.904 49.9331
    endloop
  endfacet
  facet normal 0.73614 -0.675715 -0.0388357
    outer loop
      vertex 85.2872 -127.619 49.8764
      vertex 80.2871 -163.132 573
      vertex 79.6262 -163.852 573
    endloop
  endfacet
  facet normal 0.907154 0.419004 0.0388374
    outer loop
      vertex 85.8316 -124.135 50.1236
      vertex 80.1733 -160.35 573
      vertex 80.5793 -161.229 573
    endloop
  endfacet
  facet normal -0.851287 0.52344 0.036357
    outer loop
      vertex 107.317 -102.937 50.0626
      vertex 109.107 -136.348 573
      vertex 107.829 -102.108 50.1156
    endloop
  endfacet
  facet normal -0.851833 0.522553 0.0363023
    outer loop
      vertex 109.107 -136.348 573
      vertex 107.317 -102.937 50.0626
      vertex 108.596 -137.181 573
    endloop
  endfacet
  facet normal -0.00240899 0.0653869 -0.997857
    outer loop
      vertex 107.389 -104.845 49.9374
      vertex 107.163 -103.898 50
      vertex 107.317 -102.937 50.0626
    endloop
  endfacet
  facet normal -0.157585 -0.98542 -0.0641439
    outer loop
      vertex 108.791 -106.144 49.849
      vertex 111.033 -140.556 573
      vertex 110.07 -140.402 573
    endloop
  endfacet
  facet normal -0.158397 -0.985291 -0.0641319
    outer loop
      vertex 111.033 -140.556 573
      vertex 108.791 -106.144 49.849
      vertex 109.754 -106.298 49.8365
    endloop
  endfacet
  facet normal 0.52452 0.849661 0.0543567
    outer loop
      vertex 112.64 -136.217 573
      vertex 110.531 -101.466 50.151
      vertex 111.809 -135.704 573
    endloop
  endfacet
  facet normal 0.523975 0.849996 0.0543812
    outer loop
      vertex 110.531 -101.466 50.151
      vertex 112.64 -136.217 573
      vertex 111.362 -101.976 50.1156
    endloop
  endfacet
  facet normal -0.226761 0.971832 0.0642014
    outer loop
      vertex 109.568 -101.312 50.1635
      vertex 109.897 -135.775 573
      vertex 109.927 -135.768 573
    endloop
  endfacet
  facet normal -0.231021 0.970832 0.0641382
    outer loop
      vertex 109.897 -135.775 573
      vertex 109.568 -101.312 50.1635
      vertex 108.619 -101.537 50.151
    endloop
  endfacet
  facet normal -0.972796 -0.231312 -0.0127701
    outer loop
      vertex 107.389 -104.845 49.9374
      vertex 108.441 -138.146 573
      vertex 107.163 -103.898 50
    endloop
  endfacet
  facet normal -0.972826 -0.231187 -0.012762
    outer loop
      vertex 108.441 -138.146 573
      vertex 107.389 -104.845 49.9374
      vertex 108.667 -139.097 573
    endloop
  endfacet
  facet normal 0.585857 -0.808588 -0.0543818
    outer loop
      vertex 111.982 -140.33 573
      vertex 110.703 -106.072 49.849
      vertex 112.748 -139.775 573
    endloop
  endfacet
  facet normal 0.987451 -0.15741 -0.0127226
    outer loop
      vertex 113.438 -137.96 573
      vertex 112.005 -104.673 49.9374
      vertex 112.159 -103.712 50
    endloop
  endfacet
  facet normal 0.987264 -0.158576 -0.0127963
    outer loop
      vertex 112.005 -104.673 49.9374
      vertex 113.438 -137.96 573
      vertex 113.283 -138.925 573
    endloop
  endfacet
  facet normal 0.158407 0.985289 0.0641327
    outer loop
      vertex 111.779 -135.699 573
      vertex 109.568 -101.312 50.1635
      vertex 110.846 -135.549 573
    endloop
  endfacet
  facet normal 0.231334 -0.970758 -0.0641347
    outer loop
      vertex 111.063 -140.549 573
      vertex 110.703 -106.072 49.849
      vertex 111.982 -140.33 573
    endloop
  endfacet
  facet normal -0.00240408 0.0653431 -0.99786
    outer loop
      vertex 109.754 -106.298 49.8365
      vertex 108.619 -101.537 50.151
      vertex 111.934 -102.765 50.0626
    endloop
  endfacet
  facet normal 0.973026 0.230344 0.0127059
    outer loop
      vertex 113.212 -137.009 573
      vertex 112.159 -103.712 50
      vertex 111.934 -102.765 50.0626
    endloop
  endfacet
  facet normal 0.972826 0.231187 0.0127599
    outer loop
      vertex 112.159 -103.712 50
      vertex 113.212 -137.009 573
      vertex 113.438 -137.96 573
    endloop
  endfacet
  facet normal 0.851287 -0.52344 -0.0363567
    outer loop
      vertex 113.283 -138.925 573
      vertex 111.493 -105.502 49.8844
      vertex 112.005 -104.673 49.9374
    endloop
  endfacet
  facet normal 0.851553 -0.523009 -0.03633
    outer loop
      vertex 111.493 -105.502 49.8844
      vertex 113.283 -138.925 573
      vertex 112.772 -139.757 573
    endloop
  endfacet
  facet normal -0.00245684 0.0653463 -0.99786
    outer loop
      vertex 107.96 -105.634 49.8844
      vertex 107.317 -102.937 50.0626
      vertex 109.754 -106.298 49.8365
    endloop
  endfacet
  facet normal -0.00248928 0.0653228 -0.997861
    outer loop
      vertex 109.754 -106.298 49.8365
      vertex 107.317 -102.937 50.0626
      vertex 108.619 -101.537 50.151
    endloop
  endfacet
  facet normal -0.00252218 0.0653533 -0.997859
    outer loop
      vertex 108.619 -101.537 50.151
      vertex 107.317 -102.937 50.0626
      vertex 107.829 -102.108 50.1156
    endloop
  endfacet
  facet normal -0.586267 0.808292 0.0543628
    outer loop
      vertex 108.619 -101.537 50.151
      vertex 109.107 -136.348 573
      vertex 109.897 -135.775 573
    endloop
  endfacet
  facet normal -0.586523 0.808107 0.0543507
    outer loop
      vertex 109.107 -136.348 573
      vertex 108.619 -101.537 50.151
      vertex 107.829 -102.108 50.1156
    endloop
  endfacet
  facet normal 0.226761 -0.971832 -0.0642023
    outer loop
      vertex 111.033 -140.556 573
      vertex 110.703 -106.072 49.849
      vertex 111.063 -140.549 573
    endloop
  endfacet
  facet normal 0.231989 -0.970602 -0.0641245
    outer loop
      vertex 110.703 -106.072 49.849
      vertex 111.033 -140.556 573
      vertex 109.754 -106.298 49.8365
    endloop
  endfacet
  facet normal 0.164061 0.984369 0.0640482
    outer loop
      vertex 111.809 -135.704 573
      vertex 109.568 -101.312 50.1635
      vertex 111.779 -135.699 573
    endloop
  endfacet
  facet normal 0.158397 0.98529 0.0641331
    outer loop
      vertex 109.568 -101.312 50.1635
      vertex 111.809 -135.704 573
      vertex 110.531 -101.466 50.151
    endloop
  endfacet
  facet normal 0.599132 -0.798842 -0.0537752
    outer loop
      vertex 112.748 -139.775 573
      vertex 111.493 -105.502 49.8844
      vertex 112.772 -139.757 573
    endloop
  endfacet
  facet normal 0.585851 -0.808592 -0.0543821
    outer loop
      vertex 111.493 -105.502 49.8844
      vertex 112.748 -139.775 573
      vertex 110.703 -106.072 49.849
    endloop
  endfacet
  facet normal -0.00241046 0.0653133 -0.997862
    outer loop
      vertex 110.703 -106.072 49.849
      vertex 109.754 -106.298 49.8365
      vertex 111.493 -105.502 49.8844
    endloop
  endfacet
  facet normal -0.810733 -0.584291 -0.0362806
    outer loop
      vertex 107.96 -105.634 49.8844
      vertex 108.667 -139.097 573
      vertex 107.389 -104.845 49.9374
    endloop
  endfacet
  facet normal -0.810144 -0.585104 -0.0363334
    outer loop
      vertex 108.667 -139.097 573
      vertex 107.96 -105.634 49.8844
      vertex 109.239 -139.889 573
    endloop
  endfacet
  facet normal -0.0022623 0.0653925 -0.997857
    outer loop
      vertex 107.389 -104.845 49.9374
      vertex 107.317 -102.937 50.0626
      vertex 107.96 -105.634 49.8844
    endloop
  endfacet
  facet normal -0.0025373 0.0651299 -0.997874
    outer loop
      vertex 108.791 -106.144 49.849
      vertex 107.96 -105.634 49.8844
      vertex 109.754 -106.298 49.8365
    endloop
  endfacet
  facet normal -0.52452 -0.849661 -0.0543556
    outer loop
      vertex 107.96 -105.634 49.8844
      vertex 110.07 -140.402 573
      vertex 109.239 -139.889 573
    endloop
  endfacet
  facet normal -0.523975 -0.849996 -0.0543801
    outer loop
      vertex 110.07 -140.402 573
      vertex 107.96 -105.634 49.8844
      vertex 108.791 -106.144 49.849
    endloop
  endfacet
  facet normal -0.00244081 0.0657301 -0.997834
    outer loop
      vertex 110.531 -101.466 50.151
      vertex 108.619 -101.537 50.151
      vertex 109.568 -101.312 50.1635
    endloop
  endfacet
  facet normal -0.00241539 0.0653879 -0.997857
    outer loop
      vertex 112.005 -104.673 49.9374
      vertex 111.934 -102.765 50.0626
      vertex 112.159 -103.712 50
    endloop
  endfacet
  facet normal -0.987451 0.15741 0.0127229
    outer loop
      vertex 107.163 -103.898 50
      vertex 108.596 -137.181 573
      vertex 107.317 -102.937 50.0626
    endloop
  endfacet
  facet normal -0.987264 0.158576 0.0127966
    outer loop
      vertex 108.596 -137.181 573
      vertex 107.163 -103.898 50
      vertex 108.441 -138.146 573
    endloop
  endfacet
  facet normal -0.231334 0.970758 0.0641338
    outer loop
      vertex 110.846 -135.549 573
      vertex 109.568 -101.312 50.1635
      vertex 109.927 -135.768 573
    endloop
  endfacet
  facet normal -0.00242441 0.0652884 -0.997863
    outer loop
      vertex 111.934 -102.765 50.0626
      vertex 108.619 -101.537 50.151
      vertex 110.531 -101.466 50.151
    endloop
  endfacet
  facet normal -0.00256922 0.0653822 -0.997857
    outer loop
      vertex 112.005 -104.673 49.9374
      vertex 111.493 -105.502 49.8844
      vertex 111.934 -102.765 50.0626
    endloop
  endfacet
  facet normal -0.00243204 0.0653602 -0.997859
    outer loop
      vertex 111.493 -105.502 49.8844
      vertex 109.754 -106.298 49.8365
      vertex 111.934 -102.765 50.0626
    endloop
  endfacet
  facet normal 0.810246 0.584963 0.0363258
    outer loop
      vertex 112.64 -136.217 573
      vertex 111.934 -102.765 50.0626
      vertex 111.362 -101.976 50.1156
    endloop
  endfacet
  facet normal 0.810144 0.585104 0.036335
    outer loop
      vertex 111.934 -102.765 50.0626
      vertex 112.64 -136.217 573
      vertex 113.212 -137.009 573
    endloop
  endfacet
  facet normal -0.00246931 0.0652402 -0.997867
    outer loop
      vertex 111.934 -102.765 50.0626
      vertex 110.531 -101.466 50.151
      vertex 111.362 -101.976 50.1156
    endloop
  endfacet
  facet normal 0.0970209 -0.992916 -0.0685926
    outer loop
      vertex 140.383 -114.386 573
      vertex 129.762 -79.2828 49.8385
      vertex 141.345 -114.292 573
    endloop
  endfacet
  facet normal -0.020248 0.0669158 -0.997553
    outer loop
      vertex 129.288 -74.4134 50.1748
      vertex 127.808 -75.6245 50.1236
      vertex 128.427 -74.8722 50.1615
    endloop
  endfacet
  facet normal 0.0966177 -0.992956 -0.0685863
    outer loop
      vertex 130.733 -79.1874 49.8252
      vertex 141.345 -114.292 573
      vertex 129.762 -79.2828 49.8385
    endloop
  endfacet
  facet normal 0.11017 -0.991531 -0.0687656
    outer loop
      vertex 141.345 -114.292 573
      vertex 130.733 -79.1874 49.8252
      vertex 141.354 -114.291 573
    endloop
  endfacet
  facet normal -0.772332 0.632554 0.058124
    outer loop
      vertex 127.808 -75.6245 50.1236
      vertex 139.042 -109.954 573
      vertex 128.427 -74.8722 50.1615
    endloop
  endfacet
  facet normal -0.771597 0.633446 0.0581668
    outer loop
      vertex 139.042 -109.954 573
      vertex 127.808 -75.6245 50.1236
      vertex 138.423 -110.708 573
    endloop
  endfacet
  facet normal -0.956172 0.290213 0.0388838
    outer loop
      vertex 127.523 -76.5559 50.0669
      vertex 138.423 -110.708 573
      vertex 127.808 -75.6245 50.1236
    endloop
  endfacet
  facet normal -0.956483 0.289193 0.0388237
    outer loop
      vertex 138.423 -110.708 573
      vertex 127.523 -76.5559 50.0669
      vertex 138.14 -111.644 573
    endloop
  endfacet
  facet normal -0.020255 0.0669318 -0.997552
    outer loop
      vertex 131.593 -78.7287 49.8385
      vertex 129.762 -79.2828 49.8385
      vertex 131.945 -75.2181 50.0669
    endloop
  endfacet
  facet normal 0.956449 -0.289305 -0.038831
    outer loop
      vertex 143.117 -112.142 573
      vertex 132.213 -77.9763 49.8764
      vertex 132.497 -77.045 49.9331
    endloop
  endfacet
  facet normal 0.935487 -0.350808 -0.0424109
    outer loop
      vertex 132.213 -77.9763 49.8764
      vertex 143.117 -112.142 573
      vertex 143.114 -112.15 573
    endloop
  endfacet
  facet normal -0.882206 -0.470664 -0.0136703
    outer loop
      vertex 128.076 -78.3828 49.9331
      vertex 138.235 -112.617 573
      vertex 127.617 -77.5244 50
    endloop
  endfacet
  facet normal -0.882384 -0.470332 -0.0136451
    outer loop
      vertex 138.235 -112.617 573
      vertex 128.076 -78.3828 49.9331
      vertex 138.695 -113.48 573
    endloop
  endfacet
  facet normal 0.650329 0.758718 0.0376699
    outer loop
      vertex 142.561 -110.306 573
      vertex 131.192 -74.6006 50.1236
      vertex 142.554 -110.3 573
    endloop
  endfacet
  facet normal 0.635373 0.771228 0.0388494
    outer loop
      vertex 131.192 -74.6006 50.1236
      vertex 142.561 -110.306 573
      vertex 131.945 -75.2181 50.0669
    endloop
  endfacet
  facet normal 0.995087 0.0980635 -0.0136237
    outer loop
      vertex 143.117 -112.142 573
      vertex 132.497 -77.045 49.9331
      vertex 143.022 -111.178 573
    endloop
  endfacet
  facet normal -0.650329 -0.758718 -0.0376698
    outer loop
      vertex 128.076 -78.3828 49.9331
      vertex 139.449 -114.101 573
      vertex 139.442 -114.095 573
    endloop
  endfacet
  facet normal -0.635373 -0.771228 -0.0388493
    outer loop
      vertex 139.449 -114.101 573
      vertex 128.076 -78.3828 49.9331
      vertex 128.829 -79.0003 49.8764
    endloop
  endfacet
  facet normal -0.0202604 0.0669177 -0.997553
    outer loop
      vertex 128.829 -79.0003 49.8764
      vertex 127.523 -76.5559 50.0669
      vertex 129.762 -79.2828 49.8385
    endloop
  endfacet
  facet normal 0.77187 -0.633115 -0.0581516
    outer loop
      vertex 142.22 -113.825 573
      vertex 131.593 -78.7287 49.8385
      vertex 132.213 -77.9763 49.8764
    endloop
  endfacet
  facet normal 0.757935 -0.649659 -0.0589783
    outer loop
      vertex 131.593 -78.7287 49.8385
      vertex 142.22 -113.825 573
      vertex 142.214 -113.832 573
    endloop
  endfacet
  facet normal -0.0202461 0.0669135 -0.997553
    outer loop
      vertex 131.192 -74.6006 50.1236
      vertex 127.808 -75.6245 50.1236
      vertex 129.288 -74.4134 50.1748
    endloop
  endfacet
  facet normal 0.772142 -0.632785 -0.0581342
    outer loop
      vertex 142.22 -113.825 573
      vertex 132.213 -77.9763 49.8764
      vertex 142.833 -113.077 573
    endloop
  endfacet
  facet normal -0.0202324 0.0668572 -0.997557
    outer loop
      vertex 130.733 -79.1874 49.8252
      vertex 129.762 -79.2828 49.8385
      vertex 131.593 -78.7287 49.8385
    endloop
  endfacet
  facet normal -0.216527 -0.97437 -0.0609828
    outer loop
      vertex 128.829 -79.0003 49.8764
      vertex 139.458 -114.103 573
      vertex 139.449 -114.101 573
    endloop
  endfacet
  facet normal -0.291466 -0.954812 -0.0581478
    outer loop
      vertex 139.458 -114.103 573
      vertex 128.829 -79.0003 49.8764
      vertex 129.762 -79.2828 49.8385
    endloop
  endfacet
  facet normal -0.292065 -0.95463 -0.0581246
    outer loop
      vertex 139.458 -114.103 573
      vertex 129.762 -79.2828 49.8385
      vertex 140.383 -114.386 573
    endloop
  endfacet
  facet normal 0.292065 0.95463 0.0581253
    outer loop
      vertex 141.807 -109.685 573
      vertex 131.192 -74.6006 50.1236
      vertex 140.882 -109.402 573
    endloop
  endfacet
  facet normal -0.0201988 0.0668935 -0.997556
    outer loop
      vertex 132.213 -77.9763 49.8764
      vertex 131.593 -78.7287 49.8385
      vertex 132.497 -77.045 49.9331
    endloop
  endfacet
  facet normal -0.0202741 0.0669336 -0.997551
    outer loop
      vertex 132.497 -77.045 49.9331
      vertex 131.593 -78.7287 49.8385
      vertex 131.945 -75.2181 50.0669
    endloop
  endfacet
  facet normal -0.0202384 0.0669898 -0.997548
    outer loop
      vertex 131.192 -74.6006 50.1236
      vertex 129.288 -74.4134 50.1748
      vertex 130.259 -74.3181 50.1615
    endloop
  endfacet
  facet normal 0.635118 0.771436 0.0388688
    outer loop
      vertex 142.554 -110.3 573
      vertex 131.192 -74.6006 50.1236
      vertex 141.807 -109.685 573
    endloop
  endfacet
  facet normal -0.635118 -0.771436 -0.0388687
    outer loop
      vertex 138.695 -113.48 573
      vertex 128.076 -78.3828 49.9331
      vertex 139.442 -114.095 573
    endloop
  endfacet
  facet normal 0.469745 -0.880133 -0.0685921
    outer loop
      vertex 141.354 -114.291 573
      vertex 131.593 -78.7287 49.8385
      vertex 142.214 -113.832 573
    endloop
  endfacet
  facet normal 0.470332 -0.87982 -0.0685818
    outer loop
      vertex 131.593 -78.7287 49.8385
      vertex 141.354 -114.291 573
      vertex 130.733 -79.1874 49.8252
    endloop
  endfacet
  facet normal 0.99514 0.0975191 -0.01366
    outer loop
      vertex 143.021 -111.169 573
      vertex 132.497 -77.045 49.9331
      vertex 132.403 -76.0764 50
    endloop
  endfacet
  facet normal 0.993802 0.110422 -0.0127913
    outer loop
      vertex 132.497 -77.045 49.9331
      vertex 143.021 -111.169 573
      vertex 143.022 -111.178 573
    endloop
  endfacet
  facet normal -0.0202817 0.0669314 -0.997551
    outer loop
      vertex 132.497 -77.045 49.9331
      vertex 131.945 -75.2181 50.0669
      vertex 132.403 -76.0764 50
    endloop
  endfacet
  facet normal 0.956275 -0.289874 -0.0388635
    outer loop
      vertex 142.833 -113.077 573
      vertex 132.213 -77.9763 49.8764
      vertex 143.114 -112.15 573
    endloop
  endfacet
  facet normal 0.882609 0.469911 0.0136124
    outer loop
      vertex 142.561 -110.306 573
      vertex 132.403 -76.0764 50
      vertex 131.945 -75.2181 50.0669
    endloop
  endfacet
  facet normal 0.882384 0.470332 0.0136444
    outer loop
      vertex 132.403 -76.0764 50
      vertex 142.561 -110.306 573
      vertex 143.021 -111.169 573
    endloop
  endfacet
  facet normal 0.315711 0.947133 0.0571406
    outer loop
      vertex 140.882 -109.402 573
      vertex 130.259 -74.3181 50.1615
      vertex 140.873 -109.399 573
    endloop
  endfacet
  facet normal 0.291466 0.954812 0.0581485
    outer loop
      vertex 130.259 -74.3181 50.1615
      vertex 140.882 -109.402 573
      vertex 131.192 -74.6006 50.1236
    endloop
  endfacet
  facet normal -0.097143 0.992904 0.068593
    outer loop
      vertex 130.259 -74.3181 50.1615
      vertex 139.902 -109.494 573
      vertex 140.873 -109.399 573
    endloop
  endfacet
  facet normal -0.0965164 0.992966 0.0685855
    outer loop
      vertex 139.902 -109.494 573
      vertex 130.259 -74.3181 50.1615
      vertex 129.288 -74.4134 50.1748
    endloop
  endfacet
  facet normal -0.0201941 0.0669468 -0.997552
    outer loop
      vertex 127.617 -77.5244 50
      vertex 127.523 -76.5559 50.0669
      vertex 128.076 -78.3828 49.9331
    endloop
  endfacet
  facet normal -0.0202213 0.0669386 -0.997552
    outer loop
      vertex 128.076 -78.3828 49.9331
      vertex 127.523 -76.5559 50.0669
      vertex 128.829 -79.0003 49.8764
    endloop
  endfacet
  facet normal -0.020249 0.0669231 -0.997553
    outer loop
      vertex 131.192 -74.6006 50.1236
      vertex 127.523 -76.5559 50.0669
      vertex 127.808 -75.6245 50.1236
    endloop
  endfacet
  facet normal -0.995139 -0.0975291 0.01366
    outer loop
      vertex 127.617 -77.5244 50
      vertex 138.14 -111.644 573
      vertex 127.523 -76.5559 50.0669
    endloop
  endfacet
  facet normal -0.995174 -0.097165 0.0136845
    outer loop
      vertex 138.14 -111.644 573
      vertex 127.617 -77.5244 50
      vertex 138.235 -112.617 573
    endloop
  endfacet
  facet normal -0.470542 0.879709 0.0685794
    outer loop
      vertex 129.288 -74.4134 50.1748
      vertex 139.042 -109.954 573
      vertex 139.902 -109.494 573
    endloop
  endfacet
  facet normal -0.469987 0.880005 0.0685892
    outer loop
      vertex 139.042 -109.954 573
      vertex 129.288 -74.4134 50.1748
      vertex 128.427 -74.8722 50.1615
    endloop
  endfacet
  facet normal -0.0202431 0.0669121 -0.997554
    outer loop
      vertex 131.945 -75.2181 50.0669
      vertex 127.523 -76.5559 50.0669
      vertex 131.192 -74.6006 50.1236
    endloop
  endfacet
  facet normal -0.0202479 0.066928 -0.997552
    outer loop
      vertex 129.762 -79.2828 49.8385
      vertex 127.523 -76.5559 50.0669
      vertex 131.945 -75.2181 50.0669
    endloop
  endfacet
  facet normal 0.284655 -0.956482 -0.0641316
    outer loop
      vertex 145.006 -48.1505 49.8365
      vertex 160.088 -78.7398 573
      vertex 144.071 -48.4296 49.849
    endloop
  endfacet
  facet normal 0.283728 -0.956758 -0.064121
    outer loop
      vertex 160.088 -78.7398 573
      vertex 145.006 -48.1505 49.8365
      vertex 160.117 -78.7312 573
    endloop
  endfacet
  facet normal -0.994156 0.101656 0.0363261
    outer loop
      vertex 141.352 -46.1799 50.0626
      vertex 157.365 -76.447 573
      vertex 141.453 -45.2111 50.1156
    endloop
  endfacet
  facet normal -0.994611 0.0971933 0.0360817
    outer loop
      vertex 157.365 -76.447 573
      vertex 141.352 -46.1799 50.0626
      vertex 157.362 -76.4777 573
    endloop
  endfacet
  facet normal 0.285011 -0.956376 -0.0641357
    outer loop
      vertex 160.117 -78.7312 573
      vertex 145.006 -48.1505 49.8365
      vertex 161.022 -78.4615 573
    endloop
  endfacet
  facet normal -0.629625 0.774247 0.0641346
    outer loop
      vertex 142.675 -43.7392 50.1635
      vertex 157.925 -74.6468 573
      vertex 158.682 -74.0312 573
    endloop
  endfacet
  facet normal -0.629832 0.774079 0.0641307
    outer loop
      vertex 157.925 -74.6468 573
      vertex 142.675 -43.7392 50.1635
      vertex 141.918 -44.3541 50.151
    endloop
  endfacet
  facet normal 0.994156 -0.101656 -0.0363248
    outer loop
      vertex 162.342 -76.015 573
      vertex 146.228 -46.6786 49.8844
      vertex 146.329 -45.7098 49.9374
    endloop
  endfacet
  facet normal 0.994548 -0.0978244 -0.036122
    outer loop
      vertex 146.228 -46.6786 49.8844
      vertex 162.342 -76.015 573
      vertex 162.339 -76.0455 573
    endloop
  endfacet
  facet normal -0.958068 -0.286258 0.0127467
    outer loop
      vertex 157.371 -76.5073 573
      vertex 141.63 -47.1128 50
      vertex 157.642 -77.4143 573
    endloop
  endfacet
  facet normal -0.994181 0.101415 0.0363124
    outer loop
      vertex 157.461 -75.5059 573
      vertex 141.453 -45.2111 50.1156
      vertex 157.365 -76.447 573
    endloop
  endfacet
  facet normal -0.0305912 0.0578427 -0.997857
    outer loop
      vertex 141.63 -47.1128 50
      vertex 141.352 -46.1799 50.0626
      vertex 142.244 -47.868 49.9374
    endloop
  endfacet
  facet normal -0.776665 -0.629786 -0.0127103
    outer loop
      vertex 157.642 -77.4143 573
      vertex 141.63 -47.1128 50
      vertex 158.238 -78.1493 573
    endloop
  endfacet
  facet normal -0.958041 -0.286347 0.0127406
    outer loop
      vertex 141.63 -47.1128 50
      vertex 157.362 -76.4777 573
      vertex 141.352 -46.1799 50.0626
    endloop
  endfacet
  facet normal -0.956678 -0.290882 0.012445
    outer loop
      vertex 157.362 -76.4777 573
      vertex 141.63 -47.1128 50
      vertex 157.371 -76.5073 573
    endloop
  endfacet
  facet normal -0.0305662 0.0578134 -0.997859
    outer loop
      vertex 143.102 -48.3304 49.8844
      vertex 141.352 -46.1799 50.0626
      vertex 145.006 -48.1505 49.8365
    endloop
  endfacet
  facet normal 0.958085 0.2862 -0.0127487
    outer loop
      vertex 162.333 -75.9856 573
      vertex 146.051 -44.7769 50
      vertex 162.062 -75.0784 573
    endloop
  endfacet
  facet normal -0.0304163 0.0579351 -0.997857
    outer loop
      vertex 142.244 -47.868 49.9374
      vertex 141.352 -46.1799 50.0626
      vertex 143.102 -48.3304 49.8844
    endloop
  endfacet
  facet normal -0.103656 -0.993126 -0.0543662
    outer loop
      vertex 144.071 -48.4296 49.849
      vertex 159.117 -78.6386 573
      vertex 143.102 -48.3304 49.8844
    endloop
  endfacet
  facet normal -0.102634 -0.99323 -0.0544016
    outer loop
      vertex 159.117 -78.6386 573
      vertex 144.071 -48.4296 49.849
      vertex 159.147 -78.6417 573
    endloop
  endfacet
  facet normal -0.103535 -0.993139 -0.0543703
    outer loop
      vertex 159.147 -78.6417 573
      vertex 144.071 -48.4296 49.849
      vertex 160.088 -78.7398 573
    endloop
  endfacet
  facet normal 0.62931 -0.774503 -0.0641386
    outer loop
      vertex 161.022 -78.4615 573
      vertex 145.006 -48.1505 49.8365
      vertex 161.756 -77.8651 573
    endloop
  endfacet
  facet normal -0.0304046 0.0577161 -0.99787
    outer loop
      vertex 145.763 -47.5356 49.849
      vertex 145.006 -48.1505 49.8365
      vertex 146.228 -46.6786 49.8844
    endloop
  endfacet
  facet normal -0.289775 0.95494 0.0641888
    outer loop
      vertex 143.61 -43.4601 50.151
      vertex 158.682 -74.0312 573
      vertex 158.711 -74.0224 573
    endloop
  endfacet
  facet normal -0.284655 0.956482 0.0641314
    outer loop
      vertex 158.682 -74.0312 573
      vertex 143.61 -43.4601 50.151
      vertex 142.675 -43.7392 50.1635
    endloop
  endfacet
  facet normal -0.0305058 0.057829 -0.99786
    outer loop
      vertex 145.006 -48.1505 49.8365
      vertex 143.61 -43.4601 50.151
      vertex 145.437 -44.0217 50.0626
    endloop
  endfacet
  facet normal -0.878591 0.474468 0.0543877
    outer loop
      vertex 141.453 -45.2111 50.1156
      vertex 157.925 -74.6468 573
      vertex 141.918 -44.3541 50.151
    endloop
  endfacet
  facet normal -0.878566 0.474514 0.0543894
    outer loop
      vertex 157.925 -74.6468 573
      vertex 141.453 -45.2111 50.1156
      vertex 157.461 -75.5059 573
    endloop
  endfacet
  facet normal -0.0305519 0.0576591 -0.997869
    outer loop
      vertex 144.071 -48.4296 49.849
      vertex 143.102 -48.3304 49.8844
      vertex 145.006 -48.1505 49.8365
    endloop
  endfacet
  facet normal 0.476133 0.878622 0.0363288
    outer loop
      vertex 161.446 -74.3196 573
      vertex 144.579 -43.5593 50.1156
      vertex 160.587 -73.8541 573
    endloop
  endfacet
  facet normal 0.475843 0.878779 0.0363473
    outer loop
      vertex 144.579 -43.5593 50.1156
      vertex 161.446 -74.3196 573
      vertex 145.437 -44.0217 50.0626
    endloop
  endfacet
  facet normal -0.0305912 0.0578427 -0.997857
    outer loop
      vertex 146.329 -45.7098 49.9374
      vertex 145.437 -44.0217 50.0626
      vertex 146.051 -44.7769 50
    endloop
  endfacet
  facet normal 0.958041 0.286347 -0.0127387
    outer loop
      vertex 162.333 -75.9856 573
      vertex 146.329 -45.7098 49.9374
      vertex 146.051 -44.7769 50
    endloop
  endfacet
  facet normal 0.956127 0.292692 -0.0123128
    outer loop
      vertex 146.329 -45.7098 49.9374
      vertex 162.333 -75.9856 573
      vertex 162.342 -76.015 573
    endloop
  endfacet
  facet normal 0.878799 -0.474085 -0.0543716
    outer loop
      vertex 161.794 -77.8191 573
      vertex 146.228 -46.6786 49.8844
      vertex 162.243 -76.9868 573
    endloop
  endfacet
  facet normal 0.994184 -0.101393 -0.0363111
    outer loop
      vertex 162.243 -76.9868 573
      vertex 146.228 -46.6786 49.8844
      vertex 162.339 -76.0455 573
    endloop
  endfacet
  facet normal 0.878591 -0.474468 -0.0543882
    outer loop
      vertex 161.794 -77.8191 573
      vertex 145.763 -47.5356 49.849
      vertex 146.228 -46.6786 49.8844
    endloop
  endfacet
  facet normal 0.8713 -0.487668 -0.0549289
    outer loop
      vertex 145.763 -47.5356 49.849
      vertex 161.794 -77.8191 573
      vertex 161.779 -77.8459 573
    endloop
  endfacet
  facet normal 0.639528 -0.766102 -0.0639652
    outer loop
      vertex 161.756 -77.8651 573
      vertex 145.763 -47.5356 49.849
      vertex 161.779 -77.8459 573
    endloop
  endfacet
  facet normal 0.629832 -0.774079 -0.0641313
    outer loop
      vertex 145.763 -47.5356 49.849
      vertex 161.756 -77.8651 573
      vertex 145.006 -48.1505 49.8365
    endloop
  endfacet
  facet normal 0.776367 0.630153 0.0127424
    outer loop
      vertex 161.446 -74.3196 573
      vertex 146.051 -44.7769 50
      vertex 145.437 -44.0217 50.0626
    endloop
  endfacet
  facet normal 0.776314 0.630218 0.0127476
    outer loop
      vertex 146.051 -44.7769 50
      vertex 161.446 -74.3196 573
      vertex 162.062 -75.0784 573
    endloop
  endfacet
  facet normal -0.476134 -0.878622 -0.0363282
    outer loop
      vertex 142.244 -47.868 49.9374
      vertex 159.117 -78.6386 573
      vertex 158.258 -78.1731 573
    endloop
  endfacet
  facet normal -0.475843 -0.878779 -0.0363468
    outer loop
      vertex 159.117 -78.6386 573
      vertex 142.244 -47.868 49.9374
      vertex 143.102 -48.3304 49.8844
    endloop
  endfacet
  facet normal -0.776367 -0.630153 -0.0127416
    outer loop
      vertex 142.244 -47.868 49.9374
      vertex 158.238 -78.1493 573
      vertex 141.63 -47.1128 50
    endloop
  endfacet
  facet normal -0.765505 -0.643281 -0.0138337
    outer loop
      vertex 158.238 -78.1493 573
      vertex 142.244 -47.868 49.9374
      vertex 158.258 -78.1731 573
    endloop
  endfacet
  facet normal -0.0305775 0.0577926 -0.99786
    outer loop
      vertex 145.006 -48.1505 49.8365
      vertex 141.352 -46.1799 50.0626
      vertex 141.918 -44.3541 50.151
    endloop
  endfacet
  facet normal -0.0305047 0.0577702 -0.997864
    outer loop
      vertex 141.918 -44.3541 50.151
      vertex 141.352 -46.1799 50.0626
      vertex 141.453 -45.2111 50.1156
    endloop
  endfacet
  facet normal 0.103431 0.993149 0.0543747
    outer loop
      vertex 160.557 -73.8509 573
      vertex 143.61 -43.4601 50.151
      vertex 159.616 -73.7529 573
    endloop
  endfacet
  facet normal -0.284817 0.956434 0.0641329
    outer loop
      vertex 159.616 -73.7529 573
      vertex 143.61 -43.4601 50.151
      vertex 158.711 -74.0224 573
    endloop
  endfacet
  facet normal -0.0306922 0.0577894 -0.997857
    outer loop
      vertex 146.228 -46.6786 49.8844
      vertex 145.437 -44.0217 50.0626
      vertex 146.329 -45.7098 49.9374
    endloop
  endfacet
  facet normal -0.0305459 0.0578331 -0.997859
    outer loop
      vertex 146.228 -46.6786 49.8844
      vertex 145.006 -48.1505 49.8365
      vertex 145.437 -44.0217 50.0626
    endloop
  endfacet
  facet normal -0.0306636 0.0580345 -0.997844
    outer loop
      vertex 143.61 -43.4601 50.151
      vertex 141.918 -44.3541 50.151
      vertex 142.675 -43.7392 50.1635
    endloop
  endfacet
  facet normal -0.0305483 0.0578163 -0.99786
    outer loop
      vertex 145.006 -48.1505 49.8365
      vertex 141.918 -44.3541 50.151
      vertex 143.61 -43.4601 50.151
    endloop
  endfacet
  facet normal -0.0305486 0.0576909 -0.997867
    outer loop
      vertex 145.437 -44.0217 50.0626
      vertex 143.61 -43.4601 50.151
      vertex 144.579 -43.5593 50.1156
    endloop
  endfacet
  facet normal 0.105909 0.992893 0.0542837
    outer loop
      vertex 144.579 -43.5593 50.1156
      vertex 160.557 -73.8509 573
      vertex 160.587 -73.8541 573
    endloop
  endfacet
  facet normal 0.103656 0.993126 0.0543661
    outer loop
      vertex 160.557 -73.8509 573
      vertex 144.579 -43.5593 50.1156
      vertex 143.61 -43.4601 50.151
    endloop
  endfacet
  facet normal 0.517907 -0.852683 -0.0685873
    outer loop
      vertex 176.111 -42.1482 573
      vertex 151.311 -15.1298 49.8385
      vertex 176.937 -41.6465 573
    endloop
  endfacet
  facet normal -0.047256 0.0514899 -0.997555
    outer loop
      vertex 150.568 -10.2909 50.1236
      vertex 147.963 -12.6817 50.1236
      vertex 148.771 -10.9482 50.1748
    endloop
  endfacet
  facet normal 0.517965 -0.852647 -0.0685883
    outer loop
      vertex 152.144 -14.6227 49.8252
      vertex 176.937 -41.6465 573
      vertex 151.311 -15.1298 49.8385
    endloop
  endfacet
  facet normal 0.505363 -0.860193 -0.0683809
    outer loop
      vertex 176.937 -41.6465 573
      vertex 152.144 -14.6227 49.8252
      vertex 176.945 -41.6418 573
    endloop
  endfacet
  facet normal -0.0472631 0.0514975 -0.997554
    outer loop
      vertex 148.111 -13.6442 50.0669
      vertex 147.963 -12.6817 50.1236
      vertex 150.568 -10.2909 50.1236
    endloop
  endfacet
  facet normal -0.970148 0.235438 0.0581486
    outer loop
      vertex 172.98 -38.7367 573
      vertex 148.195 -11.735 50.1615
      vertex 172.752 -39.6762 573
    endloop
  endfacet
  facet normal 0.151513 -0.986744 -0.0581424
    outer loop
      vertex 151.311 -15.1298 49.8385
      vertex 175.146 -42.2965 573
      vertex 150.348 -15.2799 49.8764
    endloop
  endfacet
  facet normal 0.153446 -0.986441 -0.0582148
    outer loop
      vertex 175.146 -42.2965 573
      vertex 151.311 -15.1298 49.8385
      vertex 175.155 -42.2951 573
    endloop
  endfacet
  facet normal -0.0472813 0.0515089 -0.997553
    outer loop
      vertex 152.721 -13.8359 49.8385
      vertex 148.111 -13.6442 50.0669
      vertex 151.514 -10.5205 50.0669
    endloop
  endfacet
  facet normal -0.0472807 0.0515231 -0.997552
    outer loop
      vertex 151.311 -15.1298 49.8385
      vertex 148.111 -13.6442 50.0669
      vertex 152.721 -13.8359 49.8385
    endloop
  endfacet
  facet normal -0.0473005 0.0514917 -0.997553
    outer loop
      vertex 152.953 -12.8892 49.8764
      vertex 151.514 -10.5205 50.0669
      vertex 152.805 -11.9267 49.9331
    endloop
  endfacet
  facet normal -0.0472081 0.0515765 -0.997553
    outer loop
      vertex 148.616 -14.4759 50
      vertex 148.111 -13.6442 50.0669
      vertex 149.402 -15.0504 49.9331
    endloop
  endfacet
  facet normal -0.151676 0.986718 0.0581485
    outer loop
      vertex 175.354 -37.2946 573
      vertex 150.568 -10.2909 50.1236
      vertex 174.399 -37.4414 573
    endloop
  endfacet
  facet normal 0.805052 -0.589226 -0.0685916
    outer loop
      vertex 177.52 -40.8544 573
      vertex 152.144 -14.6227 49.8252
      vertex 152.721 -13.8359 49.8385
    endloop
  endfacet
  facet normal 0.805689 -0.588356 -0.0685789
    outer loop
      vertex 152.144 -14.6227 49.8252
      vertex 177.52 -40.8544 573
      vertex 176.945 -41.6418 573
    endloop
  endfacet
  facet normal -0.591018 -0.806543 -0.0136374
    outer loop
      vertex 173.416 -41.4916 573
      vertex 149.402 -15.0504 49.9331
      vertex 174.197 -42.0639 573
    endloop
  endfacet
  facet normal -0.52108 0.850743 0.068637
    outer loop
      vertex 149.605 -10.4411 50.1615
      vertex 174.381 -37.4478 573
      vertex 174.389 -37.4429 573
    endloop
  endfacet
  facet normal -0.517512 0.852923 0.0685805
    outer loop
      vertex 174.381 -37.4478 573
      vertex 149.605 -10.4411 50.1615
      vertex 148.771 -10.9482 50.1748
    endloop
  endfacet
  facet normal -0.23788 -0.970517 -0.0388456
    outer loop
      vertex 174.197 -42.0639 573
      vertex 149.402 -15.0504 49.9331
      vertex 175.137 -42.2943 573
    endloop
  endfacet
  facet normal 0.151622 -0.986727 -0.0581465
    outer loop
      vertex 175.155 -42.2951 573
      vertex 151.311 -15.1298 49.8385
      vertex 176.111 -42.1482 573
    endloop
  endfacet
  facet normal -0.854203 -0.519761 0.0136495
    outer loop
      vertex 148.616 -14.4759 50
      vertex 172.9 -40.6509 573
      vertex 148.111 -13.6442 50.0669
    endloop
  endfacet
  facet normal -0.854293 -0.519613 0.0136611
    outer loop
      vertex 172.9 -40.6509 573
      vertex 148.616 -14.4759 50
      vertex 173.408 -41.4861 573
    endloop
  endfacet
  facet normal -0.237782 -0.970541 -0.0388516
    outer loop
      vertex 150.348 -15.2799 49.8764
      vertex 175.137 -42.2943 573
      vertex 149.402 -15.0504 49.9331
    endloop
  endfacet
  facet normal -0.237274 -0.970664 -0.0388821
    outer loop
      vertex 175.137 -42.2943 573
      vertex 150.348 -15.2799 49.8764
      vertex 175.146 -42.2965 573
    endloop
  endfacet
  facet normal -0.80554 0.58856 0.0685817
    outer loop
      vertex 148.195 -11.735 50.1615
      vertex 173.555 -37.9493 573
      vertex 148.771 -10.9482 50.1748
    endloop
  endfacet
  facet normal -0.836761 0.543351 0.0678294
    outer loop
      vertex 173.555 -37.9493 573
      vertex 148.195 -11.735 50.1615
      vertex 173.55 -37.957 573
    endloop
  endfacet
  facet normal 0.987291 0.1541 -0.0388423
    outer loop
      vertex 177.6 -38.9402 573
      vertex 152.953 -12.8892 49.8764
      vertex 152.805 -11.9267 49.9331
    endloop
  endfacet
  facet normal 0.987245 0.154401 -0.0388251
    outer loop
      vertex 152.953 -12.8892 49.8764
      vertex 177.6 -38.9402 573
      vertex 177.751 -39.9057 573
    endloop
  endfacet
  facet normal -0.0472869 0.0515149 -0.997552
    outer loop
      vertex 151.514 -10.5205 50.0669
      vertex 148.111 -13.6442 50.0669
      vertex 150.568 -10.2909 50.1236
    endloop
  endfacet
  facet normal -0.970153 0.23542 0.0581479
    outer loop
      vertex 147.963 -12.6817 50.1236
      vertex 172.752 -39.6762 573
      vertex 148.195 -11.735 50.1615
    endloop
  endfacet
  facet normal -0.948961 0.309444 0.0609649
    outer loop
      vertex 172.752 -39.6762 573
      vertex 147.963 -12.6817 50.1236
      vertex 172.749 -39.6854 573
    endloop
  endfacet
  facet normal -0.0473162 0.0515618 -0.997548
    outer loop
      vertex 152.144 -14.6227 49.8252
      vertex 151.311 -15.1298 49.8385
      vertex 152.721 -13.8359 49.8385
    endloop
  endfacet
  facet normal -0.0472973 0.0514946 -0.997553
    outer loop
      vertex 149.402 -15.0504 49.9331
      vertex 148.111 -13.6442 50.0669
      vertex 150.348 -15.2799 49.8764
    endloop
  endfacet
  facet normal -0.0472881 0.0515071 -0.997552
    outer loop
      vertex 150.348 -15.2799 49.8764
      vertex 148.111 -13.6442 50.0669
      vertex 151.311 -15.1298 49.8385
    endloop
  endfacet
  facet normal -0.566459 -0.82394 -0.0157001
    outer loop
      vertex 148.616 -14.4759 50
      vertex 173.416 -41.4916 573
      vertex 173.408 -41.4861 573
    endloop
  endfacet
  facet normal -0.590796 -0.806705 -0.0136558
    outer loop
      vertex 173.416 -41.4916 573
      vertex 148.616 -14.4759 50
      vertex 149.402 -15.0504 49.9331
    endloop
  endfacet
  facet normal -0.0473764 0.0515457 -0.997546
    outer loop
      vertex 148.771 -10.9482 50.1748
      vertex 147.963 -12.6817 50.1236
      vertex 148.195 -11.735 50.1615
    endloop
  endfacet
  facet normal -0.805382 0.588775 0.0685858
    outer loop
      vertex 173.55 -37.957 573
      vertex 148.195 -11.735 50.1615
      vertex 172.98 -38.7367 573
    endloop
  endfacet
  facet normal -0.148091 0.987271 0.0580138
    outer loop
      vertex 150.568 -10.2909 50.1236
      vertex 174.389 -37.4429 573
      vertex 174.399 -37.4414 573
    endloop
  endfacet
  facet normal -0.151613 0.986728 0.0581461
    outer loop
      vertex 174.389 -37.4429 573
      vertex 150.568 -10.2909 50.1236
      vertex 149.605 -10.4411 50.1615
    endloop
  endfacet
  facet normal -0.0473162 0.0516553 -0.997543
    outer loop
      vertex 150.568 -10.2909 50.1236
      vertex 148.771 -10.9482 50.1748
      vertex 149.605 -10.4411 50.1615
    endloop
  endfacet
  facet normal -0.0472587 0.0515171 -0.997553
    outer loop
      vertex 152.721 -13.8359 49.8385
      vertex 151.514 -10.5205 50.0669
      vertex 152.953 -12.8892 49.8764
    endloop
  endfacet
  facet normal 0.970153 -0.23542 -0.058147
    outer loop
      vertex 177.751 -39.9057 573
      vertex 152.721 -13.8359 49.8385
      vertex 152.953 -12.8892 49.8764
    endloop
  endfacet
  facet normal 0.969967 -0.236178 -0.0581759
    outer loop
      vertex 152.721 -13.8359 49.8385
      vertex 177.751 -39.9057 573
      vertex 177.52 -40.8544 573
    endloop
  endfacet
  facet normal -0.517756 0.852775 0.0685849
    outer loop
      vertex 174.381 -37.4478 573
      vertex 148.771 -10.9482 50.1748
      vertex 173.555 -37.9493 573
    endloop
  endfacet
  facet normal -0.987291 -0.1541 0.0388423
    outer loop
      vertex 148.111 -13.6442 50.0669
      vertex 172.749 -39.6854 573
      vertex 147.963 -12.6817 50.1236
    endloop
  endfacet
  facet normal -0.987245 -0.154401 0.0388252
    outer loop
      vertex 172.749 -39.6854 573
      vertex 148.111 -13.6442 50.0669
      vertex 172.9 -40.6509 573
    endloop
  endfacet
  facet normal 0.237874 0.970519 0.038846
    outer loop
      vertex 151.514 -10.5205 50.0669
      vertex 175.354 -37.2946 573
      vertex 176.303 -37.5272 573
    endloop
  endfacet
  facet normal 0.237879 0.970518 0.0388457
    outer loop
      vertex 175.354 -37.2946 573
      vertex 151.514 -10.5205 50.0669
      vertex 150.568 -10.2909 50.1236
    endloop
  endfacet
  facet normal 0.85423 0.519716 -0.013653
    outer loop
      vertex 177.092 -38.105 573
      vertex 152.805 -11.9267 49.9331
      vertex 152.3 -11.0949 50
    endloop
  endfacet
  facet normal 0.854293 0.519613 -0.013661
    outer loop
      vertex 152.805 -11.9267 49.9331
      vertex 177.092 -38.105 573
      vertex 177.6 -38.9402 573
    endloop
  endfacet
  facet normal -0.047228 0.0515582 -0.997553
    outer loop
      vertex 152.805 -11.9267 49.9331
      vertex 151.514 -10.5205 50.0669
      vertex 152.3 -11.0949 50
    endloop
  endfacet
  facet normal 0.590776 0.80672 0.0136577
    outer loop
      vertex 177.092 -38.105 573
      vertex 151.514 -10.5205 50.0669
      vertex 176.303 -37.5272 573
    endloop
  endfacet
  facet normal 0.59073 0.806754 0.0136618
    outer loop
      vertex 151.514 -10.5205 50.0669
      vertex 177.092 -38.105 573
      vertex 152.3 -11.0949 50
    endloop
  endfacet
  facet normal 0.991444 0.130532 0
    outer loop
      vertex 159.391 13.9449 619
      vertex 157.569 27.7837 617
      vertex 157.569 27.7837 619
    endloop
  endfacet
  facet normal 0.991444 0.130532 0
    outer loop
      vertex 157.569 27.7837 617
      vertex 159.391 13.9449 619
      vertex 159.391 13.9449 617
    endloop
  endfacet
  facet normal 0.999048 0.0436303 0
    outer loop
      vertex 160 0 619
      vertex 159.391 13.9449 617
      vertex 159.391 13.9449 619
    endloop
  endfacet
  facet normal 0.999048 0.0436303 0
    outer loop
      vertex 159.391 13.9449 617
      vertex 160 0 619
      vertex 160 0 617
    endloop
  endfacet
  facet normal 0.976298 0.216433 0
    outer loop
      vertex 157.569 27.7837 619
      vertex 154.548 41.411 617
      vertex 154.548 41.411 619
    endloop
  endfacet
  facet normal 0.976298 0.216433 0
    outer loop
      vertex 154.548 41.411 617
      vertex 157.569 27.7837 619
      vertex 157.569 27.7837 617
    endloop
  endfacet
  facet normal 0.608751 -0.793361 0
    outer loop
      vertex 91.7722 -131.064 617
      vertex 102.846 -122.567 619
      vertex 91.7722 -131.064 619
    endloop
  endfacet
  facet normal 0.608751 -0.793361 0
    outer loop
      vertex 102.846 -122.567 619
      vertex 91.7722 -131.064 617
      vertex 102.846 -122.567 617
    endloop
  endfacet
  facet normal -0.461738 0.887016 0
    outer loop
      vertex -67.6189 145.009 617
      vertex -80 138.564 619
      vertex -67.6189 145.009 619
    endloop
  endfacet
  facet normal -0.461738 0.887016 0
    outer loop
      vertex -80 138.564 619
      vertex -67.6189 145.009 617
      vertex -80 138.564 617
    endloop
  endfacet
  facet normal -0.537314 0.843382 0
    outer loop
      vertex -80 138.564 617
      vertex -91.7722 131.064 619
      vertex -80 138.564 619
    endloop
  endfacet
  facet normal -0.537314 0.843382 0
    outer loop
      vertex -91.7722 131.064 619
      vertex -80 138.564 617
      vertex -91.7722 131.064 617
    endloop
  endfacet
  facet normal -0.216433 -0.976298 0
    outer loop
      vertex -41.411 -154.548 617
      vertex -27.7837 -157.569 619
      vertex -41.411 -154.548 619
    endloop
  endfacet
  facet normal -0.216433 -0.976298 -0
    outer loop
      vertex -27.7837 -157.569 619
      vertex -41.411 -154.548 617
      vertex -27.7837 -157.569 617
    endloop
  endfacet
  facet normal 0.953724 -0.300685 0
    outer loop
      vertex 150.351 -54.7232 619
      vertex 154.548 -41.411 617
      vertex 154.548 -41.411 619
    endloop
  endfacet
  facet normal 0.953724 -0.300685 0
    outer loop
      vertex 154.548 -41.411 617
      vertex 150.351 -54.7232 619
      vertex 150.351 -54.7232 617
    endloop
  endfacet
  facet normal -0.675592 -0.737276 0
    outer loop
      vertex -113.137 -113.137 617
      vertex -102.846 -122.567 619
      vertex -113.137 -113.137 619
    endloop
  endfacet
  facet normal -0.675592 -0.737276 -0
    outer loop
      vertex -102.846 -122.567 619
      vertex -113.137 -113.137 617
      vertex -102.846 -122.567 617
    endloop
  endfacet
  facet normal -0.537314 -0.843382 0
    outer loop
      vertex -91.7722 -131.064 617
      vertex -80 -138.564 619
      vertex -91.7722 -131.064 619
    endloop
  endfacet
  facet normal -0.537314 -0.843382 -0
    outer loop
      vertex -80 -138.564 619
      vertex -91.7722 -131.064 617
      vertex -80 -138.564 617
    endloop
  endfacet
  facet normal 0.537314 -0.843382 0
    outer loop
      vertex 80 -138.564 617
      vertex 91.7722 -131.064 619
      vertex 80 -138.564 619
    endloop
  endfacet
  facet normal 0.537314 -0.843382 0
    outer loop
      vertex 91.7722 -131.064 619
      vertex 80 -138.564 617
      vertex 91.7722 -131.064 617
    endloop
  endfacet
  facet normal -0.923869 -0.382709 0
    outer loop
      vertex -145.009 -67.6189 617
      vertex -150.351 -54.7232 619
      vertex -150.351 -54.7232 617
    endloop
  endfacet
  facet normal -0.923869 -0.382709 0
    outer loop
      vertex -150.351 -54.7232 619
      vertex -145.009 -67.6189 617
      vertex -145.009 -67.6189 619
    endloop
  endfacet
  facet normal -0.887016 0.461738 0
    outer loop
      vertex -145.009 67.6189 617
      vertex -138.564 80 619
      vertex -138.564 80 617
    endloop
  endfacet
  facet normal -0.887016 0.461738 0
    outer loop
      vertex -138.564 80 619
      vertex -145.009 67.6189 617
      vertex -145.009 67.6189 619
    endloop
  endfacet
  facet normal -0.608751 0.793361 0
    outer loop
      vertex -91.7722 131.064 617
      vertex -102.846 122.567 619
      vertex -91.7722 131.064 619
    endloop
  endfacet
  facet normal -0.608751 0.793361 0
    outer loop
      vertex -102.846 122.567 619
      vertex -91.7722 131.064 617
      vertex -102.846 122.567 617
    endloop
  endfacet
  facet normal -0.130532 -0.991444 0
    outer loop
      vertex -27.7837 -157.569 617
      vertex -13.9449 -159.391 619
      vertex -27.7837 -157.569 619
    endloop
  endfacet
  facet normal -0.130532 -0.991444 -0
    outer loop
      vertex -13.9449 -159.391 619
      vertex -27.7837 -157.569 617
      vertex -13.9449 -159.391 617
    endloop
  endfacet
  facet normal -0.976298 -0.216433 0
    outer loop
      vertex -154.548 -41.411 617
      vertex -157.569 -27.7837 619
      vertex -157.569 -27.7837 617
    endloop
  endfacet
  facet normal -0.976298 -0.216433 0
    outer loop
      vertex -157.569 -27.7837 619
      vertex -154.548 -41.411 617
      vertex -154.548 -41.411 619
    endloop
  endfacet
  facet normal 0.675592 0.737276 -0
    outer loop
      vertex 113.137 113.137 617
      vertex 102.846 122.567 619
      vertex 113.137 113.137 619
    endloop
  endfacet
  facet normal 0.675592 0.737276 0
    outer loop
      vertex 102.846 122.567 619
      vertex 113.137 113.137 617
      vertex 102.846 122.567 617
    endloop
  endfacet
  facet normal 0.608751 0.793361 -0
    outer loop
      vertex 102.846 122.567 617
      vertex 91.7722 131.064 619
      vertex 102.846 122.567 619
    endloop
  endfacet
  facet normal 0.608751 0.793361 0
    outer loop
      vertex 91.7722 131.064 619
      vertex 102.846 122.567 617
      vertex 91.7722 131.064 617
    endloop
  endfacet
  facet normal 0.953724 0.300685 0
    outer loop
      vertex 154.548 41.411 619
      vertex 150.351 54.7232 617
      vertex 150.351 54.7232 619
    endloop
  endfacet
  facet normal 0.953724 0.300685 0
    outer loop
      vertex 150.351 54.7232 617
      vertex 154.548 41.411 619
      vertex 154.548 41.411 617
    endloop
  endfacet
  facet normal 0.793361 0.608751 0
    outer loop
      vertex 131.064 91.7722 619
      vertex 122.567 102.846 617
      vertex 122.567 102.846 619
    endloop
  endfacet
  facet normal 0.793361 0.608751 0
    outer loop
      vertex 122.567 102.846 617
      vertex 131.064 91.7722 619
      vertex 131.064 91.7722 617
    endloop
  endfacet
  facet normal 0.843382 0.537314 0
    outer loop
      vertex 138.564 80 619
      vertex 131.064 91.7722 617
      vertex 131.064 91.7722 619
    endloop
  endfacet
  facet normal 0.843382 0.537314 0
    outer loop
      vertex 131.064 91.7722 617
      vertex 138.564 80 619
      vertex 138.564 80 617
    endloop
  endfacet
  facet normal -0.793361 -0.608751 0
    outer loop
      vertex -122.567 -102.846 617
      vertex -131.064 -91.7722 619
      vertex -131.064 -91.7722 617
    endloop
  endfacet
  facet normal -0.793361 -0.608751 0
    outer loop
      vertex -131.064 -91.7722 619
      vertex -122.567 -102.846 617
      vertex -122.567 -102.846 619
    endloop
  endfacet
  facet normal 0.130532 -0.991444 0
    outer loop
      vertex 13.9449 -159.391 617
      vertex 27.7837 -157.569 619
      vertex 13.9449 -159.391 619
    endloop
  endfacet
  facet normal 0.130532 -0.991444 0
    outer loop
      vertex 27.7837 -157.569 619
      vertex 13.9449 -159.391 617
      vertex 27.7837 -157.569 617
    endloop
  endfacet
  facet normal 0.216433 -0.976298 0
    outer loop
      vertex 27.7837 -157.569 617
      vertex 41.411 -154.548 619
      vertex 27.7837 -157.569 619
    endloop
  endfacet
  facet normal 0.216433 -0.976298 0
    outer loop
      vertex 41.411 -154.548 619
      vertex 27.7837 -157.569 617
      vertex 41.411 -154.548 617
    endloop
  endfacet
  facet normal 0.999048 -0.0436303 0
    outer loop
      vertex 159.391 -13.9449 619
      vertex 160 0 617
      vertex 160 0 619
    endloop
  endfacet
  facet normal 0.999048 -0.0436303 0
    outer loop
      vertex 160 0 617
      vertex 159.391 -13.9449 619
      vertex 159.391 -13.9449 617
    endloop
  endfacet
  facet normal 0.887016 -0.461738 0
    outer loop
      vertex 138.564 -80 619
      vertex 145.009 -67.6189 617
      vertex 145.009 -67.6189 619
    endloop
  endfacet
  facet normal 0.887016 -0.461738 0
    outer loop
      vertex 145.009 -67.6189 617
      vertex 138.564 -80 619
      vertex 138.564 -80 617
    endloop
  endfacet
  facet normal 0.737276 -0.675592 0
    outer loop
      vertex 113.137 -113.137 619
      vertex 122.567 -102.846 617
      vertex 122.567 -102.846 619
    endloop
  endfacet
  facet normal 0.737276 -0.675592 0
    outer loop
      vertex 122.567 -102.846 617
      vertex 113.137 -113.137 619
      vertex 113.137 -113.137 617
    endloop
  endfacet
  facet normal -0.461738 -0.887016 0
    outer loop
      vertex -80 -138.564 617
      vertex -67.6189 -145.009 619
      vertex -80 -138.564 619
    endloop
  endfacet
  facet normal -0.461738 -0.887016 -0
    outer loop
      vertex -67.6189 -145.009 619
      vertex -80 -138.564 617
      vertex -67.6189 -145.009 617
    endloop
  endfacet
  facet normal 0.461738 -0.887016 0
    outer loop
      vertex 67.6189 -145.009 617
      vertex 80 -138.564 619
      vertex 67.6189 -145.009 619
    endloop
  endfacet
  facet normal 0.461738 -0.887016 0
    outer loop
      vertex 80 -138.564 619
      vertex 67.6189 -145.009 617
      vertex 80 -138.564 617
    endloop
  endfacet
  facet normal -0.953724 -0.300685 0
    outer loop
      vertex -150.351 -54.7232 617
      vertex -154.548 -41.411 619
      vertex -154.548 -41.411 617
    endloop
  endfacet
  facet normal -0.953724 -0.300685 0
    outer loop
      vertex -154.548 -41.411 619
      vertex -150.351 -54.7232 617
      vertex -150.351 -54.7232 619
    endloop
  endfacet
  facet normal 0.537314 0.843382 -0
    outer loop
      vertex 91.7722 131.064 617
      vertex 80 138.564 619
      vertex 91.7722 131.064 619
    endloop
  endfacet
  facet normal 0.537314 0.843382 0
    outer loop
      vertex 80 138.564 619
      vertex 91.7722 131.064 617
      vertex 80 138.564 617
    endloop
  endfacet
  facet normal 0.382709 0.923869 -0
    outer loop
      vertex 67.6189 145.009 617
      vertex 54.7232 150.351 619
      vertex 67.6189 145.009 619
    endloop
  endfacet
  facet normal 0.382709 0.923869 0
    outer loop
      vertex 54.7232 150.351 619
      vertex 67.6189 145.009 617
      vertex 54.7232 150.351 617
    endloop
  endfacet
  facet normal -0.300685 0.953724 0
    outer loop
      vertex -41.411 154.548 617
      vertex -54.7232 150.351 619
      vertex -41.411 154.548 619
    endloop
  endfacet
  facet normal -0.300685 0.953724 0
    outer loop
      vertex -54.7232 150.351 619
      vertex -41.411 154.548 617
      vertex -54.7232 150.351 617
    endloop
  endfacet
  facet normal 0.0436303 -0.999048 0
    outer loop
      vertex 0 -160 617
      vertex 13.9449 -159.391 619
      vertex 0 -160 619
    endloop
  endfacet
  facet normal 0.0436303 -0.999048 0
    outer loop
      vertex 13.9449 -159.391 619
      vertex 0 -160 617
      vertex 13.9449 -159.391 617
    endloop
  endfacet
  facet normal 0.843382 -0.537314 0
    outer loop
      vertex 131.064 -91.7722 619
      vertex 138.564 -80 617
      vertex 138.564 -80 619
    endloop
  endfacet
  facet normal 0.843382 -0.537314 0
    outer loop
      vertex 138.564 -80 617
      vertex 131.064 -91.7722 619
      vertex 131.064 -91.7722 617
    endloop
  endfacet
  facet normal 0.737276 0.675592 0
    outer loop
      vertex 122.567 102.846 619
      vertex 113.137 113.137 617
      vertex 113.137 113.137 619
    endloop
  endfacet
  facet normal 0.737276 0.675592 0
    outer loop
      vertex 113.137 113.137 617
      vertex 122.567 102.846 619
      vertex 122.567 102.846 617
    endloop
  endfacet
  facet normal 0.923869 -0.382709 0
    outer loop
      vertex 145.009 -67.6189 619
      vertex 150.351 -54.7232 617
      vertex 150.351 -54.7232 619
    endloop
  endfacet
  facet normal 0.923869 -0.382709 0
    outer loop
      vertex 150.351 -54.7232 617
      vertex 145.009 -67.6189 619
      vertex 145.009 -67.6189 617
    endloop
  endfacet
  facet normal 0.461738 0.887016 -0
    outer loop
      vertex 80 138.564 617
      vertex 67.6189 145.009 619
      vertex 80 138.564 619
    endloop
  endfacet
  facet normal 0.461738 0.887016 0
    outer loop
      vertex 67.6189 145.009 619
      vertex 80 138.564 617
      vertex 67.6189 145.009 617
    endloop
  endfacet
  facet normal 0.976298 -0.216433 0
    outer loop
      vertex 154.548 -41.411 619
      vertex 157.569 -27.7837 617
      vertex 157.569 -27.7837 619
    endloop
  endfacet
  facet normal 0.976298 -0.216433 0
    outer loop
      vertex 157.569 -27.7837 617
      vertex 154.548 -41.411 619
      vertex 154.548 -41.411 617
    endloop
  endfacet
  facet normal 0.793361 -0.608751 0
    outer loop
      vertex 122.567 -102.846 619
      vertex 131.064 -91.7722 617
      vertex 131.064 -91.7722 619
    endloop
  endfacet
  facet normal 0.793361 -0.608751 0
    outer loop
      vertex 131.064 -91.7722 617
      vertex 122.567 -102.846 619
      vertex 122.567 -102.846 617
    endloop
  endfacet
  facet normal 0.991444 -0.130532 0
    outer loop
      vertex 157.569 -27.7837 619
      vertex 159.391 -13.9449 617
      vertex 159.391 -13.9449 619
    endloop
  endfacet
  facet normal 0.991444 -0.130532 0
    outer loop
      vertex 159.391 -13.9449 617
      vertex 157.569 -27.7837 619
      vertex 157.569 -27.7837 617
    endloop
  endfacet
  facet normal -0.999048 0.0436303 0
    outer loop
      vertex -160 0 617
      vertex -159.391 13.9449 619
      vertex -159.391 13.9449 617
    endloop
  endfacet
  facet normal -0.999048 0.0436303 0
    outer loop
      vertex -159.391 13.9449 619
      vertex -160 0 617
      vertex -160 0 619
    endloop
  endfacet
  facet normal 0.923869 0.382709 0
    outer loop
      vertex 150.351 54.7232 619
      vertex 145.009 67.6189 617
      vertex 145.009 67.6189 619
    endloop
  endfacet
  facet normal 0.923869 0.382709 0
    outer loop
      vertex 145.009 67.6189 617
      vertex 150.351 54.7232 619
      vertex 150.351 54.7232 617
    endloop
  endfacet
  facet normal 0.216433 0.976298 -0
    outer loop
      vertex 41.411 154.548 617
      vertex 27.7837 157.569 619
      vertex 41.411 154.548 619
    endloop
  endfacet
  facet normal 0.216433 0.976298 0
    outer loop
      vertex 27.7837 157.569 619
      vertex 41.411 154.548 617
      vertex 27.7837 157.569 617
    endloop
  endfacet
  facet normal 0.887016 0.461738 0
    outer loop
      vertex 145.009 67.6189 619
      vertex 138.564 80 617
      vertex 138.564 80 619
    endloop
  endfacet
  facet normal 0.887016 0.461738 0
    outer loop
      vertex 138.564 80 617
      vertex 145.009 67.6189 619
      vertex 145.009 67.6189 617
    endloop
  endfacet
  facet normal 0 0 1
    outer loop
      vertex 159.391 13.9449 619
      vertex 159.391 -13.9449 619
      vertex 160 0 619
    endloop
  endfacet
  facet normal 0 0 1
    outer loop
      vertex 157.569 27.7837 619
      vertex 159.391 -13.9449 619
      vertex 159.391 13.9449 619
    endloop
  endfacet
  facet normal 0 0 1
    outer loop
      vertex 157.569 27.7837 619
      vertex 157.569 -27.7837 619
      vertex 159.391 -13.9449 619
    endloop
  endfacet
  facet normal 0 0 1
    outer loop
      vertex 154.548 41.411 619
      vertex 157.569 -27.7837 619
      vertex 157.569 27.7837 619
    endloop
  endfacet
  facet normal 0 0 1
    outer loop
      vertex 154.548 41.411 619
      vertex 154.548 -41.411 619
      vertex 157.569 -27.7837 619
    endloop
  endfacet
  facet normal 0 0 1
    outer loop
      vertex 150.351 54.7232 619
      vertex 154.548 -41.411 619
      vertex 154.548 41.411 619
    endloop
  endfacet
  facet normal 0 0 1
    outer loop
      vertex 150.351 54.7232 619
      vertex 150.351 -54.7232 619
      vertex 154.548 -41.411 619
    endloop
  endfacet
  facet normal 0 0 1
    outer loop
      vertex 145.009 67.6189 619
      vertex 150.351 -54.7232 619
      vertex 150.351 54.7232 619
    endloop
  endfacet
  facet normal 0 0 1
    outer loop
      vertex 145.009 67.6189 619
      vertex 145.009 -67.6189 619
      vertex 150.351 -54.7232 619
    endloop
  endfacet
  facet normal 0 0 1
    outer loop
      vertex 138.564 80 619
      vertex 145.009 -67.6189 619
      vertex 145.009 67.6189 619
    endloop
  endfacet
  facet normal 0 0 1
    outer loop
      vertex 138.564 80 619
      vertex 138.564 -80 619
      vertex 145.009 -67.6189 619
    endloop
  endfacet
  facet normal 0 0 1
    outer loop
      vertex 131.064 91.7722 619
      vertex 138.564 -80 619
      vertex 138.564 80 619
    endloop
  endfacet
  facet normal 0 0 1
    outer loop
      vertex 131.064 91.7722 619
      vertex 131.064 -91.7722 619
      vertex 138.564 -80 619
    endloop
  endfacet
  facet normal 0 0 1
    outer loop
      vertex 122.567 102.846 619
      vertex 131.064 -91.7722 619
      vertex 131.064 91.7722 619
    endloop
  endfacet
  facet normal 0 0 1
    outer loop
      vertex 122.567 102.846 619
      vertex 122.567 -102.846 619
      vertex 131.064 -91.7722 619
    endloop
  endfacet
  facet normal 0 0 1
    outer loop
      vertex 113.137 113.137 619
      vertex 122.567 -102.846 619
      vertex 122.567 102.846 619
    endloop
  endfacet
  facet normal 0 0 1
    outer loop
      vertex 113.137 113.137 619
      vertex 113.137 -113.137 619
      vertex 122.567 -102.846 619
    endloop
  endfacet
  facet normal 0 0 1
    outer loop
      vertex 102.846 122.567 619
      vertex 113.137 -113.137 619
      vertex 113.137 113.137 619
    endloop
  endfacet
  facet normal 0 0 1
    outer loop
      vertex 102.846 122.567 619
      vertex 102.846 -122.567 619
      vertex 113.137 -113.137 619
    endloop
  endfacet
  facet normal 0 0 1
    outer loop
      vertex 91.7722 131.064 619
      vertex 102.846 -122.567 619
      vertex 102.846 122.567 619
    endloop
  endfacet
  facet normal 0 0 1
    outer loop
      vertex 91.7722 131.064 619
      vertex 91.7722 -131.064 619
      vertex 102.846 -122.567 619
    endloop
  endfacet
  facet normal 0 0 1
    outer loop
      vertex 80 138.564 619
      vertex 91.7722 -131.064 619
      vertex 91.7722 131.064 619
    endloop
  endfacet
  facet normal 0 0 1
    outer loop
      vertex 80 138.564 619
      vertex 80 -138.564 619
      vertex 91.7722 -131.064 619
    endloop
  endfacet
  facet normal 0 0 1
    outer loop
      vertex 67.6189 145.009 619
      vertex 80 -138.564 619
      vertex 80 138.564 619
    endloop
  endfacet
  facet normal 0 0 1
    outer loop
      vertex 67.6189 145.009 619
      vertex 67.6189 -145.009 619
      vertex 80 -138.564 619
    endloop
  endfacet
  facet normal 0 0 1
    outer loop
      vertex 54.7232 150.351 619
      vertex 67.6189 -145.009 619
      vertex 67.6189 145.009 619
    endloop
  endfacet
  facet normal 0 0 1
    outer loop
      vertex 54.7232 150.351 619
      vertex 54.7232 -150.351 619
      vertex 67.6189 -145.009 619
    endloop
  endfacet
  facet normal 0 0 1
    outer loop
      vertex 41.411 154.548 619
      vertex 54.7232 -150.351 619
      vertex 54.7232 150.351 619
    endloop
  endfacet
  facet normal 0 0 1
    outer loop
      vertex 41.411 154.548 619
      vertex 41.411 -154.548 619
      vertex 54.7232 -150.351 619
    endloop
  endfacet
  facet normal 0 0 1
    outer loop
      vertex 27.7837 157.569 619
      vertex 41.411 -154.548 619
      vertex 41.411 154.548 619
    endloop
  endfacet
  facet normal 0 0 1
    outer loop
      vertex 27.7837 157.569 619
      vertex 27.7837 -157.569 619
      vertex 41.411 -154.548 619
    endloop
  endfacet
  facet normal 0 0 1
    outer loop
      vertex 13.9449 159.391 619
      vertex 27.7837 -157.569 619
      vertex 27.7837 157.569 619
    endloop
  endfacet
  facet normal 0 0 1
    outer loop
      vertex 13.9449 159.391 619
      vertex 13.9449 -159.391 619
      vertex 27.7837 -157.569 619
    endloop
  endfacet
  facet normal 0 0 1
    outer loop
      vertex 0 160 619
      vertex 13.9449 -159.391 619
      vertex 13.9449 159.391 619
    endloop
  endfacet
  facet normal 0 0 1
    outer loop
      vertex 0 160 619
      vertex 0 -160 619
      vertex 13.9449 -159.391 619
    endloop
  endfacet
  facet normal -0 0 1
    outer loop
      vertex -13.9449 159.391 619
      vertex 0 -160 619
      vertex 0 160 619
    endloop
  endfacet
  facet normal 0 0 1
    outer loop
      vertex -13.9449 159.391 619
      vertex -13.9449 -159.391 619
      vertex 0 -160 619
    endloop
  endfacet
  facet normal -0 0 1
    outer loop
      vertex -27.7837 157.569 619
      vertex -13.9449 -159.391 619
      vertex -13.9449 159.391 619
    endloop
  endfacet
  facet normal 0 0 1
    outer loop
      vertex -27.7837 157.569 619
      vertex -27.7837 -157.569 619
      vertex -13.9449 -159.391 619
    endloop
  endfacet
  facet normal -0 0 1
    outer loop
      vertex -41.411 154.548 619
      vertex -27.7837 -157.569 619
      vertex -27.7837 157.569 619
    endloop
  endfacet
  facet normal 0 0 1
    outer loop
      vertex -41.411 154.548 619
      vertex -41.411 -154.548 619
      vertex -27.7837 -157.569 619
    endloop
  endfacet
  facet normal -0 0 1
    outer loop
      vertex -54.7232 150.351 619
      vertex -41.411 -154.548 619
      vertex -41.411 154.548 619
    endloop
  endfacet
  facet normal 0 0 1
    outer loop
      vertex -54.7232 150.351 619
      vertex -54.7232 -150.351 619
      vertex -41.411 -154.548 619
    endloop
  endfacet
  facet normal -0 0 1
    outer loop
      vertex -67.6189 145.009 619
      vertex -54.7232 -150.351 619
      vertex -54.7232 150.351 619
    endloop
  endfacet
  facet normal 0 0 1
    outer loop
      vertex -67.6189 145.009 619
      vertex -67.6189 -145.009 619
      vertex -54.7232 -150.351 619
    endloop
  endfacet
  facet normal -0 0 1
    outer loop
      vertex -80 138.564 619
      vertex -67.6189 -145.009 619
      vertex -67.6189 145.009 619
    endloop
  endfacet
  facet normal 0 0 1
    outer loop
      vertex -80 138.564 619
      vertex -80 -138.564 619
      vertex -67.6189 -145.009 619
    endloop
  endfacet
  facet normal -0 0 1
    outer loop
      vertex -91.7722 131.064 619
      vertex -80 -138.564 619
      vertex -80 138.564 619
    endloop
  endfacet
  facet normal 0 0 1
    outer loop
      vertex -91.7722 131.064 619
      vertex -91.7722 -131.064 619
      vertex -80 -138.564 619
    endloop
  endfacet
  facet normal -0 0 1
    outer loop
      vertex -102.846 122.567 619
      vertex -91.7722 -131.064 619
      vertex -91.7722 131.064 619
    endloop
  endfacet
  facet normal 0 0 1
    outer loop
      vertex -102.846 122.567 619
      vertex -102.846 -122.567 619
      vertex -91.7722 -131.064 619
    endloop
  endfacet
  facet normal -0 0 1
    outer loop
      vertex -113.137 113.137 619
      vertex -102.846 -122.567 619
      vertex -102.846 122.567 619
    endloop
  endfacet
  facet normal 0 0 1
    outer loop
      vertex -113.137 113.137 619
      vertex -113.137 -113.137 619
      vertex -102.846 -122.567 619
    endloop
  endfacet
  facet normal -0 0 1
    outer loop
      vertex -122.567 102.846 619
      vertex -113.137 -113.137 619
      vertex -113.137 113.137 619
    endloop
  endfacet
  facet normal 0 0 1
    outer loop
      vertex -122.567 102.846 619
      vertex -122.567 -102.846 619
      vertex -113.137 -113.137 619
    endloop
  endfacet
  facet normal -0 0 1
    outer loop
      vertex -131.064 91.7722 619
      vertex -122.567 -102.846 619
      vertex -122.567 102.846 619
    endloop
  endfacet
  facet normal 0 0 1
    outer loop
      vertex -131.064 91.7722 619
      vertex -131.064 -91.7722 619
      vertex -122.567 -102.846 619
    endloop
  endfacet
  facet normal -0 0 1
    outer loop
      vertex -138.564 80 619
      vertex -131.064 -91.7722 619
      vertex -131.064 91.7722 619
    endloop
  endfacet
  facet normal 0 0 1
    outer loop
      vertex -138.564 80 619
      vertex -138.564 -80 619
      vertex -131.064 -91.7722 619
    endloop
  endfacet
  facet normal -0 0 1
    outer loop
      vertex -145.009 67.6189 619
      vertex -138.564 -80 619
      vertex -138.564 80 619
    endloop
  endfacet
  facet normal 0 0 1
    outer loop
      vertex -145.009 67.6189 619
      vertex -145.009 -67.6189 619
      vertex -138.564 -80 619
    endloop
  endfacet
  facet normal -0 0 1
    outer loop
      vertex -150.351 54.7232 619
      vertex -145.009 -67.6189 619
      vertex -145.009 67.6189 619
    endloop
  endfacet
  facet normal 0 0 1
    outer loop
      vertex -150.351 54.7232 619
      vertex -150.351 -54.7232 619
      vertex -145.009 -67.6189 619
    endloop
  endfacet
  facet normal -0 0 1
    outer loop
      vertex -154.548 41.411 619
      vertex -150.351 -54.7232 619
      vertex -150.351 54.7232 619
    endloop
  endfacet
  facet normal 0 0 1
    outer loop
      vertex -154.548 41.411 619
      vertex -154.548 -41.411 619
      vertex -150.351 -54.7232 619
    endloop
  endfacet
  facet normal -0 0 1
    outer loop
      vertex -157.569 27.7837 619
      vertex -154.548 -41.411 619
      vertex -154.548 41.411 619
    endloop
  endfacet
  facet normal 0 0 1
    outer loop
      vertex -157.569 27.7837 619
      vertex -157.569 -27.7837 619
      vertex -154.548 -41.411 619
    endloop
  endfacet
  facet normal -0 0 1
    outer loop
      vertex -159.391 13.9449 619
      vertex -157.569 -27.7837 619
      vertex -157.569 27.7837 619
    endloop
  endfacet
  facet normal 0 0 1
    outer loop
      vertex -159.391 13.9449 619
      vertex -159.391 -13.9449 619
      vertex -157.569 -27.7837 619
    endloop
  endfacet
  facet normal 0 -0 1
    outer loop
      vertex -159.391 -13.9449 619
      vertex -159.391 13.9449 619
      vertex -160 0 619
    endloop
  endfacet
  facet normal -0.675592 0.737276 0
    outer loop
      vertex -102.846 122.567 617
      vertex -113.137 113.137 619
      vertex -102.846 122.567 619
    endloop
  endfacet
  facet normal -0.675592 0.737276 0
    outer loop
      vertex -113.137 113.137 619
      vertex -102.846 122.567 617
      vertex -113.137 113.137 617
    endloop
  endfacet
  facet normal -0.887016 -0.461738 0
    outer loop
      vertex -138.564 -80 617
      vertex -145.009 -67.6189 619
      vertex -145.009 -67.6189 617
    endloop
  endfacet
  facet normal -0.887016 -0.461738 0
    outer loop
      vertex -145.009 -67.6189 619
      vertex -138.564 -80 617
      vertex -138.564 -80 619
    endloop
  endfacet
  facet normal -0.382709 0.923869 0
    outer loop
      vertex -54.7232 150.351 617
      vertex -67.6189 145.009 619
      vertex -54.7232 150.351 619
    endloop
  endfacet
  facet normal -0.382709 0.923869 0
    outer loop
      vertex -67.6189 145.009 619
      vertex -54.7232 150.351 617
      vertex -67.6189 145.009 617
    endloop
  endfacet
  facet normal -0.999048 -0.0436303 0
    outer loop
      vertex -159.391 -13.9449 617
      vertex -160 0 619
      vertex -160 0 617
    endloop
  endfacet
  facet normal -0.999048 -0.0436303 0
    outer loop
      vertex -160 0 619
      vertex -159.391 -13.9449 617
      vertex -159.391 -13.9449 619
    endloop
  endfacet
  facet normal -0.0436303 0.999048 0
    outer loop
      vertex 0 160 617
      vertex -13.9449 159.391 619
      vertex 0 160 619
    endloop
  endfacet
  facet normal -0.0436303 0.999048 0
    outer loop
      vertex -13.9449 159.391 619
      vertex 0 160 617
      vertex -13.9449 159.391 617
    endloop
  endfacet
  facet normal -0.991444 -0.130532 0
    outer loop
      vertex -157.569 -27.7837 617
      vertex -159.391 -13.9449 619
      vertex -159.391 -13.9449 617
    endloop
  endfacet
  facet normal -0.991444 -0.130532 0
    outer loop
      vertex -159.391 -13.9449 619
      vertex -157.569 -27.7837 617
      vertex -157.569 -27.7837 619
    endloop
  endfacet
  facet normal 0.382709 -0.923869 0
    outer loop
      vertex 54.7232 -150.351 617
      vertex 67.6189 -145.009 619
      vertex 54.7232 -150.351 619
    endloop
  endfacet
  facet normal 0.382709 -0.923869 0
    outer loop
      vertex 67.6189 -145.009 619
      vertex 54.7232 -150.351 617
      vertex 67.6189 -145.009 617
    endloop
  endfacet
  facet normal 0.300685 -0.953724 0
    outer loop
      vertex 41.411 -154.548 617
      vertex 54.7232 -150.351 619
      vertex 41.411 -154.548 619
    endloop
  endfacet
  facet normal 0.300685 -0.953724 0
    outer loop
      vertex 54.7232 -150.351 619
      vertex 41.411 -154.548 617
      vertex 54.7232 -150.351 617
    endloop
  endfacet
  facet normal -0.737276 0.675592 0
    outer loop
      vertex -122.567 102.846 617
      vertex -113.137 113.137 619
      vertex -113.137 113.137 617
    endloop
  endfacet
  facet normal -0.737276 0.675592 0
    outer loop
      vertex -113.137 113.137 619
      vertex -122.567 102.846 617
      vertex -122.567 102.846 619
    endloop
  endfacet
  facet normal -0.737276 -0.675592 0
    outer loop
      vertex -113.137 -113.137 617
      vertex -122.567 -102.846 619
      vertex -122.567 -102.846 617
    endloop
  endfacet
  facet normal -0.737276 -0.675592 0
    outer loop
      vertex -122.567 -102.846 619
      vertex -113.137 -113.137 617
      vertex -113.137 -113.137 619
    endloop
  endfacet
  facet normal 0.0436303 0.999048 -0
    outer loop
      vertex 13.9449 159.391 617
      vertex 0 160 619
      vertex 13.9449 159.391 619
    endloop
  endfacet
  facet normal 0.0436303 0.999048 0
    outer loop
      vertex 0 160 619
      vertex 13.9449 159.391 617
      vertex 0 160 617
    endloop
  endfacet
  facet normal -0.793361 0.608751 0
    outer loop
      vertex -131.064 91.7722 617
      vertex -122.567 102.846 619
      vertex -122.567 102.846 617
    endloop
  endfacet
  facet normal -0.793361 0.608751 0
    outer loop
      vertex -122.567 102.846 619
      vertex -131.064 91.7722 617
      vertex -131.064 91.7722 619
    endloop
  endfacet
  facet normal -0.976298 0.216433 0
    outer loop
      vertex -157.569 27.7837 617
      vertex -154.548 41.411 619
      vertex -154.548 41.411 617
    endloop
  endfacet
  facet normal -0.976298 0.216433 0
    outer loop
      vertex -154.548 41.411 619
      vertex -157.569 27.7837 617
      vertex -157.569 27.7837 619
    endloop
  endfacet
  facet normal 0.300685 0.953724 -0
    outer loop
      vertex 54.7232 150.351 617
      vertex 41.411 154.548 619
      vertex 54.7232 150.351 619
    endloop
  endfacet
  facet normal 0.300685 0.953724 0
    outer loop
      vertex 41.411 154.548 619
      vertex 54.7232 150.351 617
      vertex 41.411 154.548 617
    endloop
  endfacet
  facet normal -0.923869 0.382709 0
    outer loop
      vertex -150.351 54.7232 617
      vertex -145.009 67.6189 619
      vertex -145.009 67.6189 617
    endloop
  endfacet
  facet normal -0.923869 0.382709 0
    outer loop
      vertex -145.009 67.6189 619
      vertex -150.351 54.7232 617
      vertex -150.351 54.7232 619
    endloop
  endfacet
  facet normal -0.953724 0.300685 0
    outer loop
      vertex -154.548 41.411 617
      vertex -150.351 54.7232 619
      vertex -150.351 54.7232 617
    endloop
  endfacet
  facet normal -0.953724 0.300685 0
    outer loop
      vertex -150.351 54.7232 619
      vertex -154.548 41.411 617
      vertex -154.548 41.411 619
    endloop
  endfacet
  facet normal -0.216433 0.976298 0
    outer loop
      vertex -27.7837 157.569 617
      vertex -41.411 154.548 619
      vertex -27.7837 157.569 619
    endloop
  endfacet
  facet normal -0.216433 0.976298 0
    outer loop
      vertex -41.411 154.548 619
      vertex -27.7837 157.569 617
      vertex -41.411 154.548 617
    endloop
  endfacet
  facet normal -0.130532 0.991444 0
    outer loop
      vertex -13.9449 159.391 617
      vertex -27.7837 157.569 619
      vertex -13.9449 159.391 619
    endloop
  endfacet
  facet normal -0.130532 0.991444 0
    outer loop
      vertex -27.7837 157.569 619
      vertex -13.9449 159.391 617
      vertex -27.7837 157.569 617
    endloop
  endfacet
  facet normal -0.843382 -0.537314 0
    outer loop
      vertex -131.064 -91.7722 617
      vertex -138.564 -80 619
      vertex -138.564 -80 617
    endloop
  endfacet
  facet normal -0.843382 -0.537314 0
    outer loop
      vertex -138.564 -80 619
      vertex -131.064 -91.7722 617
      vertex -131.064 -91.7722 619
    endloop
  endfacet
  facet normal -0.0436303 -0.999048 0
    outer loop
      vertex -13.9449 -159.391 617
      vertex 0 -160 619
      vertex -13.9449 -159.391 619
    endloop
  endfacet
  facet normal -0.0436303 -0.999048 -0
    outer loop
      vertex 0 -160 619
      vertex -13.9449 -159.391 617
      vertex 0 -160 617
    endloop
  endfacet
  facet normal -0.608751 -0.793361 0
    outer loop
      vertex -102.846 -122.567 617
      vertex -91.7722 -131.064 619
      vertex -102.846 -122.567 619
    endloop
  endfacet
  facet normal -0.608751 -0.793361 -0
    outer loop
      vertex -91.7722 -131.064 619
      vertex -102.846 -122.567 617
      vertex -91.7722 -131.064 617
    endloop
  endfacet
  facet normal -0.382709 -0.923869 0
    outer loop
      vertex -67.6189 -145.009 617
      vertex -54.7232 -150.351 619
      vertex -67.6189 -145.009 619
    endloop
  endfacet
  facet normal -0.382709 -0.923869 -0
    outer loop
      vertex -54.7232 -150.351 619
      vertex -67.6189 -145.009 617
      vertex -54.7232 -150.351 617
    endloop
  endfacet
  facet normal -0.300685 -0.953724 0
    outer loop
      vertex -54.7232 -150.351 617
      vertex -41.411 -154.548 619
      vertex -54.7232 -150.351 619
    endloop
  endfacet
  facet normal -0.300685 -0.953724 -0
    outer loop
      vertex -41.411 -154.548 619
      vertex -54.7232 -150.351 617
      vertex -41.411 -154.548 617
    endloop
  endfacet
  facet normal 0 0 -1
    outer loop
      vertex 159.391 -13.9449 617
      vertex 159.391 13.9449 617
      vertex 160 0 617
    endloop
  endfacet
  facet normal 0 0 -1
    outer loop
      vertex 157.569 -27.7837 617
      vertex 159.391 13.9449 617
      vertex 159.391 -13.9449 617
    endloop
  endfacet
  facet normal 0 0 -1
    outer loop
      vertex 157.569 -27.7837 617
      vertex 157.569 27.7837 617
      vertex 159.391 13.9449 617
    endloop
  endfacet
  facet normal 0 0 -1
    outer loop
      vertex 154.548 -41.411 617
      vertex 157.569 27.7837 617
      vertex 157.569 -27.7837 617
    endloop
  endfacet
  facet normal 0 0 -1
    outer loop
      vertex 154.548 -41.411 617
      vertex 154.548 41.411 617
      vertex 157.569 27.7837 617
    endloop
  endfacet
  facet normal 0 0 -1
    outer loop
      vertex 150.351 -54.7232 617
      vertex 154.548 41.411 617
      vertex 154.548 -41.411 617
    endloop
  endfacet
  facet normal 0 0 -1
    outer loop
      vertex 150.351 -54.7232 617
      vertex 150.351 54.7232 617
      vertex 154.548 41.411 617
    endloop
  endfacet
  facet normal 0 0 -1
    outer loop
      vertex 145.009 -67.6189 617
      vertex 150.351 54.7232 617
      vertex 150.351 -54.7232 617
    endloop
  endfacet
  facet normal 0 0 -1
    outer loop
      vertex 145.009 -67.6189 617
      vertex 145.009 67.6189 617
      vertex 150.351 54.7232 617
    endloop
  endfacet
  facet normal 0 0 -1
    outer loop
      vertex 138.564 -80 617
      vertex 145.009 67.6189 617
      vertex 145.009 -67.6189 617
    endloop
  endfacet
  facet normal 0 0 -1
    outer loop
      vertex 138.564 -80 617
      vertex 138.564 80 617
      vertex 145.009 67.6189 617
    endloop
  endfacet
  facet normal 0 0 -1
    outer loop
      vertex 131.064 -91.7722 617
      vertex 138.564 80 617
      vertex 138.564 -80 617
    endloop
  endfacet
  facet normal 0 0 -1
    outer loop
      vertex 131.064 -91.7722 617
      vertex 131.064 91.7722 617
      vertex 138.564 80 617
    endloop
  endfacet
  facet normal 0 0 -1
    outer loop
      vertex 122.567 -102.846 617
      vertex 131.064 91.7722 617
      vertex 131.064 -91.7722 617
    endloop
  endfacet
  facet normal 0 0 -1
    outer loop
      vertex 122.567 -102.846 617
      vertex 122.567 102.846 617
      vertex 131.064 91.7722 617
    endloop
  endfacet
  facet normal 0 0 -1
    outer loop
      vertex 113.137 -113.137 617
      vertex 122.567 102.846 617
      vertex 122.567 -102.846 617
    endloop
  endfacet
  facet normal 0 0 -1
    outer loop
      vertex 113.137 -113.137 617
      vertex 113.137 113.137 617
      vertex 122.567 102.846 617
    endloop
  endfacet
  facet normal 0 0 -1
    outer loop
      vertex 102.846 -122.567 617
      vertex 113.137 113.137 617
      vertex 113.137 -113.137 617
    endloop
  endfacet
  facet normal 0 0 -1
    outer loop
      vertex 102.846 -122.567 617
      vertex 102.846 122.567 617
      vertex 113.137 113.137 617
    endloop
  endfacet
  facet normal 0 0 -1
    outer loop
      vertex 91.7722 -131.064 617
      vertex 102.846 122.567 617
      vertex 102.846 -122.567 617
    endloop
  endfacet
  facet normal 0 0 -1
    outer loop
      vertex 91.7722 -131.064 617
      vertex 91.7722 131.064 617
      vertex 102.846 122.567 617
    endloop
  endfacet
  facet normal 0 0 -1
    outer loop
      vertex 80 -138.564 617
      vertex 91.7722 131.064 617
      vertex 91.7722 -131.064 617
    endloop
  endfacet
  facet normal 0 0 -1
    outer loop
      vertex 80 -138.564 617
      vertex 80 138.564 617
      vertex 91.7722 131.064 617
    endloop
  endfacet
  facet normal 0 0 -1
    outer loop
      vertex 67.6189 -145.009 617
      vertex 80 138.564 617
      vertex 80 -138.564 617
    endloop
  endfacet
  facet normal 0 0 -1
    outer loop
      vertex 67.6189 -145.009 617
      vertex 67.6189 145.009 617
      vertex 80 138.564 617
    endloop
  endfacet
  facet normal 0 0 -1
    outer loop
      vertex 54.7232 -150.351 617
      vertex 67.6189 145.009 617
      vertex 67.6189 -145.009 617
    endloop
  endfacet
  facet normal 0 0 -1
    outer loop
      vertex 54.7232 -150.351 617
      vertex 54.7232 150.351 617
      vertex 67.6189 145.009 617
    endloop
  endfacet
  facet normal 0 0 -1
    outer loop
      vertex 41.411 -154.548 617
      vertex 54.7232 150.351 617
      vertex 54.7232 -150.351 617
    endloop
  endfacet
  facet normal 0 0 -1
    outer loop
      vertex 41.411 -154.548 617
      vertex 41.411 154.548 617
      vertex 54.7232 150.351 617
    endloop
  endfacet
  facet normal 0 0 -1
    outer loop
      vertex 27.7837 -157.569 617
      vertex 41.411 154.548 617
      vertex 41.411 -154.548 617
    endloop
  endfacet
  facet normal 0 0 -1
    outer loop
      vertex 27.7837 -157.569 617
      vertex 27.7837 157.569 617
      vertex 41.411 154.548 617
    endloop
  endfacet
  facet normal 0 0 -1
    outer loop
      vertex 13.9449 -159.391 617
      vertex 27.7837 157.569 617
      vertex 27.7837 -157.569 617
    endloop
  endfacet
  facet normal 0 0 -1
    outer loop
      vertex 13.9449 -159.391 617
      vertex 13.9449 159.391 617
      vertex 27.7837 157.569 617
    endloop
  endfacet
  facet normal 0 0 -1
    outer loop
      vertex 0 -160 617
      vertex 13.9449 159.391 617
      vertex 13.9449 -159.391 617
    endloop
  endfacet
  facet normal 0 0 -1
    outer loop
      vertex 0 -160 617
      vertex 0 160 617
      vertex 13.9449 159.391 617
    endloop
  endfacet
  facet normal 0 0 -1
    outer loop
      vertex -13.9449 -159.391 617
      vertex 0 160 617
      vertex 0 -160 617
    endloop
  endfacet
  facet normal 0 0 -1
    outer loop
      vertex -13.9449 -159.391 617
      vertex -13.9449 159.391 617
      vertex 0 160 617
    endloop
  endfacet
  facet normal 0 0 -1
    outer loop
      vertex -27.7837 -157.569 617
      vertex -13.9449 159.391 617
      vertex -13.9449 -159.391 617
    endloop
  endfacet
  facet normal 0 0 -1
    outer loop
      vertex -27.7837 -157.569 617
      vertex -27.7837 157.569 617
      vertex -13.9449 159.391 617
    endloop
  endfacet
  facet normal 0 0 -1
    outer loop
      vertex -41.411 -154.548 617
      vertex -27.7837 157.569 617
      vertex -27.7837 -157.569 617
    endloop
  endfacet
  facet normal 0 0 -1
    outer loop
      vertex -41.411 -154.548 617
      vertex -41.411 154.548 617
      vertex -27.7837 157.569 617
    endloop
  endfacet
  facet normal 0 0 -1
    outer loop
      vertex -54.7232 -150.351 617
      vertex -41.411 154.548 617
      vertex -41.411 -154.548 617
    endloop
  endfacet
  facet normal 0 0 -1
    outer loop
      vertex -54.7232 -150.351 617
      vertex -54.7232 150.351 617
      vertex -41.411 154.548 617
    endloop
  endfacet
  facet normal 0 0 -1
    outer loop
      vertex -67.6189 -145.009 617
      vertex -54.7232 150.351 617
      vertex -54.7232 -150.351 617
    endloop
  endfacet
  facet normal 0 0 -1
    outer loop
      vertex -67.6189 -145.009 617
      vertex -67.6189 145.009 617
      vertex -54.7232 150.351 617
    endloop
  endfacet
  facet normal 0 0 -1
    outer loop
      vertex -80 -138.564 617
      vertex -67.6189 145.009 617
      vertex -67.6189 -145.009 617
    endloop
  endfacet
  facet normal 0 0 -1
    outer loop
      vertex -80 -138.564 617
      vertex -80 138.564 617
      vertex -67.6189 145.009 617
    endloop
  endfacet
  facet normal 0 0 -1
    outer loop
      vertex -91.7722 -131.064 617
      vertex -80 138.564 617
      vertex -80 -138.564 617
    endloop
  endfacet
  facet normal 0 0 -1
    outer loop
      vertex -91.7722 -131.064 617
      vertex -91.7722 131.064 617
      vertex -80 138.564 617
    endloop
  endfacet
  facet normal 0 0 -1
    outer loop
      vertex -102.846 -122.567 617
      vertex -91.7722 131.064 617
      vertex -91.7722 -131.064 617
    endloop
  endfacet
  facet normal 0 0 -1
    outer loop
      vertex -102.846 -122.567 617
      vertex -102.846 122.567 617
      vertex -91.7722 131.064 617
    endloop
  endfacet
  facet normal 0 0 -1
    outer loop
      vertex -113.137 -113.137 617
      vertex -102.846 122.567 617
      vertex -102.846 -122.567 617
    endloop
  endfacet
  facet normal 0 0 -1
    outer loop
      vertex -113.137 -113.137 617
      vertex -113.137 113.137 617
      vertex -102.846 122.567 617
    endloop
  endfacet
  facet normal 0 0 -1
    outer loop
      vertex -122.567 -102.846 617
      vertex -113.137 113.137 617
      vertex -113.137 -113.137 617
    endloop
  endfacet
  facet normal 0 0 -1
    outer loop
      vertex -122.567 -102.846 617
      vertex -122.567 102.846 617
      vertex -113.137 113.137 617
    endloop
  endfacet
  facet normal 0 0 -1
    outer loop
      vertex -131.064 -91.7722 617
      vertex -122.567 102.846 617
      vertex -122.567 -102.846 617
    endloop
  endfacet
  facet normal 0 0 -1
    outer loop
      vertex -131.064 -91.7722 617
      vertex -131.064 91.7722 617
      vertex -122.567 102.846 617
    endloop
  endfacet
  facet normal 0 0 -1
    outer loop
      vertex -138.564 -80 617
      vertex -131.064 91.7722 617
      vertex -131.064 -91.7722 617
    endloop
  endfacet
  facet normal 0 0 -1
    outer loop
      vertex -138.564 -80 617
      vertex -138.564 80 617
      vertex -131.064 91.7722 617
    endloop
  endfacet
  facet normal 0 0 -1
    outer loop
      vertex -145.009 -67.6189 617
      vertex -138.564 80 617
      vertex -138.564 -80 617
    endloop
  endfacet
  facet normal 0 0 -1
    outer loop
      vertex -145.009 -67.6189 617
      vertex -145.009 67.6189 617
      vertex -138.564 80 617
    endloop
  endfacet
  facet normal 0 0 -1
    outer loop
      vertex -150.351 -54.7232 617
      vertex -145.009 67.6189 617
      vertex -145.009 -67.6189 617
    endloop
  endfacet
  facet normal 0 0 -1
    outer loop
      vertex -150.351 -54.7232 617
      vertex -150.351 54.7232 617
      vertex -145.009 67.6189 617
    endloop
  endfacet
  facet normal 0 0 -1
    outer loop
      vertex -154.548 -41.411 617
      vertex -150.351 54.7232 617
      vertex -150.351 -54.7232 617
    endloop
  endfacet
  facet normal 0 0 -1
    outer loop
      vertex -154.548 -41.411 617
      vertex -154.548 41.411 617
      vertex -150.351 54.7232 617
    endloop
  endfacet
  facet normal 0 0 -1
    outer loop
      vertex -157.569 -27.7837 617
      vertex -154.548 41.411 617
      vertex -154.548 -41.411 617
    endloop
  endfacet
  facet normal 0 0 -1
    outer loop
      vertex -157.569 -27.7837 617
      vertex -157.569 27.7837 617
      vertex -154.548 41.411 617
    endloop
  endfacet
  facet normal 0 0 -1
    outer loop
      vertex -159.391 -13.9449 617
      vertex -157.569 27.7837 617
      vertex -157.569 -27.7837 617
    endloop
  endfacet
  facet normal 0 0 -1
    outer loop
      vertex -159.391 -13.9449 617
      vertex -159.391 13.9449 617
      vertex -157.569 27.7837 617
    endloop
  endfacet
  facet normal 0 -0 -1
    outer loop
      vertex -159.391 13.9449 617
      vertex -159.391 -13.9449 617
      vertex -160 0 617
    endloop
  endfacet
  facet normal -0.843382 0.537314 0
    outer loop
      vertex -138.564 80 617
      vertex -131.064 91.7722 619
      vertex -131.064 91.7722 617
    endloop
  endfacet
  facet normal -0.843382 0.537314 0
    outer loop
      vertex -131.064 91.7722 619
      vertex -138.564 80 617
      vertex -138.564 80 619
    endloop
  endfacet
  facet normal 0.675592 -0.737276 0
    outer loop
      vertex 102.846 -122.567 617
      vertex 113.137 -113.137 619
      vertex 102.846 -122.567 619
    endloop
  endfacet
  facet normal 0.675592 -0.737276 0
    outer loop
      vertex 113.137 -113.137 619
      vertex 102.846 -122.567 617
      vertex 113.137 -113.137 617
    endloop
  endfacet
  facet normal 0.130532 0.991444 -0
    outer loop
      vertex 27.7837 157.569 617
      vertex 13.9449 159.391 619
      vertex 27.7837 157.569 619
    endloop
  endfacet
  facet normal 0.130532 0.991444 0
    outer loop
      vertex 13.9449 159.391 619
      vertex 27.7837 157.569 617
      vertex 13.9449 159.391 617
    endloop
  endfacet
  facet normal -0.991444 0.130532 0
    outer loop
      vertex -159.391 13.9449 617
      vertex -157.569 27.7837 619
      vertex -157.569 27.7837 617
    endloop
  endfacet
  facet normal -0.991444 0.130532 0
    outer loop
      vertex -157.569 27.7837 619
      vertex -159.391 13.9449 617
      vertex -159.391 13.9449 619
    endloop
  endfacet
endsolid OpenSCAD_Model
